{"0":{"0":[0,0,0,1,1.0],"1":[0,0,0,1,1.0],"2":[0,0,0,1,1.0],"3":[0,0,0,1,1.0],"4":[0,0,0,1,1.0],"5":[0,0,0,1,1.0],"6":[0,0,0,1,0.9795918367],"7":[0,0,0,1,0.9508928571],"8":[0,0,0,1,0.9193121693],"9":[0,0,0,1,0.8873809524],"10":[0,0,0,1,0.8562967336],"11":[0,0,0,1,0.8266053391],"12":[0,0,0,1,0.7985232716],"13":[0,0,0,1,0.77209814],"14":[0,0,0,1,0.7472915973],"15":[0,0,0,1,0.7240233725],"16":[0,0,0,1,0.702195008],"17":[0,0,0,1,0.6847891125],"18":[0,0,0,1,0.6709082451],"19":[0,0,0,1,0.6598628328],"20":[0,0,0,1,0.6511165301],"21":[0,0,0,1,0.6442475969],"22":[0,0,0,1,0.6389211419],"23":[0,0,0,1,0.6348688721],"24":[0,0,0,1,0.6318741172],"25":[0,0,0,1,0.6297606156],"26":[0,0,0,1,0.6283840222],"27":[0,0,0,1,0.6276254092],"28":[0,0,0,1,0.6273862452],"29":[0,0,0,1,0.6264733704],"30":[0,0,0,1,0.6249950411],"31":[0,0,0,1,0.623042071],"32":[0,0,0,1,0.6206909339],"33":[0,0,0,1,0.6180062524],"34":[0,0,0,1,0.6150428085],"35":[0,0,0,1,0.6118471749],"36":[0,0,0,1,0.6084590482],"37":[0,0,0,1,0.604912342],"38":[0,0,0,1,0.6012360886],"39":[0,0,0,1,0.5974551864],"40":[0,0,0,1,0.5941859046],"41":[0,0,0,1,0.5913764897],"42":[0,0,0,1,0.5889810386],"43":[0,0,0,1,0.5869587423],"44":[0,0,0,1,0.5852732393],"45":[0,0,0,1,0.5838920631],"46":[0,0,0,1,0.5827861658],"47":[0,0,0,1,0.5819295096],"48":[0,0,0,1,0.5812987116],"49":[0,0,0,1,0.5808727374],"50":[0,0,0,1,0.5806326337],"51":[0,0,0,1,0.5801914736],"52":[0,0,0,1,0.5795684234],"53":[0,0,0,1,0.5787808051],"54":[0,0,0,1,0.5778442946],"55":[0,0,0,1,0.5767730955],"56":[0,0,0,1,0.5755800926],"57":[0,0,0,1,0.5742769875],"58":[0,0,0,1,0.5728744186],"59":[0,0,0,1,0.5713820672],"60":[0,0,0,1,0.569808752],"61":[0,0,0,1,0.568162513],"62":[0,0,0,0,0.0002519526],"63":[0,0,0,0,0.0004921565],"64":[0,0,0,0,0.0007212713],"65":[0,0,0,0,0.0009399113],"66":[0,0,0,0,0.0011486495],"67":[0,0,0,0,0.0013480206],"68":[0,0,0,0,0.001538524],"69":[0,0,0,0,0.0017206267],"70":[0,0,0,0,0.0018947659],"71":[0,0,0,0,0.0020613509],"72":[0,0,0,0,0.0022207657],"73":[0,0,0,0,0.0023733704],"74":[0,0,0,0,0.0025195032],"75":[0,0,0,0,0.0026594821],"76":[0,0,0,0,0.0027936058],"77":[0,0,0,0,0.0029221559],"78":[0,0,0,0,0.0030453974],"79":[0,0,0,0,0.0031635799],"80":[0,0,0,0,0.0032769391],"81":[0,0,0,0,0.0033856975],"82":[0,0,0,0,0.0034900649],"83":[0,0,0,0,0.0035902398],"84":[0,0,0,0,0.00368641],"85":[0,0,0,0,0.003778753],"86":[0,0,0,0,0.0038674369],"87":[0,0,0,0,0.003952621],"88":[0,0,0,0,0.0040344562],"89":[0,0,0,0,0.0041130857],"90":[0,0,0,0,0.0041886453],"91":[0,0,0,0,0.004261264],"92":[0,0,0,0,0.0043310643],"93":[0,0,0,0,0.0043981625],"94":[0,0,0,0,0.0044626694],"95":[0,0,0,0,0.0045246902],"96":[0,0,0,0,0.0045843251],"97":[0,0,0,0,0.0046416696],"98":[0,0,0,0,0.0046968144],"99":[0,0,0,0,0.0047498463],"100":[0,0,0,0,0.0048008477],"101":[0,0,0,0,0.0048498975],"102":[0,0,0,0,0.0048970707],"103":[0,0,0,0,0.0049424391],"104":[0,0,0,0,0.0049860712],"105":[0,0,0,0,0.0050280324],"106":[0,0,0,0,0.0050683853],"107":[0,0,0,0,0.0051071897],"108":[0,0,0,0,0.0051445028],"109":[0,0,0,0,0.0051803792],"110":[0,0,0,0,0.0052148713],"111":[0,0,0,0,0.0052480294],"112":[0,0,0,0,0.0052799013],"113":[0,0,0,0,0.0053105331],"114":[0,0,0,0,0.005339969],"115":[0,0,0,0,0.005368251],"116":[0,0,0,0,0.0053954199],"117":[0,0,0,0,0.0054215144],"118":[0,0,0,0,0.005446572],"119":[0,0,0,0,0.0054706283],"120":[0,0,0,0,0.0054937179],"121":[0,0,0,0,0.0055158736],"122":[0,0,0,0,0.0055371274],"123":[0,0,0,0,0.0055575095],"124":[0,0,0,0,0.0055770494],"125":[0,0,0,0,0.0055957753],"126":[0,0,0,0,0.0056137142],"127":[0,0,0,0,0.0056308922],"128":[0,0,0,0,0.0056473344],"129":[0,0,0,0,0.005663065],"130":[0,0,0,0,0.0056781072],"131":[0,0,0,0,0.0056924833],"132":[0,0,0,0,0.005706215],"133":[0,0,0,0,0.005719323],"134":[0,0,0,0,0.0057318273],"135":[0,0,0,0,0.0057437473],"136":[0,0,0,0,0.0057551014],"137":[0,0,0,0,0.0057659078],"138":[0,0,0,0,0.0057761836],"139":[0,0,0,0,0.0057859455],"140":[0,0,0,0,0.0057952098],"141":[0,0,0,0,0.0058039918],"142":[0,0,0,0,0.0058123065],"143":[0,0,0,0,0.0058201686],"144":[0,0,0,0,0.0058275919],"145":[0,0,0,0,0.00583459],"146":[0,0,0,0,0.005841176],"147":[0,0,0,0,0.0058473623],"148":[0,0,0,0,0.0058531613],"149":[0,0,0,0,0.0058585847],"150":[0,0,0,0,0.0058636438],"151":[0,0,0,0,0.0058683498],"152":[0,0,0,0,0.0058727132],"153":[0,0,0,0,0.0058767443],"154":[0,0,0,0,0.0058804531],"155":[0,0,0,0,0.0058838493],"156":[0,0,0,0,0.0058869421],"157":[0,0,0,0,0.0058897407],"158":[0,0,0,0,0.0058922537],"159":[0,0,0,0,0.0058944896],"160":[0,0,0,0,0.0058964566],"161":[0,0,0,0,0.0058981627],"162":[0,0,0,0,0.0058996155],"163":[0,0,0,0,0.0059008225],"164":[0,0,0,0,0.0059017909],"165":[0,0,0,0,0.0059025276],"166":[0,0,0,0,0.0059030396],"167":[0,0,0,0,0.0059033333],"168":[0,0,0,0,0.0059034151],"169":[0,0,0,0,0.0059032912],"170":[0,0,0,0,0.0059029676],"171":[0,0,0,0,0.0059024501],"172":[0,0,0,0,0.0059017443],"173":[0,0,0,0,0.0059008557],"174":[0,0,0,0,0.0058997896],"175":[0,0,0,0,0.0058985511],"176":[0,0,0,0,0.0058971452],"177":[0,0,0,0,0.0058955769],"178":[0,0,0,0,0.0058938507],"179":[0,0,0,0,0.0058919713]},"1":{"0":null,"1":null,"2":null,"3":null,"4":null,"5":null,"6":[0,0,0,2,0.0204081633],"7":[0,0,0,2,0.0491071429],"8":[0,0,0,2,0.0806878307],"9":[0,0,0,2,0.1126190476],"10":[0,0,0,2,0.1437032664],"11":[0,0,0,2,0.1733946609],"12":[0,0,0,2,0.2014767284],"13":[0,0,0,2,0.22790186],"14":[0,0,0,2,0.2527084027],"15":[0,0,0,2,0.2759766275],"16":[0,0,0,2,0.297804992],"17":[0,0,0,2,0.3152108875],"18":[0,0,0,2,0.3290917549],"19":[0,0,0,2,0.3401371672],"20":[0,0,0,2,0.3488834699],"21":[0,0,0,2,0.3557524031],"22":[0,0,0,2,0.3610788581],"23":[0,0,0,2,0.3651311279],"24":[0,0,0,2,0.3681258828],"25":[0,0,0,2,0.3702393844],"26":[0,0,0,2,0.3716159778],"27":[0,0,0,2,0.3723745908],"28":[0,0,0,2,0.3726137548],"29":[0,0,0,2,0.3735266296],"30":[0,0,0,2,0.3750049589],"31":[0,0,0,2,0.376957929],"32":[0,0,0,2,0.3793090661],"33":[0,0,0,2,0.3819937476],"34":[0,0,0,2,0.3849571915],"35":[0,0,0,2,0.3881528251],"36":[0,0,0,2,0.3915409518],"37":[0,0,0,2,0.395087658],"38":[0,0,0,2,0.3987639114],"39":[0,0,0,2,0.4025448136],"40":[0,0,0,2,0.4058140954],"41":[0,0,0,2,0.4086235103],"42":[0,0,0,2,0.4110189614],"43":[0,0,0,2,0.4130412577],"44":[0,0,0,2,0.4147267607],"45":[0,0,0,2,0.4161079369],"46":[0,0,0,2,0.4172138342],"47":[0,0,0,2,0.4180704904],"48":[0,0,0,2,0.4187012884],"49":[0,0,0,2,0.4191272626],"50":[0,0,0,2,0.4193673663],"51":[0,0,0,2,0.4198085264],"52":[0,0,0,2,0.4204315766],"53":[0,0,0,2,0.4212191949],"54":[0,0,0,2,0.4221557054],"55":[0,0,0,2,0.4232269045],"56":[0,0,0,2,0.4244199074],"57":[0,0,0,2,0.4257230125],"58":[0,0,0,2,0.4271255814],"59":[0,0,0,2,0.4286179328],"60":[0,0,0,2,0.430191248],"61":[0,0,0,2,0.431837487],"62":[0,0,0,1,0.5664506867],"63":[0,0,0,1,0.5649241135],"64":[0,0,0,1,0.5635702514],"65":[0,0,0,1,0.5623774974],"66":[0,0,0,1,0.5613351066],"67":[0,0,0,1,0.5604331197],"68":[0,0,0,1,0.5596622973],"69":[0,0,0,1,0.5590140604],"70":[0,0,0,1,0.5584804365],"71":[0,0,0,1,0.5580540107],"72":[0,0,0,1,0.5577278814],"73":[0,0,0,1,0.5574956201],"74":[0,0,0,1,0.5571734563],"75":[0,0,0,1,0.5567674343],"76":[0,0,0,1,0.5562831887],"77":[0,0,0,1,0.5557259749],"78":[0,0,0,1,0.5551006982],"79":[0,0,0,1,0.5544119394],"80":[0,0,0,1,0.5536639792],"81":[0,0,0,1,0.5528608194],"82":[0,0,0,1,0.5520062037],"83":[0,0,0,1,0.5511036355],"84":[0,0,0,1,0.5501563955],"85":[0,0,0,1,0.5493027651],"86":[0,0,0,1,0.5485378899],"87":[0,0,0,1,0.5478571907],"88":[0,0,0,1,0.5472563462],"89":[0,0,0,1,0.5467312756],"90":[0,0,0,1,0.5462781243],"91":[0,0,0,1,0.5458932487],"92":[0,0,0,1,0.5455732033],"93":[0,0,0,1,0.5453147288],"94":[0,0,0,1,0.54511474],"95":[0,0,0,1,0.5449703156],"96":[0,0,0,1,0.5447724071],"97":[0,0,0,1,0.5445237924],"98":[0,0,0,1,0.5442271027],"99":[0,0,0,1,0.5438848317],"100":[0,0,0,1,0.5434993432],"101":[0,0,0,1,0.5430728791],"102":[0,0,0,1,0.542607566],"103":[0,0,0,1,0.5421054222],"104":[0,0,0,1,0.5415683638],"105":[0,0,0,1,0.5409982101],"106":[0,0,0,1,0.5403966896],"107":[0,0,0,1,0.5397654445],"108":[0,0,0,1,0.5391902039],