{"0":{"0":[0,0,0,1,1.0],"1":[0,0,0,1,1.0],"2":[0,0,0,1,1.0],"3":[0,0,0,1,1.0],"4":[0,0,0,1,1.0],"5":[0,0,0,1,1.0],"6":[0,0,0,1,1.0],"7":[0,0,0,1,1.0],"8":[0,0,0,1,1.0],"9":[0,0,0,1,0.99],"10":[0,0,0,1,0.9743801653],"11":[0,0,0,1,0.9556818182],"12":[0,0,0,1,0.93542227],"13":[0,0,0,1,0.914524761],"14":[0,0,0,1,0.8935564436],"15":[0,0,0,1,0.8728654158],"16":[0,0,0,1,0.8561224675],"17":[0,0,0,1,0.8425107255],"18":[0,0,0,1,0.8314090529],"19":[0,0,0,1,0.8223386003],"20":[0,0,0,1,0.8149256511],"21":[0,0,0,1,0.8088753116],"22":[0,0,0,1,0.8039525664],"23":[0,0,0,1,0.7999684317],"24":[0,0,0,1,0.7967696945],"25":[0,0,0,1,0.7942312151],"26":[0,0,0,1,0.7922500864],"27":[0,0,0,1,0.7907411548],"28":[0,0,0,1,0.7896335525],"29":[0,0,0,1,0.7877568785],"30":[0,0,0,1,0.7852381863],"31":[0,0,0,1,0.782183868],"32":[0,0,0,1,0.7786833467],"33":[0,0,0,1,0.7748120372],"34":[0,0,0,1,0.7706337341],"35":[0,0,0,1,0.7662025502],"36":[0,0,0,1,0.7615644973],"37":[0,0,0,1,0.7574513042],"38":[0,0,0,1,0.7538085685],"39":[0,0,0,1,0.7505883543],"40":[0,0,0,1,0.7477483052],"41":[0,0,0,1,0.7452508966],"42":[0,0,0,1,0.7430628011],"43":[0,0,0,1,0.741154349],"44":[0,0,0,1,0.73900524],"45":[0,0,0,1,0.7366450127],"46":[0,0,0,1,0.7340998268],"47":[0,0,0,1,0.731392886],"48":[0,0,0,1,0.7285448013],"49":[0,0,0,1,0.7255739052],"50":[0,0,0,1,0.7224965238],"51":[0,0,0,1,0.7193272119],"52":[0,0,0,1,0.7160789591],"53":[0,0,0,1,0.712763368],"54":[0,0,0,1,0.7093908108],"55":[0,0,0,1,0.7059705668],"56":[0,0,0,1,0.7025109416],"57":[0,0,0,1,0.6990193736],"58":[0,0,0,1,0.695502527],"59":[0,0,0,1,0.6922441516],"60":[0,0,0,1,0.6892269806],"61":[0,0,0,1,0.6864350782],"62":[0,0,0,1,0.6838537202],"63":[0,0,0,1,0.681469287],"64":[0,0,0,1,0.6792691678],"65":[0,0,0,1,0.6770121051],"66":[0,0,0,1,0.6747042836],"67":[0,0,0,1,0.6723513659],"68":[0,0,0,1,0.66995854],"69":[0,0,0,1,0.6675305608],"70":[0,0,0,1,0.6650717888],"71":[0,0,0,1,0.6625862238],"72":[0,0,0,1,0.6600775366],"73":[0,0,0,1,0.6575490965],"74":[0,0,0,1,0.6550039975],"75":[0,0,0,1,0.6524450806],"76":[0,0,0,1,0.6498749556],"77":[0,0,0,1,0.6472960196],"78":[0,0,0,1,0.6447104747],"79":[0,0,0,1,0.6421203438],"80":[0,0,0,1,0.6396799006],"81":[0,0,0,1,0.6373816032],"82":[0,0,0,1,0.6352183468],"83":[0,0,0,1,0.6331834345],"84":[0,0,0,1,0.6312705498],"85":[0,0,0,1,0.6294737316],"86":[0,0,0,1,0.6277873511],"87":[0,0,0,1,0.6260769576],"88":[0,0,0,1,0.6243447459],"89":[0,0,0,1,0.6225927672],"90":[0,0,0,1,0.6208229397],"91":[0,0,0,1,0.6190370571],"92":[0,0,0,1,0.6172367973],"93":[0,0,0,1,0.6154237305],"94":[0,0,0,1,0.6135993255],"95":[0,0,0,1,0.6117649576],"96":[0,0,0,1,0.6099219136],"97":[0,0,0,1,0.6080713984],"98":[0,0,0,1,0.6062145401],"99":[0,0,0,1,0.6044523947],"100":[0,0,0,1,0.6027810201],"101":[0,0,0,1,0.6011966618],"102":[0,0,0,1,0.5996957422],"103":[0,0,0,1,0.5982748512],"104":[0,0,0,1,0.596930737],"105":[0,0,0,1,0.5956602975],"106":[0,0,0,1,0.5944605724],"107":[0,0,0,1,0.5933287359],"108":[0,0,0,1,0.5922620889],"109":[0,0,0,1,0.5911754088],"110":[0,0,0,1,0.5900699409],"111":[0,0,0,1,0.5889468674],"112":[0,0,0,1,0.587807311],"113":[0,0,0,1,0.5866523376],"114":[0,0,0,1,0.58548296],"115":[0,0,0,1,0.5843744565],"116":[0,0,0,1,0.5833245762],"117":[0,0,0,1,0.582331162],"118":[0,0,0,1,0.5813921458],"119":[0,0,0,1,0.5805055446],"120":[0,0,0,1,0.5796694561],"121":[0,0,0,1,0.5788820553],"122":[0,0,0,1,0.5781415905],"123":[0,0,0,1,0.5774463799],"124":[0,0,0,1,0.5767948089],"125":[0,0,0,1,0.5761853263],"126":[0,0,0,1,0.5756164419],"127":[0,0,0,1,0.5750867236],"128":[0,0,0,1,0.5745947948],"129":[0,0,0,1,0.5741393318],"130":[0,0,0,1,0.5736607902],"131":[0,0,0,1,0.5731601461],"132":[0,0,0,1,0.5726383359],"133":[0,0,0,1,0.5720962588],"134":[0,0,0,1,0.5715347776],"135":[0,0,0,1,0.5709547208],"136":[0,0,0,1,0.5704101635],"137":[0,0,0,1,0.5698999449],"138":[0,0,0,1,0.5694229462],"139":[0,0,0,1,0.5689780884],"140":[0,0,0,1,0.568564331],"141":[0,0,0,1,0.5681806703],"142":[0,0,0,1,0.5678261378],"143":[0,0,0,1,0.5674997988],"144":[0,0,0,1,0.5672007515],"145":[0,0,0,1,0.5669281248],"146":[0,0,0,1,0.566681078],"147":[0,0,0,1,0.566458799],"148":[0,0,0,1,0.5662605034],"149":[0,0,0,1,0.5660854334],"150":[0,0,0,1,0.5659328567],"151":[0,0,0,1,0.5657587832],"152":[0,0,0,1,0.5655639396],"153":[0,0,0,1,0.5653490279],"154":[0,0,0,1,0.5651147261],"155":[0,0,0,1,0.5648616896],"156":[0,0,0,1,0.5645905514],"157":[0,0,0,1,0.5643019235],"158":[0,0,0,1,0.5640359528],"159":[0,0,0,1,0.5637919781],"160":[0,0,0,1,0.563569359],"161":[0,0,0,1,0.5633674753],"162":[0,0,0,1,0.5631857259],"163":[0,0,0,1,0.5630235286],"164":[0,0,0,1,0.562880319],"165":[0,0,0,1,0.5627555501],"166":[0,0,0,1,0.5626128351],"167":[0,0,0,1,0.5624527247],"168":[0,0,0,1,0.5622757522],"169":[0,0,0,1,0.5620824347],"170":[0,0,0,1,0.561873273],"171":[0,0,0,1,0.5616487529],"172":[0,0,0,1,0.5614093451],"173":[0,0,0,1,0.5611555063],"174":[0,0,0,1,0.5608876789],"175":[0,0,0,1,0.5606062923],"176":[0,0,0,1,0.5603117628],"177":[0,0,0,1,0.5600044943],"178":[0,0,0,1,0.5596848787],"179":[0,0,0,1,0.5593532961]},"1":{"0":null,"1":null,"2":null,"3":null,"4":null,"5":null,"6":null,"7":null,"8":null,"9":[0,0,0,2,0.01],"10":[0,0,0,2,0.0256198347],"11":[0,0,0,2,0.0443181818],"12":[0,0,0,2,0.06457773],"13":[0,0,0,2,0.085475239],"14":[0,0,0,2,0.1064435564],"15":[0,0,0,2,0.1271345842],"16":[0,0,0,2,0.1438775325],"17":[0,0,0,2,0.1574892745],"18":[0,0,0,2,0.1685909471],"19":[0,0,0,2,0.1776613997],"20":[0,0,0,2,0.1850743489],"21":[0,0,0,2,0.1911246884],"22":[0,0,0,2,0.1960474336],"23":[0,0,0,2,0.2000315683],"24":[0,0,0,2,0.2032303055],"25":[0,0,0,2,0.2057687849],"26":[0,0,0,2,0.2077499136],"27":[0,0,0,2,0.2092588452],"28":[0,0,0,2,0.2103664475],"29":[0,0,0,2,0.2122431215],"30":[0,0,0,2,0.2147618137],"31":[0,0,0,2,0.217816132],"32":[0,0,0,2,0.2213166533],"33":[0,0,0,2,0.2251879628],"34":[0,0,0,2,0.2293662659],"35":[0,0,0,2,0.2337974498],"36":[0,0,0,2,0.2384355027],"37":[0,0,0,2,0.2425486958],"38":[0,0,0,2,0.2461914315],"39":[0,0,0,2,0.2494116457],"40":[0,0,0,2,0.2522516948],"41":[0,0,0,2,0.2547491034],"42":[0,0,0,2,0.2569371989],"43":[0,0,0,2,0.258845651],"44":[0,0,0,2,0.26099476],"45":[0,0,0,2,0.2633549873],"46":[0,0,0,2,0.2659001732],"47":[0,0,0,2,0.268607114],"48":[0,0,0,2,0.2714551987],"49":[0,0,0,2,0.2744260948],"50":[0,0,0,2,0.2775034762],"51":[0,0,0,2,0.2806727881],"52":[0,0,0,2,0.2839210409],"53":[0,0,0,2,0.287236632],"54":[0,0,0,2,0.2906091892],"55":[0,0,0,2,0.2940294332],"56":[0,0,0,2,0.2974890584],"57":[0,0,0,2,0.3009806264],"58":[0,0,0,2,0.304497473],"59":[0,0,0,2,0.3077558484],"60":[0,0,0,2,0.3107730194],"61":[0,0,0,2,0.3135649218],"62":[0,0,0,2,0.3161462798],"63":[0,0,0,2,0.318530713],"64":[0,0,0,2,0.3207308322],"65":[0,0,0,2,0.3229878949],"66":[0,0,0,2,0.3252957164],"67":[0,0,0,2,0.3276486341],"68":[0,0,0,2,0.33004146],"69":[0,0,0,2,0.3324694392],"70":[0,0,0,2,0.3349282112],"71":[0,0,0,2,0.3374137762],"72":[0,0,0,2,0.3399224634],"73":[0,0,0,2,0.3424509035],"74":[0,0,0,2,0.3449960025],"75":[0,0,0,2,0.3475549194],"76":[0,0,0,2,0.3501250444],"77":[0,0,0,2,0.3527039804],"78":[0,0,0,2,0.3552895253],"79":[0,0,0,2,0.3578796562],"80":[0,0,0,2,0.3603200994],"81":[0,0,0,2,0.3626183968],"82":[0,0,0,2,0.3647816532],"83":[0,0,0,2,0.3668165655],"84":[0,0,0,2,0.3687294502],"85":[0,0,0,2,0.3705262684],"86":[0,0,0,2,0.3722126489],"87":[0,0,0,2,0.3739230424],"88":[0,0,0,2,0.3756552541],"89":[0,0,0,2,0.3774072328],"90":[0,0,0,2,0.3791770603],"91":[0,0,0,2,0.3809629429],"92":[0,0,0,2,0.3827632027],"93":[0,0,0,2,0.3845762695],"94":[0,0,0,2,0.3864006745],"95":[0,0,0,2,0.3882350424],"96":[0,0,0,2,0.3900780864],"97":[0,0,0,2,0.3919286016],"98":[0,0,0,2,0.3937854599],"99":[0,0,0,2,0.3955476053],"100":[0,0,0,2,0.3972189799],"101":[0,0,0,2,0.3988033382],"102":[0,0,0,2,0.4003042578],"103":[0,0,0,2,0.4017251488],"104":[0,0,0,2,0.403069263],"105":[0,0,0,2,0.4043397025],"106":[0,0,0,2,0.4055394276],"107":[0,0,0,2,0.4066712641],"108":[0,0,0,2,0.4077379111],"109":[0,0,0,2,0.4088245912],"110":[0,0,0,2,0.4099300591],"111":[0,0,0,2,0.4110531326],"112":[0,0,0,2,0.412192689],