{"0":{"0":[2,0,0,0,1.0],"1":[2,0,0,0,1.0],"2":[2,0,0,0,1.0],"3":[2,0,0,0,1.0],"4":[2,0,0,0,1.0],"5":[2,0,0,0,1.0],"6":[2,0,0,0,0.9795918367],"7":[2,0,0,0,0.9508928571],"8":[2,0,0,0,0.9193121693],"9":[2,0,0,0,0.8873809524],"10":[2,0,0,0,0.8562967336],"11":[2,0,0,0,0.8266053391],"12":[2,0,0,0,0.7985232716],"13":[2,0,0,0,0.77209814],"14":[2,0,0,0,0.7472915973],"15":[2,0,0,0,0.7240233725],"16":[2,0,0,0,0.702195008],"17":[2,0,0,0,0.6817026927],"18":[2,0,0,0,0.6624441023],"19":[2,0,0,0,0.6443218971],"20":[2,0,0,0,0.6272453442],"21":[2,0,0,0,0.6111308864],"22":[2,0,0,0,0.5959021333],"23":[2,0,0,0,0.5814895444],"24":[2,0,0,0,0.5678299627],"25":[2,0,0,0,0.5548660884],"26":[2,0,0,0,0.5425459452],"27":[2,0,0,0,0.5308223655],"28":[2,0,0,0,0.5196525098],"29":[2,0,0,0,0.5089974262],"30":[2,0,0,0,0.4988216507],"31":[2,0,0,0,0.4900694116],"32":[2,0,0,0,0.4825650126],"33":[2,0,0,0,0.4761573911],"34":[2,0,0,0,0.4707161595],"35":[2,0,0,0,0.466128365],"36":[2,0,0,0,0.4622958233],"37":[2,0,0,0,0.4591329138],"38":[2,0,0,0,0.4565647458],"39":[2,0,0,0,0.4545256271],"40":[1,0,0,0,0.000594884],"41":[1,0,0,0,0.0017145069],"42":[1,0,0,0,0.0027563005],"43":[1,0,0,0,0.0037267151],"44":[1,0,0,0,0.0046315535],"45":[1,0,0,0,0.0054760472],"46":[1,0,0,0,0.0062649226],"47":[1,0,0,0,0.0070024589],"48":[1,0,0,0,0.0076925379],"49":[1,0,0,0,0.0083386871],"50":[1,0,0,0,0.0089441185],"51":[1,0,0,0,0.0095117611],"52":[1,0,0,0,0.0100442911],"53":[1,0,0,0,0.0105441568],"54":[1,0,0,0,0.0110136019],"55":[1,0,0,0,0.0114546855],"56":[1,0,0,0,0.0118693001],"57":[1,0,0,0,0.0122591873],"58":[1,0,0,0,0.012625952],"59":[1,0,0,0,0.0129710751],"60":[1,0,0,0,0.0132959244],"61":[1,0,0,0,0.0136017654],"62":[1,0,0,0,0.0138897696],"63":[1,0,0,0,0.0141610232],"64":[1,0,0,0,0.0144165341],"65":[1,0,0,0,0.0146572386],"66":[1,0,0,0,0.0148840074],"67":[1,0,0,0,0.0153139138],"68":[1,0,0,0,0.0159321327],"69":[1,0,0,0,0.0167249389],"70":[1,0,0,0,0.0176796165],"71":[1,0,0,0,0.0187843749],"72":[1,0,0,0,0.0200282744],"73":[1,0,0,0,0.0214011575],"74":[1,0,0,0,0.0228935865],"75":[1,0,0,0,0.0244967872],"76":[1,0,0,0,0.0262025972],"77":[1,0,0,0,0.0280034186],"78":[1,0,0,0,0.0297319445],"79":[1,0,0,0,0.0313915452],"80":[1,0,0,0,0.0329854005],"81":[1,0,0,0,0.0345165125],"82":[1,0,0,0,0.0359877172],"83":[1,0,0,0,0.0374016957],"84":[1,0,0,0,0.0387609837],"85":[1,0,0,0,0.0400679814],"86":[1,0,0,0,0.041324962],"87":[1,0,0,0,0.0425340791],"88":[1,0,0,0,0.043697375],"89":[1,0,0,0,0.0448167869],"90":[1,0,0,0,0.0458941535],"91":[1,0,0,0,0.0469312208],"92":[1,0,0,0,0.047929648],"93":[1,0,0,0,0.0488910121],"94":[1,0,0,0,0.049816813],"95":[1,0,0,0,0.0507084782],"96":[1,0,0,0,0.0515673662],"97":[1,0,0,0,0.0523947713],"98":[1,0,0,0,0.0531919264],"99":[1,0,0,0,0.0539600072],"100":[1,0,0,0,0.0547001345],"101":[1,0,0,0,0.0554133781],"102":[1,0,0,0,0.0561007588],"103":[1,0,0,0,0.0567632515],"104":[1,0,0,0,0.0574924904],"105":[1,0,0,0,0.0582851031],"106":[1,0,0,0,0.0591378845],"107":[1,0,0,0,0.0600477875],"108":[1,0,0,0,0.0610119143],"109":[1,0,0,0,0.0620275085],"110":[1,0,0,0,0.063091947],"111":[1,0,0,0,0.0642027331],"112":[1,0,0,0,0.0653574901],"113":[1,0,0,0,0.0665539541],"114":[1,0,0,0,0.0677143545],"115":[1,0,0,0,0.0688398847],"116":[1,0,0,0,0.0699316908],"117":[1,0,0,0,0.0709908735],"118":[1,0,0,0,0.0720184907],"119":[1,0,0,0,0.0730155588],"120":[1,0,0,0,0.0739830554],"121":[1,0,0,0,0.0749219204],"122":[1,0,0,0,0.0758330582],"123":[1,0,0,0,0.076717339],"124":[1,0,0,0,0.0775756002],"125":[1,0,0,0,0.0784086485],"126":[1,0,0,0,0.0792172604],"127":[1,0,0,0,0.0800021842],"128":[1,0,0,0,0.0807641407],"129":[1,0,0,0,0.0815038248],"130":[1,0,0,0,0.0822219064],"131":[1,0,0,0,0.0829190316],"132":[1,0,0,0,0.0835958233],"133":[1,0,0,0,0.0842528828],"134":[1,0,0,0,0.0848907901],"135":[1,0,0,0,0.0855101052],"136":[1,0,0,0,0.0861113688],"137":[1,0,0,0,0.0866951028],"138":[1,0,0,0,0.0872618116],"139":[1,0,0,0,0.0878119823],"140":[1,0,0,0,0.0883460858],"141":[1,0,0,0,0.0888645769],"142":[1,0,0,0,0.0893678957],"143":[1,0,0,0,0.0898564674],"144":[1,0,0,0,0.0903307034],"145":[1,0,0,0,0.0907910017],"146":[1,0,0,0,0.0912377471],"147":[1,0,0,0,0.0916713124],"148":[1,0,0,0,0.0920920581],"149":[1,0,0,0,0.0925003332],"150":[1,0,0,0,0.0928964759],"151":[1,0,0,0,0.0932808135],"152":[1,0,0,0,0.0936536631],"153":[1,0,0,0,0.0940153318],"154":[1,0,0,0,0.0943661174],"155":[1,0,0,0,0.0947063083],"156":[1,0,0,0,0.0950361841],"157":[1,0,0,0,0.095356016],"158":[1,0,0,0,0.0956660668],"159":[1,0,0,0,0.0959665914],"160":[1,0,0,0,0.096257837],"161":[1,0,0,0,0.0965400436],"162":[1,0,0,0,0.096813444],"163":[1,0,0,0,0.0970782638],"164":[1,0,0,0,0.0973347225],"165":[1,0,0,0,0.0975830327],"166":[1,0,0,0,0.097823401],"167":[1,0,0,0,0.0980560282],"168":[1,0,0,0,0.0982811089],"169":[1,0,0,0,0.0984988325],"170":[1,0,0,0,0.0987093828],"171":[1,0,0,0,0.0989129383],"172":[1,0,0,0,0.0991096726],"173":[1,0,0,0,0.0992997544],"174":[1,0,0,0,0.0994833477],"175":[1,0,0,0,0.0996606117],"176":[1,0,0,0,0.0998317015],"177":[1,0,0,0,0.0999967677],"178":[1,0,0,0,0.1001559568],"179":[1,0,0,0,0.1003094113]},"1":{"0":null,"1":null,"2":null,"3":null,"4":null,"5":null,"6":[4,0,0,0,0.0204081633],"7":[4,0,0,0,0.0491071429],"8":[4,0,0,0,0.0806878307],"9":[3,0,0,0,0.01],"10":[3,0,0,0,0.0256198347],"11":[3,0,0,0,0.0443181818],"12":[3,0,0,0,0.06457773],"13":[3,0,0,0,0.085475239],"14":[3,0,0,0,0.1064435564],"15":[3,0,0,0,0.1232283342],"16":[3,0,0,0,0.1367408543],"17":[3,0,0,0,0.1476626587],"18":[3,0,0,0,0.1565114384],"19":[3,0,0,0,0.1636858665],"20":[3,0,0,0,0.1717643173],"21":[3,0,0,0,0.180485774],"22":[3,0,0,0,0.1896517989],"23":[3,0,0,0,0.1991107517],"24":[3,0,0,0,0.2087463217],"25":[3,0,0,0,0.2169898063],"26":[3,0,0,0,0.2240423101],"27":[3,0,0,0,0.2300714112],"28":[3,0,0,0,0.2352175814],"29":[3,0,0,0,0.2395992175],"30":[3,0,0,0,0.2433166205],"31":[3,0,0,0,0.2464551636],"32":[3,0,0,0,0.2490878354],"33":[3,0,0,0,0.2512772936],"34":[3,0,0,0,0.2530775342],"35":[3,0,0,0,0.254535257],"36":[3,0,0,0,0.2556909878],"37":[3,0,0,0,0.2565800061],"38":[3,0,0,0,0.2572331158],"39":[3,0,0,0,0.2576772879],"40":[2,0,0,0,0.4523628962],"41":[2,0,0,0,0.4500957524],"42":[2,0,0,0,0.4477409026],"43":[2,0,0,0,0.4453129068],"44":[2,0,0,0,0.4428244719],"45":[2,0,0,0,0.4402866998],"46":[2,0,0,0,0.4377093006],"47":[2,0,0,0,0.4351007735],"48":[2,0,0,0,0.4324685628],"49":[2,0,0,0,0.4298191915],"50":[2,0,0,0,0.4271583769],"51":[2,0,0,0,0.42449113],"52":[2,0,0,0,0.4218218421],"53":[2,0,0,0,0.4191543594],"54":[2,0,0,0,0.4164920487],"55":[2,0,0,0,0.413837854],"56":[2,0,0,0,0.4111943459],"57":[2,0,0,0,0.4085637656],"58":[2,0,0,0,0.4059480626],"59":[2,0,0,0,0.4033489283],"60":[2,0,0,0,0.4007678252],"61":[2,0,0,0,0.3982060132],"62":[2,0,0,0,0.3956645723],"63":[2,0,0,0,0.3931444228],"64":[2,0,0,0,0.3906463429],"65":[2,0,0,0,0.3881709851],"66":[2,0,0,0,0.3857188897],"67":[2,0,0,0,0.3832904978],"68":[2,0,0,0,0.3808861616],"69":[2,0,0,0,0.3785061552],"70":[2,0,0,0,0.3761506827],"71":[2,0,0,0,0.3738198862],"72":[2,0,0,0,0.3715138528],"73":[2,0,0,0,0.3692326211],"74":[2,0,0,0,0.3669761861],"75":[2,0,0,0,0.364744505],"76":[2,0,0,0,0.362537501],"77":[2,0,0,0,0.3603550675],"78":[2,0,0,0,0.358197072],"79":[2,0,0,0,0.3560633586],"80":[2,0,0,0,0.3539537515],"81":[2,0,0,0,0.3518680573],"82":[2,0,0,0,0.3499512263],"83":[2,0,0,0,0.348052714],"84":[2,0,0,0,0.346172509],"85":[2,0,0,0,0.3443105788],"86":[2,0,0,0,0.3424668716],"87":[2,0,0,0,0.3406413183],"88":[2,0,0,0,0.3388338347],"89":[2,0,0,0,0.337044323],"90":[2,0,0,0,0.335272673],"91":[2,0,0,0,0.333518764],"92":[2,0,0,0,0.3317824656],"93":[2,0,0,0,0.330063639],"94":[2,0,0,0,0.3283621381],"95":[2,0,0,0,0.3266778102],"96":[2,0,0,0,0.3250104973],"97":[2,0,0,0,0.3233600361],"98":[2,0,0,0,0.3217262596],"99":[2,0,0,0,0.320108997],"100":[2,0,0,0,0.3185080747],"101":[2,0,0,0,0.3169233166],"102":[2,0,0,0,0.3153545446],"103":[2,0,0,0,0.3138015793],"104":[2,0,0,0,0.31226424],"105":[2,0,0,0,0.3107423453],"106":[2,0,0,0,0.3092357132],"107":[2,0,0,0,0.3077441616],"108":[2,0,0,0,0.3062675087],"109":[2,0,0,0,0.3048055727],