{"0":{"0":[0,0,2,0,1.0],"1":[0,0,2,0,1.0],"2":[0,0,2,0,1.0],"3":[0,0,2,0,1.0],"4":[0,0,2,0,1.0],"5":[0,0,2,0,1.0],"6":[0,0,2,0,1.0],"7":[0,0,2,0,1.0],"8":[0,0,2,0,1.0],"9":[0,0,1,0,0.01],"10":[0,0,1,0,0.0256198347],"11":[0,0,1,0,0.0373737374],"12":[0,0,1,0,0.046333154],"13":[0,0,1,0,0.0532277247],"14":[0,0,1,0,0.0585680986],"15":[0,0,1,0,0.0627200924],"16":[0,0,1,0,0.0659510904],"17":[0,0,1,0,0.0684599805],"18":[0,0,1,0,0.0703969898],"19":[0,0,1,0,0.0718771403],"20":[0,0,1,0,0.0729895667],"21":[0,0,1,0,0.0758702063],"22":[0,0,1,0,0.0801329383],"23":[0,0,1,0,0.0854746214],"24":[0,0,1,0,0.0916556366],"25":[0,0,1,0,0.0984854494],"26":[0,0,1,0,0.105811777],"27":[0,0,1,0,0.1135123768],"28":[0,0,1,0,0.1214887634],"29":[0,0,1,0,0.1296613602],"30":[0,0,1,0,0.1379657283],"31":[0,0,1,0,0.1463496118],"32":[0,0,1,0,0.1547706062],"33":[0,0,1,0,0.163194308],"34":[0,0,1,0,0.171592838],"35":[0,0,1,0,0.1799436542],"36":[0,0,1,0,0.1874981355],"37":[0,0,1,0,0.1943368272],"38":[0,0,1,0,0.200530689],"39":[0,0,1,0,0.2061424217],"40":[0,0,1,0,0.2112275857],"41":[0,0,1,0,0.2158355457],"42":[0,0,1,0,0.2200102734],"43":[0,0,1,0,0.2237910317],"44":[0,0,1,0,0.2272129594],"45":[0,0,1,0,0.2303075737],"46":[0,0,1,0,0.2331032025],"47":[0,0,1,0,0.235625358],"48":[0,0,1,0,0.2378970604],"49":[0,0,1,0,0.2399391192],"50":[0,0,1,0,0.2417703783],"51":[0,0,1,0,0.2434079302],"52":[0,0,1,0,0.2448673035],"53":[0,0,1,0,0.2461626278],"54":[0,0,1,0,0.2473067784],"55":[0,0,1,0,0.2483115043],"56":[0,0,1,0,0.2491875413],"57":[0,0,1,0,0.2499447121],"58":[0,0,1,0,0.2505920152],"59":[0,0,1,0,0.2511377038],"60":[0,0,1,0,0.2515893566],"61":[0,0,1,0,0.2519539403],"62":[0,0,1,0,0.2522378662],"63":[0,0,1,0,0.2526911808],"64":[0,0,1,0,0.2533006656],"65":[0,0,1,0,0.2540541449],"66":[0,0,1,0,0.2549403941],"67":[0,0,1,0,0.2559490561],"68":[0,0,1,0,0.2570705673],"69":[0,0,1,0,0.2580920082],"70":[0,0,1,0,0.2590194963],"71":[0,0,1,0,0.2598587317],"72":[0,0,1,0,0.2606150298],"73":[0,0,1,0,0.2612933512],"74":[0,0,1,0,0.2618983287],"75":[0,0,1,0,0.2624342925],"76":[0,0,1,0,0.2629052926],"77":[0,0,1,0,0.2633151195],"78":[0,0,1,0,0.2638275543],"79":[0,0,1,0,0.2644359599],"80":[0,0,1,0,0.265134129],"81":[0,0,1,0,0.2659162529],"82":[0,0,1,0,0.2667768932],"83":[0,0,1,0,0.2677109552],"84":[0,0,1,0,0.2687136636],"85":[0,0,1,0,0.269780541],"86":[0,0,1,0,0.2707752686],"87":[0,0,1,0,0.271701376],"88":[0,0,1,0,0.2725621989],"89":[0,0,1,0,0.2733608905],"90":[0,0,1,0,0.2741004339],"91":[0,0,1,0,0.2747836522],"92":[0,0,1,0,0.2754132187],"93":[0,0,1,0,0.2759916657],"94":[0,0,1,0,0.2765213933],"95":[0,0,1,0,0.2770046774],"96":[0,0,1,0,0.2774436769],"97":[0,0,1,0,0.2778404407],"98":[0,0,1,0,0.2781969142],"99":[0,0,1,0,0.278514945],"100":[0,0,1,0,0.2787962891],"101":[0,0,1,0,0.2790426153],"102":[0,0,1,0,0.279255511],"103":[0,0,1,0,0.2794364862],"104":[0,0,1,0,0.2795869777],"105":[0,0,1,0,0.2797083536],"106":[0,0,1,0,0.2798019169],"107":[0,0,1,0,0.2798689088],"108":[0,0,1,0,0.2799105121],"109":[0,0,1,0,0.2799278546],"110":[0,0,1,0,0.2799220115],"111":[0,0,1,0,0.2798940089],"112":[0,0,1,0,0.2799231401],"113":[0,0,1,0,0.2800069168],"114":[0,0,1,0,0.2801429625],"115":[0,0,1,0,0.2803290072],"116":[0,0,1,0,0.2805628815],"117":[0,0,1,0,0.2808425124],"118":[0,0,1,0,0.2811659176],"119":[0,0,1,0,0.2815312016],"120":[0,0,1,0,0.2819365513],"121":[0,0,1,0,0.2823802318],"122":[0,0,1,0,0.2828605829],"123":[0,0,1,0,0.2833760152],"124":[0,0,1,0,0.2839250071],"125":[0,0,1,0,0.2845061011],"126":[0,0,1,0,0.2851179013],"127":[0,0,1,0,0.2856980349],"128":[0,0,1,0,0.2862475784],"129":[0,0,1,0,0.2867675675],"130":[0,0,1,0,0.2872589985],"131":[0,0,1,0,0.2877228307],"132":[0,0,1,0,0.2882165197],"133":[0,0,1,0,0.2886831596],"134":[0,0,1,0,0.289123641],"135":[0,0,1,0,0.2895388218],"136":[0,0,1,0,0.2899295289],"137":[0,0,1,0,0.2903490692],"138":[0,0,1,0,0.2907963276],"139":[0,0,1,0,0.2912192109],"140":[0,0,1,0,0.2916184912],"141":[0,0,1,0,0.2919949133],"142":[0,0,1,0,0.292349196],"143":[0,0,1,0,0.2926820334],"144":[0,0,1,0,0.2929940954],"145":[0,0,1,0,0.2932860293],"146":[0,0,1,0,0.2935584599],"147":[0,0,1,0,0.2938119912],"148":[0,0,1,0,0.2940472064],"149":[0,0,1,0,0.2942646695],"150":[0,0,1,0,0.2944649254],"151":[0,0,1,0,0.294648501],"152":[0,0,1,0,0.2948159058],"153":[0,0,1,0,0.2949676325],"154":[0,0,1,0,0.2951041577],"155":[0,0,1,0,0.2952670337],"156":[0,0,1,0,0.2954148318],"157":[0,0,1,0,0.2955480019],"158":[0,0,1,0,0.2956669793],"159":[0,0,1,0,0.2957721856],"160":[0,0,1,0,0.2958640293],"161":[0,0,1,0,0.2959429055],"162":[0,0,1,0,0.2960091972],"163":[0,0,1,0,0.2960632756],"164":[0,0,1,0,0.2961055],"165":[0,0,1,0,0.2961362188],"166":[0,0,1,0,0.296191626],"167":[0,0,1,0,0.2962709842],"168":[0,0,1,0,0.2963735788],"169":[0,0,1,0,0.2964987169],"170":[0,0,1,0,0.2966457269],"171":[0,0,1,0,0.2968139576],"172":[0,0,1,0,0.2970027773],"173":[0,0,1,0,0.2972115736],"174":[0,0,1,0,0.2974397524],"175":[0,0,1,0,0.2976867372],"176":[0,0,1,0,0.297951969],"177":[0,0,1,0,0.2982349052],"178":[0,0,1,0,0.2985350192],"179":[0,0,1,0,0.2988517999]},"1":{"0":null,"1":null,"2":null,"3":null,"4":null,"5":null,"6":null,"7":null,"8":null,"9":[0,0,2,0,0.99],"10":[0,0,2,0,0.9743801653],"11":[0,0,2,0,0.9556818182],"12":[0,0,2,0,0.93542227],"13":[0,0,2,0,0.914524761],"14":[0,0,2,0,0.8935564436],"15":[0,0,2,0,0.8728654158],"16":[0,0,2,0,0.8526622599],"17":[0,0,2,0,0.8330699121],"18":[0,0,2,0,0.8141548752],"19":[0,0,2,0,0.7959471314],"20":[0,0,2,0,0.780720624],"21":[0,0,2,0,0.76589448],"22":[0,0,2,0,0.7514983117],"23":[0,0,2,0,0.7375469931],"24":[0,0,2,0,0.7240451134],"25":[0,0,2,0,0.7109901238],"26":[0,0,2,0,0.6983745774],"27":[0,0,2,0,0.6861877302],"28":[0,0,2,0,0.6744166908],"29":[0,0,2,0,0.6630472455],"30":[0,0,2,0,0.652064452],"31":[0,0,2,0,0.6414530629],"32":[0,0,2,0,0.6311978277],"33":[0,0,2,0,0.6212837048],"34":[0,0,2,0,0.6116960071],"35":[0,0,2,0,0.6024205007],"36":[0,0,2,0,0.5941739276],"37":[0,0,2,0,0.5868480209],"38":[0,0,2,0,0.5803476443],"39":[0,0,2,0,0.5745889532],"40":[0,0,2,0,0.5689029645],"41":[0,0,2,0,0.5632941637],"42":[0,0,2,0,0.5577659598],"43":[0,0,2,0,0.5523208657],"44":[0,0,2,0,0.5469606489],"45":[0,0,2,0,0.5416864571],"46":[0,0,2,0,0.5364989227],"47":[0,0,2,0,0.5313982507],"48":[0,0,2,0,0.5263842923],"49":[0,0,2,0,0.5214566064],"50":[0,0,2,0,0.5169989798],"51":[0,0,2,0,0.5129738515],"52":[0,0,2,0,0.5093470753],"53":[0,0,2,0,0.5060875616],"54":[0,0,2,0,0.5031669613],"55":[0,0,2,0,0.500559388],"56":[0,0,2,0,0.4982411716],"57":[0,0,2,0,0.4961906401],"58":[0,0,2,0,0.494387926],"59":[0,0,2,0,0.4928147939],"60":[0,0,2,0,0.4914544869],"61":[0,0,2,0,0.4902915893],"62":[0,0,2,0,0.4893119042],"63":[0,0,2,0,0.4882582026],"64":[0,0,2,0,0.4871370705],"65":[0,0,2,0,0.4859545529],"66":[0,0,2,0,0.4847162025],"67":[0,0,2,0,0.4834271234],"68":[0,0,2,0,0.4820920107],"69":[0,0,2,0,0.4807151861],"70":[0,0,2,0,0.4793006298],"71":[0,0,2,0,0.4778520099],"72":[0,0,2,0,0.4763727086],"73":[0,0,2,0,0.4748658458],"74":[0,0,2,0,0.4733343012],"75":[0,0,2,0,0.4717807336],"76":[0,0,2,0,0.4702075987],"77":[0,0,2,0,0.468617166],"78":[0,0,2,0,0.4670115329],"79":[0,0,2,0,0.4653926387],"80":[0,0,2,0,0.4637622769],"81":[0,0,2,0,0.4621221064],"82":[0,0,2,0,0.4604736618],"83":[0,0,2,0,0.4588183631],"84":[0,0,2,0,0.4571575242],"85":[0,0,2,0,0.455492361],"86":[0,0,2,0,0.4539561164],"87":[0,0,2,0,0.4525423589],"88":[0,0,2,0,0.4512450139],"89":[0,0,2,0,0.4500583409],"90":[0,0,2,0,0.4489769124],"91":[0,0,2,0,0.4479955944],"92":[0,0,2,0,0.4471095278],"93":[0,0,2,0,0.4463141118],"94":[0,0,2,0,0.4456049882],"95":[0,0,2,0,0.4449780265],"96":[0,0,2,0,0.4444293105],"97":[0,0,2,0,0.4439551255],"98":[0,0,2,0,0.4434499161],"99":[0,0,2,0,0.442915417],"100":[0,0,2,0,0.4423532704],"101":[0,0,2,0,0.4417650319],"102":[0,0,2,0,0.441152175],"103":[0,0,2,0,0.4405160964],"104":[0,0,2,0,0.43985812],"105":[0,0,2,0,0.4391795012],"106":[0,0,2,0,0.4384814309],"107":[0,0,2,0,0.437850773],"108":[0,0,2,0,0.4372846814],"109":[0,0,2,0,0.4367804405],"110":[0,0,2,0,0.436335458],"111":[0,0,2,0,0.4359472588],"112":[0,0,2,0,0.4355351638],