{"0":{"0":[2,0,0,0,1.0],"1":[2,0,0,0,1.0],"2":[2,0,0,0,1.0],"3":[2,0,0,0,1.0],"4":[2,0,0,0,1.0],"5":[2,0,0,0,1.0],"6":[2,0,0,0,1.0],"7":[2,0,0,0,1.0],"8":[1,0,0,0,0.012345679],"9":[1,0,0,0,0.0311111111],"10":[1,0,0,0,0.0530762167],"11":[1,0,0,0,0.0764309764],"12":[1,0,0,0,0.1001374694],"13":[1,0,0,0,0.1235970379],"14":[1,0,0,0,0.1464683465],"15":[1,0,0,0,0.1685640748],"16":[1,0,0,0,0.1863302019],"17":[1,0,0,0,0.200669882],"18":[1,0,0,0,0.2122689741],"19":[1,0,0,0,0.2216555254],"20":[1,0,0,0,0.22924109],"21":[1,0,0,0,0.235349966],"22":[1,0,0,0,0.2402402322],"23":[1,0,0,0,0.2441191114],"24":[1,0,0,0,0.2471543469],"25":[1,0,0,0,0.24948273],"26":[1,0,0,0,0.2512165658],"27":[1,0,0,0,0.2524486272],"28":[1,0,0,0,0.2532559873],"29":[1,0,0,0,0.25370301],"30":[1,0,0,0,0.2538437037],"31":[1,0,0,0,0.253723588],"32":[1,0,0,0,0.2533811835],"33":[1,0,0,0,0.252849211],"34":[1,0,0,0,0.2521555601],"35":[1,0,0,0,0.2513240785],"36":[1,0,0,0,0.2503752173],"37":[1,0,0,0,0.249326562],"38":[1,0,0,0,0.2481932708],"39":[1,0,0,0,0.2469884391],"40":[1,0,0,0,0.2457234028],"41":[1,0,0,0,0.244407993],"42":[1,0,0,0,0.2435915821],"43":[1,0,0,0,0.243220699],"44":[1,0,0,0,0.2432478934],"45":[1,0,0,0,0.2436309732],"46":[1,0,0,0,0.2443323513],"47":[1,0,0,0,0.2453184829],"48":[1,0,0,0,0.2465593801],"49":[1,0,0,0,0.2480281925],"50":[1,0,0,0,0.2497008424],"51":[1,0,0,0,0.2515557078],"52":[1,0,0,0,0.2535733467],"53":[1,0,0,0,0.2557362545],"54":[1,0,0,0,0.2576980747],"55":[1,0,0,0,0.2594738744],"56":[1,0,0,0,0.2610774413],"57":[1,0,0,0,0.2625214094],"58":[1,0,0,0,0.2638173694],"59":[1,0,0,0,0.2649759688],"60":[1,0,0,0,0.2660069997],"61":[1,0,0,0,0.2669194778],"62":[1,0,0,0,0.2677217134],"63":[1,0,0,0,0.2684213741],"64":[1,0,0,0,0.2690255423],"65":[1,0,0,0,0.269540766],"66":[1,0,0,0,0.2699731047],"67":[1,0,0,0,0.2703281715],"68":[1,0,0,0,0.2706111701],"69":[1,0,0,0,0.2710310105],"70":[1,0,0,0,0.2715778858],"71":[1,0,0,0,0.2722426991],"72":[1,0,0,0,0.2730170063],"73":[1,0,0,0,0.2738929635],"74":[1,0,0,0,0.2748632795],"75":[1,0,0,0,0.2759211726],"76":[1,0,0,0,0.277060331],"77":[1,0,0,0,0.2782748764],"78":[1,0,0,0,0.2795593315],"79":[1,0,0,0,0.2809085899],"80":[1,0,0,0,0.2823178879],"81":[1,0,0,0,0.2837827798],"82":[1,0,0,0,0.2852991144],"83":[1,0,0,0,0.2868630139],"84":[1,0,0,0,0.2883324455],"85":[1,0,0,0,0.2897120304],"86":[1,0,0,0,0.2910061318],"87":[1,0,0,0,0.292218872],"88":[1,0,0,0,0.2933541479],"89":[1,0,0,0,0.294415645],"90":[1,0,0,0,0.295406851],"91":[1,0,0,0,0.2963310676],"92":[1,0,0,0,0.2971914227],"93":[1,0,0,0,0.2979908801],"94":[1,0,0,0,0.2987322504],"95":[1,0,0,0,0.2994181992],"96":[1,0,0,0,0.3000512563],"97":[1,0,0,0,0.3006338237],"98":[1,0,0,0,0.3011681825],"99":[1,0,0,0,0.3017565007],"100":[1,0,0,0,0.302395908],"101":[1,0,0,0,0.3030836836],"102":[1,0,0,0,0.3038172476],"103":[1,0,0,0,0.3045941528],"104":[1,0,0,0,0.3054120769],"105":[1,0,0,0,0.306268816],"106":[1,0,0,0,0.3071622771],"107":[1,0,0,0,0.3080904728],"108":[1,0,0,0,0.3090515146],"109":[1,0,0,0,0.3100436083],"110":[1,0,0,0,0.3110650481],"111":[1,0,0,0,0.3121142122],"112":[1,0,0,0,0.3131895583],"113":[1,0,0,0,0.3142896191],"114":[1,0,0,0,0.3153373842],"115":[1,0,0,0,0.316334773],"116":[1,0,0,0,0.3172836247],"117":[1,0,0,0,0.3181857026],"118":[1,0,0,0,0.3190426973],"119":[1,0,0,0,0.3198562303],"120":[1,0,0,0,0.3206278577],"121":[1,0,0,0,0.3213590725],"122":[1,0,0,0,0.3220513082],"123":[1,0,0,0,0.3227059413],"124":[1,0,0,0,0.3233242937],"125":[1,0,0,0,0.3239076358],"126":[1,0,0,0,0.3244571882],"127":[1,0,0,0,0.3249741242],"128":[1,0,0,0,0.3254595721],"129":[1,0,0,0,0.3259737884],"130":[1,0,0,0,0.3265155653],"131":[1,0,0,0,0.327083744],"132":[1,0,0,0,0.3276772124],"133":[1,0,0,0,0.3282949031],"134":[1,0,0,0,0.3289357913],"135":[1,0,0,0,0.3295988932],"136":[1,0,0,0,0.3302832638],"137":[1,0,0,0,0.3309879954],"138":[1,0,0,0,0.3317122161],"139":[1,0,0,0,0.3324550881],"140":[1,0,0,0,0.333215806],"141":[1,0,0,0,0.3339935959],"142":[1,0,0,0,0.3347877137],"143":[1,0,0,0,0.3355974441],"144":[1,0,0,0,0.3363745366],"145":[1,0,0,0,0.3371199541],"146":[1,0,0,0,0.337834627],"147":[1,0,0,0,0.3385194551],"148":[1,0,0,0,0.3391753085],"149":[1,0,0,0,0.3398030286],"150":[1,0,0,0,0.3404034296],"151":[1,0,0,0,0.340977299],"152":[1,0,0,0,0.341525399],"153":[1,0,0,0,0.3420484674],"154":[1,0,0,0,0.3425472181],"155":[1,0,0,0,0.3430223428],"156":[1,0,0,0,0.3434745109],"157":[1,0,0,0,0.343904371],"158":[1,0,0,0,0.3443125513],"159":[1,0,0,0,0.3447387228],"160":[1,0,0,0,0.3451822654],"161":[1,0,0,0,0.3456425791],"162":[1,0,0,0,0.346119084],"163":[1,0,0,0,0.3466112193],"164":[1,0,0,0,0.3471184424],"165":[1,0,0,0,0.3476402285],"166":[1,0,0,0,0.3481402135],"167":[1,0,0,0,0.3486544016],"168":[1,0,0,0,0.3491823035],"169":[1,0,0,0,0.3497234456],"170":[1,0,0,0,0.3502773696],"171":[1,0,0,0,0.3508436315],"172":[1,0,0,0,0.3514218016],"173":[1,0,0,0,0.3520114636],"174":[1,0,0,0,0.3525795613],"175":[1,0,0,0,0.3531266299],"176":[1,0,0,0,0.3536531896],"177":[1,0,0,0,0.3541597459],"178":[1,0,0,0,0.3546467908],"179":[1,0,0,0,0.3551148025]},"1":{"0":null,"1":null,"2":null,"3":null,"4":null,"5":null,"6":null,"7":null,"8":[2,0,0,0,0.987654321],"9":[2,0,0,0,0.9688888889],"10":[2,0,0,0,0.9469237833],"11":[2,0,0,0,0.9235690236],"12":[2,0,0,0,0.8998625306],"13":[2,0,0,0,0.8764029621],"14":[2,0,0,0,0.8535316535],"15":[2,0,0,0,0.8314359252],"16":[2,0,0,0,0.8102095905],"17":[2,0,0,0,0.7898893046],"18":[2,0,0,0,0.7704768481],"19":[2,0,0,0,0.7519530057],"20":[2,0,0,0,0.736553883],"21":[2,0,0,0,0.7216692024],"22":[2,0,0,0,0.707305513],"23":[2,0,0,0,0.69345945],"24":[2,0,0,0,0.680121072],"25":[2,0,0,0,0.6672761787],"26":[2,0,0,0,0.6549079252],"27":[2,0,0,0,0.6429979482],"28":[2,0,0,0,0.631527151],"29":[2,0,0,0,0.6204762459],"30":[2,0,0,0,0.6098261277],"31":[2,0,0,0,0.5995581237],"32":[2,0,0,0,0.5896541585],"33":[2,0,0,0,0.5800968563],"34":[2,0,0,0,0.5708695992],"35":[2,0,0,0,0.5619565548],"36":[2,0,0,0,0.5533426815],"37":[2,0,0,0,0.5450137189],"38":[2,0,0,0,0.536956168],"39":[2,0,0,0,0.5291572638],"40":[2,0,0,0,0.521604945],"41":[2,0,0,0,0.5142878205],"42":[2,0,0,0,0.5071951345],"43":[2,0,0,0,0.5003167327],"44":[2,0,0,0,0.4936430276],"45":[2,0,0,0,0.4871649655],"46":[2,0,0,0,0.4808739952],"47":[2,0,0,0,0.474762037],"48":[2,0,0,0,0.468821454],"49":[2,0,0,0,0.4630450249],"50":[2,0,0,0,0.4574259183],"51":[2,0,0,0,0.4519576684],"52":[2,0,0,0,0.4466341524],"53":[2,0,0,0,0.4414495693],"54":[2,0,0,0,0.4367289986],"55":[2,0,0,0,0.4324379196],"56":[2,0,0,0,0.4285447336],"57":[2,0,0,0,0.4250204783],"58":[2,0,0,0,0.4218385742],"59":[2,0,0,0,0.418974598],"60":[2,0,0,0,0.4164060813],"61":[2,0,0,0,0.4141123308],"62":[2,0,0,0,0.4120742666],"63":[2,0,0,0,0.4102742781],"64":[2,0,0,0,0.4086960939],"65":[2,0,0,0,0.4073246655],"66":[2,0,0,0,0.4061460616],"67":[2,0,0,0,0.4051473739],"68":[2,0,0,0,0.4043166306],"69":[2,0,0,0,0.4034386379],"70":[2,0,0,0,0.4025173637],"71":[2,0,0,0,0.4015564744],"72":[2,0,0,0,0.40055936],"73":[2,0,0,0,0.3995291568],"74":[2,0,0,0,0.3984687681],"75":[2,0,0,0,0.3973808826],"76":[2,0,0,0,0.3962679921],"77":[2,0,0,0,0.3951324064],"78":[2,0,0,0,0.3939762679],"79":[2,0,0,0,0.3928015646],"80":[2,0,0,0,0.3916101415],"81":[2,0,0,0,0.3904037121],"82":[2,0,0,0,0.3891838677],"83":[2,0,0,0,0.3879520869],"84":[2,0,0,0,0.3868481523],"85":[2,0,0,0,0.3858653317],"86":[2,0,0,0,0.38499728],"87":[2,0,0,0,0.3842380134],"88":[2,0,0,0,0.3835818862],"89":[2,0,0,0,0.3830235689],"90":[2,0,0,0,0.382558028],"91":[2,0,0,0,0.3821805069],"92":[2,0,0,0,0.3818865091],"93":[2,0,0,0,0.3816717816],"94":[2,0,0,0,0.3815323002],"95":[2,0,0,0,0.3814642554],"96":[2,0,0,0,0.3814640394],"97":[2,0,0,0,0.3815282339],"98":[2,0,0,0,0.3816535992],"99":[2,0,0,0,0.3817370632],"100":[2,0,0,0,0.3817806429],"101":[2,0,0,0,0.3817862537],"102":[2,0,0,0,0.381755715],"103":[2,0,0,0,0.3816907562],"104":[2,0,0,0,0.3815930212],"105":[2,0,0,0,0.3814640731],"106":[2,0,0,0,0.3813053993],"107":[2,0,0,0,0.3811184152],"108":[2,0,0,0,0.380904468],"109":[2,0,0,0,0.3806648406],"110":[2,0,0,0,0.3804007551],"111":[2,0,0,0,0.3801133759],