{"0":{"0":[0,0,2,0,1.0],"1":[0,0,2,0,1.0],"2":[0,0,2,0,1.0],"3":[0,0,2,0,1.0],"4":[0,0,2,0,1.0],"5":[0,0,2,0,1.0],"6":[0,0,2,0,1.0],"7":[0,0,1,0,0.015625],"8":[0,0,1,0,0.0385802469],"9":[0,0,1,0,0.0647222222],"10":[0,0,1,0,0.0918962351],"11":[0,0,1,0,0.1189604377],"12":[0,0,1,0,0.1453125934],"13":[0,0,1,0,0.1706474081],"14":[0,0,1,0,0.1948264698],"15":[0,0,1,0,0.2178060655],"16":[0,0,1,0,0.2395960201],"17":[0,0,1,0,0.2602357474],"18":[0,0,1,0,0.2797801263],"19":[0,0,1,0,0.29829112],"20":[0,0,1,0,0.313565239],"21":[0,0,1,0,0.3261717777],"22":[0,0,1,0,0.3365650653],"23":[0,0,1,0,0.3451109653],"24":[0,0,1,0,0.3521065267],"25":[0,0,1,0,0.3577947372],"26":[0,0,1,0,0.3623757278],"27":[0,0,1,0,0.3660153701],"28":[0,0,1,0,0.3700409995],"29":[0,0,1,0,0.3743729661],"30":[0,0,1,0,0.3789457425],"31":[0,0,1,0,0.3837052505],"32":[0,0,1,0,0.3886067443],"33":[0,0,1,0,0.3936131203],"34":[0,0,1,0,0.3986935618],"35":[0,0,1,0,0.4038224443],"36":[0,0,1,0,0.4089784484],"37":[0,0,1,0,0.4141438355],"38":[0,0,1,0,0.4186463933],"39":[0,0,1,0,0.4225552335],"40":[0,0,1,0,0.4259313402],"41":[0,0,1,0,0.4288286666],"42":[0,0,1,0,0.4312950632],"43":[0,0,1,0,0.4333730679],"44":[0,0,1,0,0.43510058],"45":[0,0,1,0,0.436511437],"46":[0,0,1,0,0.4376359107],"47":[0,0,1,0,0.4385011348],"48":[0,0,1,0,0.4395479671],"49":[0,0,1,0,0.4407570078],"50":[0,0,1,0,0.4421108688],"51":[0,0,1,0,0.4435939438],"52":[0,0,1,0,0.4451922069],"53":[0,0,1,0,0.4468930371],"54":[0,0,1,0,0.4486850645],"55":[0,0,1,0,0.4505580353],"56":[0,0,1,0,0.4525026927],"57":[0,0,1,0,0.4545106725],"58":[0,0,1,0,0.45657441],"59":[0,0,1,0,0.4586870587],"60":[0,0,1,0,0.4608424173],"61":[0,0,1,0,0.4630348653],"62":[0,0,1,0,0.465007353],"63":[0,0,1,0,0.4667748162],"64":[0,0,1,0,0.4683510616],"65":[0,0,1,0,0.4697488647],"66":[0,0,1,0,0.4709800578],"67":[0,0,1,0,0.4720556106],"68":[0,0,1,0,0.4729857015],"69":[0,0,1,0,0.4737797833],"70":[0,0,1,0,0.4744466422],"71":[0,0,1,0,0.4749944511],"72":[0,0,1,0,0.4754308191],"73":[0,0,1,0,0.4757628351],"74":[0,0,1,0,0.4759971084],"75":[0,0,1,0,0.4761398057],"76":[0,0,1,0,0.4763653471],"77":[0,0,1,0,0.4766683555],"78":[0,0,1,0,0.4770438081],"79":[0,0,1,0,0.4774870105],"80":[0,0,1,0,0.4779935724],"81":[0,0,1,0,0.4785593854],"82":[0,0,1,0,0.4791806035],"83":[0,0,1,0,0.4798536235],"84":[0,0,1,0,0.4805750688],"85":[0,0,1,0,0.4813417729],"86":[0,0,1,0,0.4821507656],"87":[0,0,1,0,0.482999259],"88":[0,0,1,0,0.4838846353],"89":[0,0,1,0,0.4848044357],"90":[0,0,1,0,0.4856355909],"91":[0,0,1,0,0.486382463],"92":[0,0,1,0,0.4870491795],"93":[0,0,1,0,0.4876396477],"94":[0,0,1,0,0.4881575683],"95":[0,0,1,0,0.4886064478],"96":[0,0,1,0,0.4889896102],"97":[0,0,1,0,0.4893102077],"98":[0,0,1,0,0.489571231],"99":[0,0,1,0,0.4897755187],"100":[0,0,1,0,0.4899257659],"101":[0,0,1,0,0.4900245329],"102":[0,0,1,0,0.4900742523],"103":[0,0,1,0,0.4900772366],"104":[0,0,1,0,0.4901263876],"105":[0,0,1,0,0.4902195349],"106":[0,0,1,0,0.4903546131],"107":[0,0,1,0,0.4905296561],"108":[0,0,1,0,0.490742792],"109":[0,0,1,0,0.4909922377],"110":[0,0,1,0,0.4912762943],"111":[0,0,1,0,0.4915933427],"112":[0,0,1,0,0.4919418392],"113":[0,0,1,0,0.4923203119],"114":[0,0,1,0,0.4927273564],"115":[0,0,1,0,0.4931616331],"116":[0,0,1,0,0.4936218631],"117":[0,0,1,0,0.4941068258],"118":[0,0,1,0,0.4946153554],"119":[0,0,1,0,0.4950768941],"120":[0,0,1,0,0.4954932383],"121":[0,0,1,0,0.4958661102],"122":[0,0,1,0,0.496197161],"123":[0,0,1,0,0.4964879748],"124":[0,0,1,0,0.496740071],"125":[0,0,1,0,0.4969549079],"126":[0,0,1,0,0.4971338853],"127":[0,0,1,0,0.4972783471],"128":[0,0,1,0,0.497389584],"129":[0,0,1,0,0.4974688358],"130":[0,0,1,0,0.4975172935],"131":[0,0,1,0,0.4975361018],"132":[0,0,1,0,0.4975263612],"133":[0,0,1,0,0.4975448212],"134":[0,0,1,0,0.4975904426],"135":[0,0,1,0,0.4976622257],"136":[0,0,1,0,0.4977592087],"137":[0,0,1,0,0.4978804663],"138":[0,0,1,0,0.4980251076],"139":[0,0,1,0,0.4981922752],"140":[0,0,1,0,0.4983811434],"141":[0,0,1,0,0.4985909172],"142":[0,0,1,0,0.4988208306],"143":[0,0,1,0,0.4990701458],"144":[0,0,1,0,0.4993381519],"145":[0,0,1,0,0.4996241638],"146":[0,0,1,0,0.4999275211],"147":[0,0,1,0,0.5002019334],"148":[0,0,1,0,0.5004483148],"149":[0,0,1,0,0.5006675482],"150":[0,0,1,0,0.5008604871],"151":[0,0,1,0,0.5010279562],"152":[0,0,1,0,0.5011707527],"153":[0,0,1,0,0.5012896473],"154":[0,0,1,0,0.5013853853],"155":[0,0,1,0,0.5014586874],"156":[0,0,1,0,0.5015102507],"157":[0,0,1,0,0.5015407499],"158":[0,0,1,0,0.5015508373],"159":[0,0,1,0,0.5015411446],"160":[0,0,1,0,0.5015122829],"161":[0,0,1,0,0.5015029478],"162":[0,0,1,0,0.5015125462],"163":[0,0,1,0,0.5015405036],"164":[0,0,1,0,0.5015862636],"165":[0,0,1,0,0.5016492873],"166":[0,0,1,0,0.5017290524],"167":[0,0,1,0,0.5018250529],"168":[0,0,1,0,0.5019367985],"169":[0,0,1,0,0.5020638139],"170":[0,0,1,0,0.5022056383],"171":[0,0,1,0,0.5023618251],"172":[0,0,1,0,0.5025319412],"173":[0,0,1,0,0.5027155666],"174":[0,0,1,0,0.502912294],"175":[0,0,1,0,0.5030894452],"176":[0,0,1,0,0.5032475469],"177":[0,0,1,0,0.5033871106],"178":[0,0,1,0,0.5035086333],"179":[0,0,1,0,0.5036125976]},"1":{"0":null,"1":null,"2":null,"3":null,"4":null,"5":null,"6":null,"7":[0,0,2,0,0.984375],"8":[0,0,2,0,0.9614197531],"9":[0,0,2,0,0.9352777778],"10":[0,0,2,0,0.9081037649],"11":[0,0,2,0,0.8810395623],"12":[0,0,2,0,0.8546874066],"13":[0,0,2,0,0.8293525919],"14":[0,0,2,0,0.8051735302],"15":[0,0,2,0,0.7821939345],"16":[0,0,2,0,0.7604039799],"17":[0,0,2,0,0.7397642526],"18":[0,0,2,0,0.7202198737],"19":[0,0,2,0,0.70170888],"20":[0,0,2,0,0.686434761],"21":[0,0,2,0,0.6738282223],"22":[0,0,2,0,0.6634349347],"23":[0,0,2,0,0.6548890347],"24":[0,0,2,0,0.6478934733],"25":[0,0,2,0,0.6422052628],"26":[0,0,2,0,0.6362525301],"27":[0,0,2,0,0.6301108581],"28":[0,0,2,0,0.6238406859],"29":[0,0,2,0,0.6174904408],"30":[0,0,2,0,0.6110989697],"31":[0,0,2,0,0.6046974394],"32":[0,0,2,0,0.598310832],"33":[0,0,2,0,0.5919591293],"34":[0,0,2,0,0.5856582562],"35":[0,0,2,0,0.5794208355],"36":[0,0,2,0,0.5732567954],"37":[0,0,2,0,0.5671738604],"38":[0,0,2,0,0.5618354116],"39":[0,0,2,0,0.5565395263],"40":[0,0,2,0,0.5512937675],"41":[0,0,2,0,0.5466711268],"42":[0,0,2,0,0.5426111709],"43":[0,0,2,0,0.5390600906],"44":[0,0,2,0,0.5359698663],"45":[0,0,2,0,0.5332975535],"46":[0,0,2,0,0.5310046676],"47":[0,0,2,0,0.5290566537],"48":[0,0,2,0,0.5270059348],"49":[0,0,2,0,0.5248658161],"50":[0,0,2,0,0.5226481473],"51":[0,0,2,0,0.5203634936],"52":[0,0,2,0,0.5180212845],"53":[0,0,2,0,0.5156299439],"54":[0,0,2,0,0.5131970028],"55":[0,0,2,0,0.5107291991],"56":[0,0,2,0,0.508232565],"57":[0,0,2,0,0.5057125029],"58":[0,0,2,0,0.5031738538],"59":[0,0,2,0,0.5006209562],"60":[0,0,2,0,0.4980576995],"61":[0,0,2,0,0.4954875701],"62":[0,0,2,0,0.493165646],"63":[0,0,2,0,0.4910751671],"64":[0,0,2,0,0.4892006379],"65":[0,0,2,0,0.4875277173],"66":[0,0,2,0,0.4860431201],"67":[0,0,2,0,0.4847345275],"68":[0,0,2,0,0.4835905068],"69":[0,0,2,0,0.4826004383],"70":[0,0,2,0,0.4817544492],"71":[0,0,2,0,0.4810433535],"72":[0,0,2,0,0.4804585975],"73":[0,0,2,0,0.4799922103],"74":[0,0,2,0,0.4796367586],"75":[0,0,2,0,0.4793853054],"76":[0,0,2,0,0.4790627099],"77":[0,0,2,0,0.4786736745],"78":[0,0,2,0,0.4782225897],"79":[0,0,2,0,0.4777135573],"80":[0,0,2,0,0.4771504118],"81":[0,0,2,0,0.4765367393],"82":[0,0,2,0,0.475875896],"83":[0,0,2,0,0.4751710242],"84":[0,0,2,0,0.4744250675],"85":[0,0,2,0,0.4736407847],"86":[0,0,2,0,0.4728207625],"87":[0,0,2,0,0.4719674274],"88":[0,0,2,0,0.4710830566],"89":[0,0,2,0,0.4701697881],"90":[0,0,2,0,0.4693503881],"91":[0,0,2,0,0.4686202091],"92":[0,0,2,0,0.4679748536],"93":[0,0,2,0,0.4674101596],"94":[0,0,2,0,0.4669221856],"95":[0,0,2,0,0.4665071976],"96":[0,0,2,0,0.4661616563],"97":[0,0,2,0,0.4658822058],"98":[0,0,2,0,0.4656656627],"99":[0,0,2,0,0.4655090061],"100":[0,0,2,0,0.4654093679],"101":[0,0,2,0,0.4653640242],"102":[0,0,2,0,0.4653703873],"103":[0,0,2,0,0.4654259974],"104":[0,0,2,0,0.4654378133],"105":[0,0,2,0,0.4654078731],"106":[0,0,2,0,0.4653381166],"107":[0,0,2,0,0.4652303906],"108":[0,0,2,0,0.4650864538],"109":[0,0,2,0,0.4649079819],