{"0":{"0":[0,3,0,0,1.0],"1":[0,3,0,0,1.0],"2":[0,3,0,0,1.0],"3":[0,3,0,0,1.0],"4":[0,3,0,0,1.0],"5":[0,3,0,0,1.0],"6":[0,3,0,0,1.0],"7":[0,3,0,0,1.0],"8":[0,3,0,0,1.0],"9":[0,3,0,0,1.0],"10":[0,3,0,0,1.0],"11":[0,3,0,0,1.0],"12":[0,3,0,0,1.0],"13":[0,3,0,0,1.0],"14":[0,3,0,0,1.0],"15":[0,3,0,0,0.99609375],"16":[0,3,0,0,0.9894031142],"17":[0,3,0,0,0.9807325708],"18":[0,3,0,0,0.9706663136],"19":[0,3,0,0,0.9596329979],"20":[0,3,0,0,0.947949794],"21":[0,3,0,0,0.9358529025],"22":[0,3,0,0,0.9235190334],"23":[0,3,0,0,0.9110807403],"24":[0,3,0,0,0.8986375107],"25":[0,3,0,0,0.8862638786],"26":[0,3,0,0,0.8740154222],"27":[0,3,0,0,0.8619332388],"28":[0,3,0,0,0.8500473126],"29":[0,3,0,0,0.8383790688],"30":[0,3,0,0,0.8269433236],"31":[0,3,0,0,0.8157497823],"32":[0,3,0,0,0.8048041966],"33":[0,3,0,0,0.7941092635],"34":[0,3,0,0,0.7836653253],"35":[0,3,0,0,0.7742425231],"36":[0,3,0,0,0.7657348727],"37":[0,3,0,0,0.758049329],"38":[0,3,0,0,0.7511039484],"39":[0,3,0,0,0.7448263497],"40":[0,3,0,0,0.7391524173],"41":[0,3,0,0,0.7340252056],"42":[0,3,0,0,0.7293940083],"43":[0,3,0,0,0.7252135659],"44":[0,3,0,0,0.7214433879],"45":[0,3,0,0,0.7180471706],"46":[0,3,0,0,0.7149922964],"47":[0,3,0,0,0.7122494014],"48":[0,3,0,0,0.709792],"49":[0,3,0,0,0.70759616],"50":[0,3,0,0,0.7056402184],"51":[0,3,0,0,0.7039045337],"52":[0,3,0,0,0.7023712691],"53":[0,3,0,0,0.7010242017],"54":[0,3,0,0,0.6998485551],"55":[0,3,0,0,0.6988308513],"56":[0,3,0,0,0.6979587803],"57":[0,3,0,0,0.6972210844],"58":[0,3,0,0,0.6966074549],"59":[0,3,0,0,0.6961084418],"60":[0,3,0,0,0.6957153714],"61":[0,3,0,0,0.6954202744],"62":[0,3,0,0,0.6952158205],"63":[0,3,0,0,0.6950952608],"64":[0,3,0,0,0.6948156888],"65":[0,3,0,0,0.6943891884],"66":[0,3,0,0,0.6938269083],"67":[0,3,0,0,0.6931391423],"68":[0,3,0,0,0.6923354034],"69":[0,3,0,0,0.6914244895],"70":[0,3,0,0,0.6904145433],"71":[0,3,0,0,0.6893131068],"72":[0,3,0,0,0.68812717],"73":[0,3,0,0,0.6868632163],"74":[0,3,0,0,0.6855272623],"75":[0,3,0,0,0.6841248953],"76":[0,3,0,0,0.6826613067],"77":[0,3,0,0,0.6811413228],"78":[0,3,0,0,0.679569433],"79":[0,3,0,0,0.677949815],"80":[0,3,0,0,0.676286359],"81":[0,3,0,0,0.6745826884],"82":[0,3,0,0,0.6728421799],"83":[0,3,0,0,0.6710679816],"84":[0,3,0,0,0.6692630295],"85":[0,3,0,0,0.667430063],"86":[0,3,0,0,0.6655716384],"87":[0,3,0,0,0.6636901425],"88":[0,3,0,0,0.6617878041],"89":[0,3,0,0,0.6598667051],"90":[0,3,0,0,0.6579287905],"91":[0,3,0,0,0.6559758784],"92":[0,3,0,0,0.6540096676],"93":[0,3,0,0,0.6520317467],"94":[0,3,0,0,0.6501544043],"95":[0,3,0,0,0.648373282],"96":[0,3,0,0,0.6466842387],"97":[0,3,0,0,0.6450833375],"98":[0,3,0,0,0.643566834],"99":[0,3,0,0,0.6421311657],"100":[0,3,0,0,0.6407729412],"101":[0,3,0,0,0.6394889312],"102":[0,3,0,0,0.6382760591],"103":[0,3,0,0,0.6371313929],"104":[0,3,0,0,0.636052137],"105":[0,3,0,0,0.6350356252],"106":[0,3,0,0,0.6340793136],"107":[0,3,0,0,0.633180774],"108":[0,3,0,0,0.632337688],"109":[0,3,0,0,0.6315478412],"110":[0,3,0,0,0.6308091179],"111":[0,3,0,0,0.6301194957],"112":[0,3,0,0,0.6294770411],"113":[0,3,0,0,0.6288799048],"114":[0,3,0,0,0.6283263177],"115":[0,3,0,0,0.6278145867],"116":[0,3,0,0,0.6273430908],"117":[0,3,0,0,0.6269102781],"118":[0,3,0,0,0.6265146618],"119":[0,3,0,0,0.6261548173],"120":[0,3,0,0,0.6258293797],"121":[0,3,0,0,0.62553704],"122":[0,3,0,0,0.6252765432],"123":[0,3,0,0,0.6250466855],"124":[0,0,0,0,0.000064],"125":[0,0,0,0,0.0001264802],"126":[0,0,0,0,0.0001874844],"127":[0,0,0,0,0.0002470549],"128":[0,0,0,0,0.0003052323],"129":[0,0,0,0,0.0003620559],"130":[0,0,0,0,0.0004175638],"131":[0,0,0,0,0.0004717925],"132":[0,0,0,0,0.0005247775],"133":[0,0,0,0,0.000576553],"134":[0,0,0,0,0.0006271519],"135":[0,0,0,0,0.0006766062],"136":[0,0,0,0,0.0007249468],"137":[0,0,0,0,0.0007722036],"138":[0,0,0,0,0.0008184053],"139":[0,0,0,0,0.00086358],"140":[0,0,0,0,0.0009077546],"141":[0,0,0,0,0.0009509553],"142":[0,0,0,0,0.0009932074],"143":[0,0,0,0,0.0010345354],"144":[0,0,0,0,0.0010749631],"145":[0,0,0,0,0.0011145135],"146":[0,0,0,0,0.0011532088],"147":[0,0,0,0,0.0011910706],"148":[0,0,0,0,0.0012281198],"149":[0,0,0,0,0.0012643768],"150":[0,0,0,0,0.0012998612],"151":[0,0,0,0,0.001334592],"152":[0,0,0,0,0.0013685878],"153":[0,0,0,0,0.0014018665],"154":[0,0,0,0,0.0014344455],"155":[0,0,0,0,0.0014663417],"156":[0,0,0,0,0.0014975716],"157":[0,0,0,0,0.0015281509],"158":[0,0,0,0,0.0015580953],"159":[0,0,0,0,0.0015874197],"160":[0,0,0,0,0.0016161387],"161":[0,0,0,0,0.0016442665],"162":[0,0,0,0,0.0016718168],"163":[0,0,0,0,0.0016988031],"164":[0,0,0,0,0.0017252383],"165":[0,0,0,0,0.001751135],"166":[0,0,0,0,0.0017765056],"167":[0,0,0,0,0.001801362],"168":[0,0,0,0,0.0018257158],"169":[0,0,0,0,0.0018495784],"170":[0,0,0,0,0.0018729607],"171":[0,0,0,0,0.0018958734],"172":[0,0,0,0,0.001918327],"173":[0,0,0,0,0.0019403316],"174":[0,0,0,0,0.0019618971],"175":[0,0,0,0,0.001983033],"176":[0,0,0,0,0.0020037487],"177":[0,0,0,0,0.0020240534],"178":[0,0,0,0,0.0020439558],"179":[0,0,0,0,0.0020634647]},"1":{"0":null,"1":null,"2":null,"3":null,"4":null,"5":null,"6":null,"7":null,"8":null,"9":null,"10":null,"11":null,"12":null,"13":null,"14":null,"15":[0,4,0,0,0.00390625],"16":[0,4,0,0,0.0105968858],"17":[0,4,0,0,0.0192674292],"18":[0,4,0,0,0.0293336864],"19":[0,4,0,0,0.0403670021],"20":[0,4,0,0,0.052050206],"21":[0,4,0,0,0.0641470975],"22":[0,4,0,0,0.0764809666],"23":[0,4,0,0,0.0889192597],"24":[0,4,0,0,0.1013624893],"25":[0,4,0,0,0.1137361214],"26":[0,4,0,0,0.1259845778],"27":[0,4,0,0,0.1380667612],"28":[0,4,0,0,0.1499526874],"29":[0,4,0,0,0.1616209312],"30":[0,4,0,0,0.1730566764],"31":[0,4,0,0,0.1842502177],"32":[0,4,0,0,0.1951958034],"33":[0,4,0,0,0.2058907365],"34":[0,4,0,0,0.2163346747],"35":[0,4,0,0,0.2257574769],"36":[0,4,0,0,0.2342651273],"37":[0,4,0,0,0.241950671],"38":[0,4,0,0,0.2488960516],"39":[0,4,0,0,0.2551736503],"40":[0,4,0,0,0.2608475827],"41":[0,4,0,0,0.2659747944],"42":[0,4,0,0,0.2706059917],"43":[0,4,0,0,0.2747864341],"44":[0,4,0,0,0.2785566121],"45":[0,4,0,0,0.2819528294],"46":[0,4,0,0,0.2850077036],"47":[0,4,0,0,0.2877505986],"48":[0,4,0,0,0.290208],"49":[0,4,0,0,0.29240384],"50":[0,4,0,0,0.2943597816],"51":[0,4,0,0,0.2960954663],"52":[0,4,0,0,0.2976287309],"53":[0,4,0,0,0.2989757983],"54":[0,4,0,0,0.3001514449],"55":[0,4,0,0,0.3011691487],"56":[0,4,0,0,0.3020412197],"57":[0,4,0,0,0.3027789156],"58":[0,4,0,0,0.3033925451],"59":[0,4,0,0,0.3038915582],"60":[0,4,0,0,0.3042846286],"61":[0,4,0,0,0.3045797256],"62":[0,4,0,0,0.3047841795],"63":[0,4,0,0,0.3049047392],"64":[0,4,0,0,0.3051843112],"65":[0,4,0,0,0.3056108116],"66":[0,4,0,0,0.3061730917],"67":[0,4,0,0,0.3068608577],"68":[0,4,0,0,0.3076645966],"69":[0,4,0,0,0.3085755105],"70":[0,4,0,0,0.3095854567],"71":[0,4,0,0,0.3106868932],"72":[0,4,0,0,0.31187283],"73":[0,4,0,0,0.3131367837],"74":[0,4,0,0,0.3144727377],"75":[0,4,0,0,0.3158751047],"76":[0,4,0,0,0.3173386933],"77":[0,4,0,0,0.3188586772],"78":[0,4,0,0,0.320430567],"79":[0,4,0,0,0.322050185],"80":[0,4,0,0,0.323713641],"81":[0,4,0,0,0.3254173116],"82":[0,4,0,0,0.3271578201],"83":[0,4,0,0,0.3289320184],"84":[0,4,0,0,0.3307369705],"85":[0,4,0,0,0.332569937],"86":[0,4,0,0,0.3344283616],"87":[0,4,0,0,0.3363098575],"88":[0,4,0,0,0.3382121959],"89":[0,4,0,0,0.3401332949],"90":[0,4,0,0,0.3420712095],"91":[0,4,0,0,0.3440241216],"92":[0,4,0,0,0.3459903324],"93":[0,4,0,0,0.3479682533],"94":[0,4,0,0,0.3498455957],"95":[0,4,0,0,0.351626718],"96":[0,4,0,0,0.3533157613],"97":[0,4,0,0,0.3549166625],"98":[0,4,0,0,0.356433166],"99":[0,4,0,0,0.3578688343],"100":[0,4,0,0,0.3592270588],"101":[0,4,0,0,0.3605110688],"102":[0,4,0,0,0.3617239409],"103":[0,4,0,0,0.3628686071],"104":[0,4,0,0,0.363947863],"105":[0,4,0,0,0.3649643748],"106":[0,4,0,0,0.3659206864],"107":[0,4,0,0,0.366819226],"108":[0,4,0,0,0.367662312],"109":[0,4,0,0,0.3684521588],"110":[0,4,0,0,0.3691908821],"111":[0,4,0,0,0.3698805043],"112":[0,4,0,0,0.3705229589],"113":[0,4,0,0,0.3711200952],"114":[0,4,0,0,0.3716736823],"115":[0,4,0,0,0.3721854133],"116":[0,4,0,0,0.3726569092],"117":[0,4,0,0,0.3730897219],