{"0":{"0":[2,0,0,0,1.0],"1":[2,0,0,0,1.0],"2":[2,0,0,0,1.0],"3":[2,0,0,0,1.0],"4":[2,0,0,0,1.0],"5":[2,0,0,0,1.0],"6":[2,0,0,0,1.0],"7":[2,0,0,0,1.0],"8":[1,0,0,0,0.012345679],"9":[1,0,0,0,0.0311111111],"10":[1,0,0,0,0.0530762167],"11":[1,0,0,0,0.0764309764],"12":[1,0,0,0,0.1001374694],"13":[1,0,0,0,0.1235970379],"14":[1,0,0,0,0.1464683465],"15":[1,0,0,0,0.1685640748],"16":[1,0,0,0,0.1897904095],"17":[1,0,0,0,0.2101106954],"18":[1,0,0,0,0.2295231519],"19":[1,0,0,0,0.2480469943],"20":[1,0,0,0,0.2657136907],"21":[1,0,0,0,0.2825614155],"22":[1,0,0,0,0.2986315241],"23":[1,0,0,0,0.3122302106],"24":[1,0,0,0,0.3237410022],"25":[1,0,0,0,0.3334787743],"26":[1,0,0,0,0.3417038402],"27":[1,0,0,0,0.3486327847],"28":[1,0,0,0,0.3544468742],"29":[1,0,0,0,0.3592986451],"30":[1,0,0,0,0.3633171071],"31":[1,0,0,0,0.366611885],"32":[1,0,0,0,0.3692765386],"33":[1,0,0,0,0.3713912425],"34":[1,0,0,0,0.3730249621],"35":[1,0,0,0,0.3742372317],"36":[1,0,0,0,0.3750796147],"37":[1,0,0,0,0.3755969102],"38":[1,0,0,0,0.3764856153],"39":[1,0,0,0,0.3776984749],"40":[1,0,0,0,0.379194229],"41":[1,0,0,0,0.38093677],"42":[1,0,0,0,0.382894433],"43":[1,0,0,0,0.3850393942],"44":[1,0,0,0,0.3873471608],"45":[1,0,0,0,0.3897961356],"46":[1,0,0,0,0.3923672454],"47":[1,0,0,0,0.3950436222],"48":[1,0,0,0,0.3978103288],"49":[1,0,0,0,0.4006541222],"50":[1,0,0,0,0.4035632494],"51":[1,0,0,0,0.4065272698],"52":[1,0,0,0,0.4095369012],"53":[1,0,0,0,0.4122409503],"54":[1,0,0,0,0.4146630157],"55":[1,0,0,0,0.4168246455],"56":[1,0,0,0,0.4187455428],"57":[1,0,0,0,0.4204437469],"58":[1,0,0,0,0.4219357948],"59":[1,0,0,0,0.4232368649],"60":[1,0,0,0,0.4243609045],"61":[1,0,0,0,0.4253207442],"62":[1,0,0,0,0.4261282003],"63":[1,0,0,0,0.4267941659],"64":[1,0,0,0,0.4273286935],"65":[1,0,0,0,0.4277410687],"66":[1,0,0,0,0.4280398765],"67":[1,0,0,0,0.4282330617],"68":[1,0,0,0,0.4285380226],"69":[1,0,0,0,0.4289466631],"70":[1,0,0,0,0.429451481],"71":[1,0,0,0,0.4300455191],"72":[1,0,0,0,0.4307223209],"73":[1,0,0,0,0.4314758907],"74":[1,0,0,0,0.4323006566],"75":[1,0,0,0,0.4331914375],"76":[1,0,0,0,0.4341434124],"77":[1,0,0,0,0.4351520932],"78":[1,0,0,0,0.4362132988],"79":[1,0,0,0,0.4373231326],"80":[1,0,0,0,0.4384779606],"81":[1,0,0,0,0.4396743923],"82":[1,0,0,0,0.4409092632],"83":[1,0,0,0,0.4420378944],"84":[1,0,0,0,0.4430658223],"85":[1,0,0,0,0.4439982641],"86":[1,0,0,0,0.444840139],"87":[1,0,0,0,0.4455960878],"88":[1,0,0,0,0.446270491],"89":[1,0,0,0,0.4468674856],"90":[1,0,0,0,0.4473909802],"91":[1,0,0,0,0.4478446699],"92":[1,0,0,0,0.4482320495],"93":[1,0,0,0,0.4485564256],"94":[1,0,0,0,0.4488209286],"95":[1,0,0,0,0.4490285231],"96":[1,0,0,0,0.4491820179],"97":[1,0,0,0,0.4492840757],"98":[1,0,0,0,0.4494392513],"99":[1,0,0,0,0.4496448588],"100":[1,0,0,0,0.4498983505],"101":[1,0,0,0,0.4501973094],"102":[1,0,0,0,0.4505394413],"103":[1,0,0,0,0.450922568],"104":[1,0,0,0,0.4513446206],"105":[1,0,0,0,0.4518036336],"106":[1,0,0,0,0.4522977389],"107":[1,0,0,0,0.4528251604],"108":[1,0,0,0,0.4533842091],"109":[1,0,0,0,0.4539732782],"110":[1,0,0,0,0.454590839],"111":[1,0,0,0,0.4552354361],"112":[1,0,0,0,0.455905684],"113":[1,0,0,0,0.4565233165],"114":[1,0,0,0,0.4570904106],"115":[1,0,0,0,0.4576089534],"116":[1,0,0,0,0.4580808471],"117":[1,0,0,0,0.4585079126],"118":[1,0,0,0,0.4588918938],"119":[1,0,0,0,0.4592344614],"120":[1,0,0,0,0.459537216],"121":[1,0,0,0,0.4598016919],"122":[1,0,0,0,0.4600293601],"123":[1,0,0,0,0.4602216311],"124":[1,0,0,0,0.4603798581],"125":[1,0,0,0,0.4605053392],"126":[1,0,0,0,0.4605993203],"127":[1,0,0,0,0.4606629975],"128":[1,0,0,0,0.4607576116],"129":[1,0,0,0,0.4608819613],"130":[1,0,0,0,0.4610348932],"131":[1,0,0,0,0.4612152991],"132":[1,0,0,0,0.461422115],"133":[1,0,0,0,0.461654318],"134":[1,0,0,0,0.4619109252],"135":[1,0,0,0,0.4621909919],"136":[1,0,0,0,0.4624936098],"137":[1,0,0,0,0.4628179052],"138":[1,0,0,0,0.463163038],"139":[1,0,0,0,0.4635282],"140":[1,0,0,0,0.4639126134],"141":[1,0,0,0,0.4643155299],"142":[1,0,0,0,0.4647362292],"143":[1,0,0,0,0.4651257924],"144":[1,0,0,0,0.4654852103],"145":[1,0,0,0,0.4658154392],"146":[1,0,0,0,0.4661174027],"147":[1,0,0,0,0.466391993],"148":[1,0,0,0,0.4666400716],"149":[1,0,0,0,0.4668624711],"150":[1,0,0,0,0.4670599961],"151":[1,0,0,0,0.4672334241],"152":[1,0,0,0,0.4673835068],"153":[1,0,0,0,0.4675109709],"154":[1,0,0,0,0.4676165193],"155":[1,0,0,0,0.4677008315],"156":[1,0,0,0,0.4677645651],"157":[1,0,0,0,0.4678083561],"158":[1,0,0,0,0.4678723754],"159":[1,0,0,0,0.4679559856],"160":[1,0,0,0,0.4680585698],"161":[1,0,0,0,0.4681795313],"162":[1,0,0,0,0.4683182921],"163":[1,0,0,0,0.468474293],"164":[1,0,0,0,0.4686469924],"165":[1,0,0,0,0.4688358659],"166":[1,0,0,0,0.4690404057],"167":[1,0,0,0,0.4692601199],"168":[1,0,0,0,0.4694945318],"169":[1,0,0,0,0.4697431799],"170":[1,0,0,0,0.4700056168],"171":[1,0,0,0,0.4702814089],"172":[1,0,0,0,0.4705701361],"173":[1,0,0,0,0.4708383616],"174":[1,0,0,0,0.4710866322],"175":[1,0,0,0,0.4713154788],"176":[1,0,0,0,0.4715254172],"177":[1,0,0,0,0.4717169485],"178":[1,0,0,0,0.4718905593],"179":[1,0,0,0,0.4720467229]},"1":{"0":null,"1":null,"2":null,"3":null,"4":null,"5":null,"6":null,"7":null,"8":[2,0,0,0,0.987654321],"9":[2,0,0,0,0.9688888889],"10":[2,0,0,0,0.9469237833],"11":[2,0,0,0,0.9235690236],"12":[2,0,0,0,0.8998625306],"13":[2,0,0,0,0.8764029621],"14":[2,0,0,0,0.8535316535],"15":[2,0,0,0,0.8314359252],"16":[2,0,0,0,0.8102095905],"17":[2,0,0,0,0.7898893046],"18":[2,0,0,0,0.7704768481],"19":[2,0,0,0,0.7519530057],"20":[2,0,0,0,0.7342863093],"21":[2,0,0,0,0.7174385845],"22":[2,0,0,0,0.7013684759],"23":[2,0,0,0,0.6877697894],"24":[2,0,0,0,0.6762589978],"25":[2,0,0,0,0.6665212257],"26":[2,0,0,0,0.6582961598],"27":[2,0,0,0,0.6513672153],"28":[2,0,0,0,0.6455531258],"29":[2,0,0,0,0.6407013549],"30":[2,0,0,0,0.6366828929],"31":[2,0,0,0,0.633388115],"32":[2,0,0,0,0.6307234614],"33":[2,0,0,0,0.6286087575],"34":[2,0,0,0,0.6269750379],"35":[2,0,0,0,0.6257627683],"36":[2,0,0,0,0.6249203853],"37":[2,0,0,0,0.6244030898],"38":[2,0,0,0,0.6235143847],"39":[2,0,0,0,0.6223015251],"40":[2,0,0,0,0.620805771],"41":[2,0,0,0,0.61906323],"42":[2,0,0,0,0.617105567],"43":[2,0,0,0,0.6149606058],"44":[2,0,0,0,0.6126528392],"45":[2,0,0,0,0.6102038644],"46":[2,0,0,0,0.6076327546],"47":[2,0,0,0,0.6049563778],"48":[2,0,0,0,0.6021896712],"49":[2,0,0,0,0.5993458778],"50":[2,0,0,0,0.5964367506],"51":[2,0,0,0,0.5934727302],"52":[2,0,0,0,0.5904630988],"53":[2,0,0,0,0.5877590497],"54":[2,0,0,0,0.5853369843],"55":[2,0,0,0,0.5831753545],"56":[2,0,0,0,0.5812544572],"57":[2,0,0,0,0.5795562531],"58":[2,0,0,0,0.5780642052],"59":[2,0,0,0,0.5767631351],"60":[2,0,0,0,0.5756390955],"61":[2,0,0,0,0.5746792558],"62":[2,0,0,0,0.5738717997],"63":[2,0,0,0,0.5729616935],"64":[2,0,0,0,0.5721942355],"65":[2,0,0,0,0.5715595202],"66":[2,0,0,0,0.5710483846],"67":[2,0,0,0,0.5706523444],"68":[2,0,0,0,0.5701534971],"69":[2,0,0,0,0.5695594676],"70":[2,0,0,0,0.5688773167],"71":[2,0,0,0,0.5681135886],"72":[2,0,0,0,0.567274352],"73":[2,0,0,0,0.5663652391],"74":[2,0,0,0,0.5653914804],"75":[2,0,0,0,0.5643579359],"76":[2,0,0,0,0.5632691248],"77":[2,0,0,0,0.5621292511],"78":[2,0,0,0,0.5609422281],"79":[2,0,0,0,0.5597117002],"80":[2,0,0,0,0.5584410635],"81":[2,0,0,0,0.5571334836],"82":[2,0,0,0,0.5557919131],"83":[2,0,0,0,0.5545608302],"84":[2,0,0,0,0.553434509],"85":[2,0,0,0,0.5524075529],"86":[2,0,0,0,0.5514748726],"87":[2,0,0,0,0.5506316664],"88":[2,0,0,0,0.5498734012],"89":[2,0,0,0,0.5491957955],"90":[2,0,0,0,0.5485948032],"91":[2,0,0,0,0.5480665988],"92":[2,0,0,0,0.5476075638],"93":[2,0,0,0,0.5472142738],"94":[2,0,0,0,0.5468834864],"95":[2,0,0,0,0.5466121306],"96":[2,0,0,0,0.5463972963],"97":[2,0,0,0,0.5462362243],"98":[2,0,0,0,0.5460242677],"99":[2,0,0,0,0.5457640251],"100":[2,0,0,0,0.5454579603],"101":[2,0,0,0,0.5451084109],"102":[2,0,0,0,0.544717595],"103":[2,0,0,0,0.5442876181],"104":[2,0,0,0,0.5438204798],"105":[2,0,0,0,0.5433180794],"106":[2,0,0,0,0.5427822217],"107":[2,0,0,0,0.5422146223],"108":[2,0,0,0,0.5416169122],"109":[2,0,0,0,0.5409906427],"110":[2,0,0,0,0.5403372898],