{"0":{"0":259693.2432608965,"1":263189.1745584262,"2":263894.8595609876,"3":259088.655278099,"4":264437.9034623104,"5":259603.0820984017,"6":251575.9029602926,"7":256105.1843279743,"8":258068.7034992444,"9":252441.6349059797,"10":257057.7893617303,"11":253427.7323922749,"12":252899.3381182497,"13":256167.031115137,"14":258435.4771296408,"15":252534.905607237,"16":259089.6456387722,"17":262495.7144642741,"18":260371.4135425905,"19":262696.0849176715,"20":264650.2885882492,"21":260190.9123409128,"22":261362.1579898653,"23":261910.6763952766,"24":261708.6564306183,"25":259564.1183270649,"26":263030.2941787041,"27":259809.1772291941,"28":245016.7190939261,"29":252561.4496933426}}