{"0":{"0":201028.9889388812,"1":195128.5227565654,"2":195038.93118878,"3":189321.4690339416,"4":186950.4077741762,"5":187388.6550984306,"6":182842.511948295,"7":159592.8273814729,"8":178902.6073388981,"9":183007.0606473963,"10":184925.3618625871,"11":193688.3851811607,"12":190533.7460684904,"13":194681.7784495353,"14":200168.8235964564,"15":200327.1030394814,"16":201841.9874409448,"17":202860.9368672461,"18":208519.6577151228,"19":208811.4143028561,"20":208760.2048381491,"21":207681.3917967291,"22":136547.1069647028,"23":207169.5028876524,"24":206211.3902517321,"25":212107.668485729,"26":207719.5770163112,"27":205703.0774844011,"28":202465.35528161,"29":202946.9648839879,"30":195151.3394647191,"31":195229.6207428689,"32":192437.7043158538,"33":194740.5741659168,"34":188038.9111836213,"35":189874.0227697161,"36":182479.708381171,"37":137822.0312453716,"38":179246.9246199085,"39":184541.1654575895,"40":185252.6351105089,"41":194778.8247453464,"42":186258.5162696169,"43":194460.4398785259,"44":195320.2655837297,"45":203383.2540455069,"46":202171.0240724662,"47":204379.2893089524,"48":209264.4576115008,"49":209032.9956005947,"50":208932.4040836234,"51":208702.4169820651,"52":138080.8621375329,"53":206714.3074911087,"54":208471.686551265,"55":213209.4633477317,"56":208516.6592220147,"57":207975.5060634719,"58":202934.1731379709,"59":204675.638309207}}