{"0":{"0":167746.7048577346,"1":167550.6351433153,"2":165446.4113979156,"3":167144.5911806445,"4":166190.7639294315,"5":166844.6717026429,"6":167432.9607279391,"7":166854.0646381377,"8":165816.1522197619,"9":168096.1744672626,"10":166142.0468941379,"11":165368.4732803444,"12":167226.0223200157,"13":166726.9497510312,"14":164905.2028416249,"15":166386.6180675938,"16":164399.4672822707,"17":164473.4191968478,"18":165290.3440499324,"19":165364.1033236522,"20":164221.5704932802,"21":168203.6132415984,"22":165296.3950833236,"23":166156.9464531714,"24":169175.8762229171,"25":166406.4500141922,"26":165839.5072812352,"27":169025.4924636023,"28":166818.9630022413,"29":167509.4001216836,"30":166996.5826959633,"31":166550.993873901,"32":166412.5428975546,"33":167962.9269394841,"34":166921.9302198853,"35":168533.3209437169,"36":166357.9910689901,"37":166385.2294768195,"38":165915.459394308,"39":166371.5044788542,"40":166118.1729098829,"41":166666.9381796714,"42":166623.2530719156,"43":165874.2614765906,"44":164790.1378365712,"45":166381.9875046414,"46":163660.7090156405,"47":165302.1656317725,"48":164949.8701633924,"49":171377.8837192266,"50":165196.4236950708,"51":167497.3928850945,"52":167437.2944607107,"53":166168.2940958175,"54":166978.8417006844,"55":166736.579077727,"56":166170.7483499249,"57":168779.7667696435,"58":165903.7208631575,"59":166183.9027559149}}