{"0":{"0":173310.7469050113,"1":178542.3501022678,"2":179216.7918150335,"3":175621.2053825061,"4":179477.063757819,"5":178187.1818217034,"6":175229.5840066933,"7":183695.5845708106,"8":173786.213341384,"9":172133.1986700189,"10":174959.3755616909,"11":180013.478905703,"12":169574.3209483398,"13":173378.1379054608,"14":175559.5136344683,"15":167231.1283136083,"16":172727.3479491741,"17":175701.4237969838,"18":167305.1396182391,"19":175469.8261259863,"20":167712.2196670636,"21":162962.8591958769,"22":160865.586642151,"23":158687.2933449224,"24":145210.7246339833,"25":142931.8492466874,"26":162580.2343315966,"27":161550.2939983794,"28":160867.5327749915,"29":159210.2904166218,"30":155022.8115010198,"31":157037.5145250761,"32":151335.0003871102,"33":150371.1459966611,"34":160587.6150202382,"35":163585.9598065074,"36":142516.7525420426,"37":155363.6597197854,"38":157785.9638754058,"39":157775.9641141081,"40":160441.2295556814,"41":168345.7271853424,"42":160047.7774213721,"43":153439.4187839631,"44":150319.0545179363,"45":150770.1152871788,"46":166071.0939550895,"47":168958.350294699,"48":162461.7462093404,"49":166733.2423634153,"50":163863.7856361771,"51":163609.3668214754,"52":171090.8591658771,"53":172018.4213877733,"54":164407.3997461566,"55":175218.8748370911,"56":169695.350196136,"57":172130.2998654537,"58":174949.5866460561,"59":177285.5060177262}}