{"0":{"0":193983.0170679481,"1":205687.2703058142,"2":205467.812963223,"3":202633.6711300929,"4":204679.3871854497,"5":208969.8726970758,"6":194598.708494769,"7":201384.3029169426,"8":201914.3139781753,"9":198671.9595149794,"10":200389.934610487,"11":201760.7408638129,"12":202671.8506902851,"13":215686.9257435278,"14":212665.6981953602,"15":202762.1281243032,"16":211213.6067570849,"17":202309.9942197014,"18":199640.1176911937,"19":202941.1572300679,"20":204843.3342014208,"21":203001.2402103432,"22":210971.9345567923,"23":211141.3609580307,"24":205251.8416602838,"25":209633.4936648084,"26":193765.0815236541,"27":190118.694836022,"28":207166.2100397475,"29":203954.0279801342,"30":197704.4171074296,"31":205264.2023469478,"32":208734.4687489737,"33":194590.1863726552,"34":213532.0458081404,"35":206476.1937687757,"36":194535.9440129711,"37":201250.7704890524,"38":192788.1232655377,"39":179031.6453913492,"40":187171.7373543585,"41":192885.0534375219,"42":172723.2421742415,"43":186892.2182834424,"44":169765.2089631457,"45":172822.838364118,"46":181145.3132554785,"47":191747.7742673653,"48":193175.2292776586,"49":194755.7630431444,"50":197595.7782307941,"51":175350.7605357459,"52":176746.9418076329,"53":173394.3350816847,"54":167146.491315249,"55":184109.3767960203,"56":188089.6549018779,"57":183766.0059292674,"58":198030.4888796933,"59":200333.2243693961}}