{"0":{"0":164034.6496596381,"1":179174.4450930882,"2":185761.3453080598,"3":190812.9200693541,"4":204923.2954740704,"5":188812.9383241297,"6":192921.9230613543,"7":204551.7654562304,"8":198618.5530782139,"9":195562.6375015277,"10":203349.1819813587,"11":211981.1937568558,"12":207936.2153474077,"13":207014.3000420864,"14":183801.9273718381,"15":186795.7975694939,"16":200493.6574622013,"17":205367.5490926131,"18":206317.4782991747,"19":207180.5096985927,"20":198685.998570586,"21":203000.6696724741,"22":201403.1972941147,"23":197981.4308043704,"24":197831.6107107732,"25":203386.0855658477,"26":191997.6362383382,"27":176310.5672486494,"28":191994.7253466354,"29":161198.5894391662,"30":181331.2372974925,"31":200635.9565839914,"32":181626.7563949389,"33":172097.6200441203,"34":187376.3244328388,"35":192250.5598408262,"36":196184.5825514857,"37":210548.6285036976,"38":207523.5166254837,"39":211310.4428018417,"40":186848.3227303646,"41":192268.9533621818,"42":178044.2201732492,"43":205786.726719721,"44":227752.0779415653,"45":226449.3576664039,"46":228503.7638992729,"47":194928.7307111292,"48":196434.8978426038,"49":199427.9204435398,"50":204157.3647357418,"51":210196.8387293371,"52":207159.897092242,"53":216148.4255865334,"54":168045.1104088941,"55":182473.3343881855,"56":181977.6155815379,"57":182518.0769424742,"58":199515.1685212347,"59":186415.5143856831}}