{"0":{"0":230243.2707870117,"1":248837.1241963081,"2":255043.5386710271,"3":256955.3666770891,"4":263065.8263294226,"5":266504.2390164043,"6":260718.9454260704,"7":269080.5735097003,"8":266863.8122944379,"9":233182.6916873365,"10":231186.8759019156,"11":225337.2216634986,"12":217581.1018869229,"13":217726.4676111695,"14":213543.0289633823,"15":259442.671869445,"16":241557.8055775343,"17":257499.7569601104,"18":262258.7046752735,"19":266806.4727593641,"20":261765.8353050608,"21":256185.4409472879,"22":258463.3170613887,"23":248124.2229362997,"24":230158.5058004898,"25":251656.9218690717,"26":259358.4072169964,"27":256932.0341213158,"28":250363.1714711669,"29":232554.8060349057}}