{"0":{"0":190816.3925787911,"1":160438.1109581793,"2":162791.0637812618,"3":179683.1666965523,"4":179415.5401886524,"5":176110.28600932,"6":176735.3177619864,"7":165575.1778345227,"8":160985.4725283068,"9":127317.827082243,"10":122590.2712015986,"11":122240.2016042686,"12":115692.3700740155,"13":110264.4917078164,"14":117376.7352414465,"15":106310.5615030005,"16":109783.3298367203,"17":113440.1600021379,"18":123710.4722412025,"19":144554.6699037586,"20":116307.954293029,"21":117856.6604720585,"22":109166.0655531697,"23":118443.9691032092,"24":112121.5428234241,"25":152963.9821455746,"26":182043.5362402624,"27":170135.3945595188,"28":169508.677354106,"29":174901.6433937503,"30":175922.8285228262,"31":175528.7893129474,"32":174829.6783545521,"33":161700.8744813514,"34":162184.2705442201,"35":182595.5587815254,"36":182558.571761948,"37":160265.1509944727,"38":160009.7950801515,"39":172936.8243812115,"40":149278.3862230855,"41":144399.6221827528,"42":145053.2696821463,"43":143570.6638242302,"44":137767.5566061622,"45":131496.1744751922,"46":133522.1979228879,"47":124471.7785909606,"48":146819.5426766686,"49":108537.9229426786,"50":110462.8044122343,"51":113971.7320476182,"52":116422.5556813421,"53":170073.9194201713,"54":117816.0461432322,"55":112992.4857095078,"56":111528.5924628716,"57":108777.0208238288,"58":182037.2272693609,"59":107157.5425213913}}