{"0":{"0":181513.6979838753,"1":183792.6938993139,"2":171239.2652233243,"3":163487.5355964142,"4":155306.656358677,"5":153576.277749847,"6":148829.8410290715,"7":146716.6883529254,"8":178803.5426236668,"9":138938.5345739311,"10":133582.9279545311,"11":135247.1014149117,"12":131679.8106111698,"13":130550.936942484,"14":153119.1829403195,"15":132314.8514486721,"16":129534.8291847454,"17":135011.2861389016,"18":135281.0346756066,"19":136438.4610871846,"20":156695.7491142942,"21":141660.6756877782,"22":142490.615595157,"23":147294.4245751769,"24":150745.9698587996,"25":156793.8271670105,"26":157697.1337412908,"27":169287.5309301289,"28":178102.013691321,"29":181065.3633567921,"30":179271.6702706098,"31":174080.3121983925,"32":159305.2272971857,"33":157568.4973007399,"34":149980.3334114881,"35":154152.159281632,"36":142224.0632984861,"37":141207.0518979157,"38":134812.9030826883,"39":139691.7367142005,"40":134626.7790743065,"41":134031.214486098,"42":142027.4980731885,"43":130038.1606335984,"44":127535.2952467285,"45":133227.2393930812,"46":129996.4293587259,"47":129730.7078943705,"48":136597.1289456141,"49":136571.3926221615,"50":138442.1769836741,"51":147369.0993715845,"52":147579.8192611064,"53":153319.5591505782,"54":155288.9610517272,"55":160166.4419448001,"56":165759.0853868523,"57":181451.8157010032,"58":181860.6687116381,"59":181543.7847846387}}