{"0":{"0":183716.0679076995,"1":184917.8474491,"2":183639.6095539983,"3":177306.1508647831,"4":176585.4478359852,"5":179041.2948357937,"6":168829.7856156508,"7":177538.3452409429,"8":174044.2849968481,"9":169317.6515791607,"10":170274.677453113,"11":174180.1390302799,"12":166905.7287580645,"13":162833.476964425,"14":168077.2926055181,"15":162402.5462788791,"16":167987.0875638627,"17":167148.1647327559,"18":155477.399277511,"19":158224.2464690853,"20":149156.319970585,"21":145157.8419284204,"22":153322.0542530897,"23":157540.743863205,"24":141213.4970463647,"25":146039.3903796472,"26":132441.6100913342,"27":143828.7508766634,"28":150157.2099545166,"29":151505.3139698361,"30":151544.1906719994,"31":148140.7694966676,"32":146460.9977589447,"33":141688.5977911319,"34":141069.1147916423,"35":143510.8246335622,"36":148453.9082120569,"37":159567.0238980079,"38":177563.1898391996,"39":160236.7421835045,"40":147948.2682890581,"41":145933.2425130489,"42":139922.6356121973,"43":143354.8014211979,"44":144552.3023071607,"45":147049.1257018439,"46":151157.4459869708,"47":152256.5272956352,"48":149322.466676,"49":152625.3209288426,"50":135585.9477690397,"51":132017.8886257139,"52":141243.8612957431,"53":146572.3679174609,"54":151038.5507413919,"55":149613.1926830806,"56":152133.2779808695,"57":142213.5526702202,"58":162486.5078642406,"59":157559.2182367453}}