{"0":{"0":250012.7858582749,"1":258026.1989721523,"2":257330.3524229145,"3":254140.5869597742,"4":254619.0786285857,"5":233549.0394658703,"6":230451.6603071831,"7":231762.6203344761,"8":226524.5035128532,"9":223446.2070213452,"10":241709.4061219651,"11":226901.7353550147,"12":226524.7372139535,"13":231480.2442308407,"14":232043.9491857555,"15":226613.8940823103,"16":228336.6038552246,"17":225355.9422435083,"18":222989.7957157846,"19":247283.2854183528,"20":233849.1130515343,"21":245249.863577297,"22":257780.0407749826,"23":259559.6661582343,"24":252291.8183490505,"25":254195.2774519385,"26":257271.0823585261,"27":252325.8512545799,"28":233037.7339704757,"29":239194.7739294106}}