{"0":{"0":181189.1910778188,"1":176135.7041988639,"2":176599.2569763506,"3":172260.7808526724,"4":171384.7679569523,"5":169788.9525028112,"6":168672.1462155484,"7":156711.6139669901,"8":176901.2835741755,"9":179264.93069405,"10":182308.5632871088,"11":186925.3058873194,"12":188657.0263340155,"13":190589.1712446666,"14":196300.7291905562,"15":196111.3508255342,"16":196290.136783162,"17":205511.9402139913,"18":202756.6625457941,"19":198386.6702845311,"20":182663.3049572031,"21":121505.6778197082,"22":107240.4644214473,"23":104907.8734751547,"24":103820.7970204144,"25":108353.2181773358,"26":110512.5155458057,"27":113224.9070891769,"28":103206.8940318728,"29":94384.2469720377,"30":152901.7808869634,"31":108990.0713021521,"32":117070.7266434388,"33":159470.096646215,"34":160594.8990430082,"35":153824.3465926537,"36":175396.2442722487,"37":168995.0862594382,"38":167193.6524500853,"39":134647.2649554264,"40":175113.6382810328,"41":179902.7284489353,"42":187373.3203761257,"43":186555.9906985783,"44":189597.3644159469,"45":192882.3662392324,"46":196440.2407847735,"47":198828.4749932158,"48":198784.9829757209,"49":206412.8735896029,"50":205053.7083217871,"51":204774.5005636941,"52":205746.6027755916,"53":157964.3817612662,"54":184780.7983744888,"55":187028.9226934709,"56":188109.4826734909,"57":187878.6845093048,"58":184942.0848780859,"59":184219.3770367722}}