{"S1_pitch":{"correlation":0.0,"p-value":1.0},"S1_yaw":{"correlation":-0.1165049664,"p-value":0.5438661901},"S1_roll":{"correlation":-0.1165049664,"p-value":0.5438661901},"S1_surge":{"correlation":0.2829406328,"p-value":0.1404581822},"S1_heave":{"correlation":null,"p-value":null},"S1_sway":{"correlation":-0.0483650833,"p-value":0.8010593709},"S2_pitch":{"correlation":-0.0241825417,"p-value":0.8997412987},"S2_yaw":{"correlation":-0.1861251638,"p-value":0.3238063688},"S2_roll":{"correlation":-0.4689439911,"p-value":0.0118293801},"S2_surge":{"correlation":0.1694081056,"p-value":0.3700424969},"S2_heave":{"correlation":null,"p-value":null},"S2_sway":{"correlation":0.3149196828,"p-value":0.1008609543},"S3_pitch":{"correlation":0.14509525,"p-value":0.449691798},"S3_yaw":{"correlation":-0.217642875,"p-value":0.256839258},"S3_roll":{"correlation":0.2829406328,"p-value":0.1404581822},"S3_surge":{"correlation":-0.1930152894,"p-value":0.3146144553},"S3_heave":{"correlation":null,"p-value":null},"S3_sway":{"correlation":-0.0380252876,"p-value":0.8429611816},"S4":{"correlation":-0.0641767232,"p-value":0.5493264096},"S5":{"correlation":0.124127702,"p-value":0.2468177931},"S6":{"correlation":-0.0555416435,"p-value":0.6043156872}}