{"0":{"0":-131572.6311629412,"1":-131503.1275550587,"2":-129939.2194347543,"3":-131175.6293030132,"4":-130550.5491154901,"5":-131068.704580766,"6":-131439.3259670472,"7":-123515.6433397098,"8":-122769.8002035329,"9":-124171.3027593082,"10":-122942.4868914306,"11":-122430.034808816,"12":-123638.0360942598,"13":-123420.6368667547,"14":-122178.9964596295,"15":-123088.1002363942,"16":-121735.0167351526,"17":-121843.0395970524,"18":-122300.6747066644,"19":-122464.2459059926,"20":-121759.4520518473,"21":-132042.5330084014,"22":-129975.6712298245,"23":-130462.9408089328,"24":-132428.11052978,"25":-130599.2299356283,"26":-130254.7658060976,"27":-132500.2350125286,"28":-130985.0217812287,"29":-131487.7535362976,"30":-131032.2954450504,"31":-130772.8397404132,"32":-130702.9119643881,"33":-131850.1147346496,"34":-131091.8884827434,"35":-124677.1387645175,"36":-123131.2895388239,"37":-123170.6155445797,"38":-122800.6190048211,"39":-123113.5579442999,"40":-122949.5886468336,"41":-123359.6097194802,"42":-123242.9726145392,"43":-122769.3520328399,"44":-121974.7982179621,"45":-122953.8114038291,"46":-121233.5932133308,"47":-122403.8567767042,"48":-122220.8977152225,"49":-134375.0304510246,"50":-129873.4355452196,"51":-131323.807651007,"52":-131312.8785503021,"53":-130431.2419309795,"54":-131040.703824221,"55":-130943.0976093541,"56":-130521.5757254315,"57":-132377.8332392351,"58":-130327.5780070528,"59":-130523.9261695545}}