{"0":{"0":-24706.2632026361,"1":-23018.2222138305,"2":-22316.4987354931,"3":-24893.0952016349,"4":-22441.6142287124,"5":-23280.199958198,"6":-25177.2903595744,"7":-22498.2471669234,"8":-26355.0383007986,"9":-26312.6713119195,"10":-23216.017101541,"11":-22619.2913172889,"12":-26222.1442506238,"13":-24404.2144736849,"14":-23791.8141070821,"15":-27160.5766454488,"16":-24360.9905908479,"17":-23016.8794218071,"18":-26876.7501314863,"19":-24087.6370163649,"20":-24987.0321332299,"21":-27960.4320729549,"22":-26655.6950019164,"23":-26825.0463542232,"24":-29802.621518193,"25":-24776.6511342,"26":-27739.6391804447,"27":-29120.6384956399,"28":-28750.7363239246,"29":-29599.3099153301,"30":-28629.3577626393,"31":-27031.3186318494,"32":-27114.2498882716,"33":-26769.9024097333,"34":-26660.4491042255,"35":-27994.3116350334,"36":-26912.3542719183,"37":-26963.7756019811,"38":-27787.7864777777,"39":-28571.3846536674,"40":-28725.8555666836,"41":-26465.4783596193,"42":-30367.3382255988,"43":-28237.7465827513,"44":-26689.3895851506,"45":-28351.2953894127,"46":-26222.4236792699,"47":-25398.7857444208,"48":-28229.9273574032,"49":-28216.9006366093,"50":-28461.2563763455,"51":-27052.585220302,"52":-24620.1865007602,"53":-24799.0340180727,"54":-27442.8672745746,"55":-23509.9024671948,"56":-24828.4509429756,"57":-25454.5186647847,"58":-23301.9100405041,"59":-22648.0420688352}}