{"0":{"0":-250012.7858603243,"1":-258026.198974384,"2":-257330.3524251557,"3":-254140.5869618641,"4":-254619.078630698,"5":-233549.0394660393,"6":-230451.660307294,"7":-231762.6203345719,"8":-226524.503512761,"9":-223446.207021392,"10":-241709.4061223831,"11":-226901.7353567697,"12":-226524.7372155965,"13":-231480.244232688,"14":-232043.9491876711,"15":-226613.8940823537,"16":-228336.6038551463,"17":-225355.9422435973,"18":-222989.7957158552,"19":-247283.2854185563,"20":-233849.1130533613,"21":-245249.8635792184,"22":-257780.0407772631,"23":-259559.666160499,"24":-252291.8183511253,"25":-254195.2774539877,"26":-257271.0823608233,"27":-252325.8512566289,"28":-233037.7339712317,"29":-239194.7739293891}}