{"0":{"0":-111797.3149090299,"1":-110502.2840998452,"2":-110608.5362295067,"3":-110582.6897228393,"4":-111156.6679074588,"5":-110213.852997034,"6":-111697.3343623639,"7":-131309.2422182233,"8":-131684.6303434828,"9":-131377.3063279733,"10":-131478.5087006038,"11":-129972.4944665906,"12":-132573.925385758,"13":-131090.5015553848,"14":-131109.8329522077,"15":-130487.7448965861,"16":-129622.6422097415,"17":-125975.7546112826,"18":-122635.751882152,"19":-120113.1792947144,"20":-99506.9191899731,"21":-97468.5618873685,"22":-96056.9669575959,"23":-95366.5451780212,"24":-96158.7616287808,"25":-93989.5353435396,"26":-91413.7966935679,"27":-113817.9486700617,"28":-131226.9180846689,"29":-129496.024280316,"30":-129135.1211697419,"31":-125024.3403263698,"32":-122554.7150904126,"33":-120947.4077013904,"34":-118671.8908029193,"35":-113848.2845503463,"36":-111722.7425633799,"37":23783.0928328295,"38":-90566.7995419065,"39":-91194.334822629,"40":-92491.7220382706,"41":-101283.0208908816,"42":-111891.9896423445,"43":-110325.1970890622,"44":-110830.1358981318,"45":-111272.6860401832,"46":-110933.8371032226,"47":23000.0014240242,"48":-131551.5374550625,"49":-130669.1073290478,"50":-130791.8591015636,"51":-131248.5182878391,"52":-131727.3888164526,"53":-130926.5525851581,"54":-132311.3825266552,"55":-130653.5602816708,"56":-130900.3152772363,"57":-130709.1384996906,"58":-130260.246111395,"59":-129812.634579834}}