{"0":{"0":-144887.2321511946,"1":-157969.8393207909,"2":-160716.7258815418,"3":-167612.4421415263,"4":-175611.1837501199,"5":-163125.0575882315,"6":-167761.6412298423,"7":-176163.2749919409,"8":-174000.3808733996,"9":-165316.4226022227,"10":-174955.5777752627,"11":-180047.4449906679,"12":-177170.9259979062,"13":-177411.4115730083,"14":-159548.7199905037,"15":-56629.0850070783,"16":-57921.4518846503,"17":-53474.7762273831,"18":-48140.0927167049,"19":-39506.4693893301,"20":-44917.6024424144,"21":-49630.3899718141,"22":-48043.1514661678,"23":-47853.3766516277,"24":-48509.5671266009,"25":-51185.3319955087,"26":-50257.1672445203,"27":-53228.369723189,"28":-54523.8750712176,"29":-54170.9950291797,"30":-55003.9081065576,"31":-50902.4902297372,"32":-49639.3882321025,"33":-46703.1922854061,"34":-47449.2528751835,"35":-134902.6624810651,"36":-131031.0212286337,"37":-132392.1090200748,"38":-163316.9451209167,"39":-168784.4618948867,"40":-180173.3784389236,"41":-163476.4514450777,"42":-171681.9374761612,"43":-167594.4943704231,"44":-160498.0209864992,"45":-157650.2977566195,"46":-157151.970375612,"47":-175282.6680207242,"48":-157905.9368130249,"49":-142619.9628947558,"50":-155471.8438588998,"51":-159750.1600440007,"52":-168238.2074511771,"53":-178991.6914189871,"54":-159637.6894918901,"55":-168141.3624581603,"56":-175885.3602724868,"57":-175710.1845089557,"58":-166727.7559149812,"59":-175558.6498454833}}