Time,MPEntropy
0.333333,1.0
0.666667,1.0
1.0,1.0
1.333333,1.0
1.666667,1.0
2.0,1.0
2.333333,1.0
2.666667,1.0
3.0,1.0
3.333333,1.0
3.666667,1.0
4.0,1.0
4.3333330000000005,1.0
4.6666669999999995,1.0
5.0,1.0
5.3333330000000005,1.0
5.6666669999999995,1.0
6.0,1.0
6.3333330000000005,1.0
6.6666669999999995,1.0
7.0,1.0
7.3333330000000005,1.0
7.6666669999999995,1.0
8.0,1.0
8.333333,1.0
8.666667,1.0
9.0,1.0
9.333333,1.0
9.666667,1.0
10.0,1.0
