{"0":{"0":0.9999987284,"1":0.9999949137,"2":1.0,"3":0.9999974569,"4":1.0,"5":1.0,"6":1.0,"7":1.0,"8":1.0,"9":0.9997075399,"10":1.0,"11":0.9999821981,"12":1.0,"13":0.9998296102,"14":0.9999847412,"15":0.9999987284,"16":1.0,"17":1.0,"18":0.9999860128,"19":0.999961853,"20":0.999844869,"21":0.9997825623,"22":1.0,"23":0.9999821981,"24":1.0,"25":1.0,"26":1.0,"27":1.0,"28":1.0,"29":0.9999885559},"1":{"0":0.0000012716,"1":0.0000050863,"2":0.0,"3":0.0000025431,"4":0.0,"5":0.0,"6":0.0,"7":0.0,"8":0.0,"9":0.0002924601,"10":0.0,"11":0.0000178019,"12":0.0,"13":0.0001703898,"14":0.0000152588,"15":0.0000012716,"16":0.0,"17":0.0,"18":0.0000139872,"19":0.000038147,"20":0.000155131,"21":0.0002174377,"22":0.0,"23":0.0000178019,"24":0.0,"25":0.0,"26":0.0,"27":0.0,"28":0.0,"29":0.0000114441},"2":{"0":0.0,"1":0.0,"2":0.0,"3":0.0,"4":0.0,"5":0.0,"6":0.0,"7":0.0,"8":0.0,"9":0.0,"10":0.0,"11":0.0,"12":0.0,"13":0.0,"14":0.0,"15":0.0,"16":0.0,"17":0.0,"18":0.0,"19":0.0,"20":0.0,"21":0.0,"22":0.0,"23":0.0,"24":0.0,"25":0.0,"26":0.0,"27":0.0,"28":0.0,"29":0.0}}