{"0":{"0":0.7380167643,"1":0.7533276876,"2":0.7677294413,"3":0.766834259,"4":0.7554868062,"5":0.8047421773,"6":0.8175684611,"7":0.9998575846,"8":0.839225769,"9":0.8224767049,"10":0.7676328023,"11":0.774055481,"12":0.7865015666,"13":0.7748209635,"14":0.7616615295,"15":0.8063824972,"16":0.7701174418,"17":0.7498842875,"18":0.7560119629,"19":0.7749760946,"20":0.7502123515,"21":0.7806040446,"22":0.9968388875,"23":0.7746047974,"24":0.7754427592,"25":0.7649027507,"26":0.754330953,"27":0.7440897624,"28":0.7259546916,"29":0.7778663635,"30":0.7494977315,"31":0.7587267558,"32":0.7682151794,"33":0.7748476664,"34":0.7567609151,"35":0.801873525,"36":0.8218968709,"37":0.999188741,"38":0.841855367,"39":0.8225529989,"40":0.7844874064,"41":0.7737935384,"42":0.7898966471,"43":0.7751706441,"44":0.75522995,"45":0.7925008138,"46":0.7871589661,"47":0.7391268412,"48":0.7782389323,"49":0.7511316935,"50":0.7542483012,"51":0.78358078,"52":0.9336115519,"53":0.767250061,"54":0.7591807048,"55":0.7690416972,"56":0.7594629924,"57":0.7407099406,"58":0.7193539937,"59":0.7727419535},"1":{"0":0.0766766866,"1":0.0729370117,"2":0.0687764486,"3":0.0596796672,"4":0.0771420797,"5":0.064927419,"6":0.0578524272,"7":0.0001424154,"8":0.0705324809,"9":0.0634460449,"10":0.0838813782,"11":0.066734314,"12":0.0753555298,"13":0.0792299906,"14":0.083316803,"15":0.0656941732,"16":0.0880432129,"17":0.0921274821,"18":0.0944875081,"19":0.1030158997,"20":0.1143951416,"21":0.1272913615,"22":0.0031522115,"23":0.1098848979,"24":0.1037813822,"25":0.1011288961,"26":0.0856119792,"27":0.0856081645,"28":0.0821698507,"29":0.0694122314,"30":0.0792210897,"31":0.0774701436,"32":0.0681139628,"33":0.0549596151,"34":0.0722465515,"35":0.0654945374,"36":0.0583788554,"37":0.000811259,"38":0.0666643778,"39":0.065536499,"40":0.0718104045,"41":0.0677032471,"42":0.0683606466,"43":0.072816213,"44":0.0893427531,"45":0.0723991394,"46":0.0843963623,"47":0.0899098714,"48":0.0920028687,"49":0.1019617716,"50":0.1182174683,"51":0.119855245,"52":0.0608291626,"53":0.1094830831,"54":0.1109695435,"55":0.1006139119,"56":0.0849939982,"57":0.0840492249,"58":0.0839309692,"59":0.0657793681},"2":{"0":0.1853065491,"1":0.1737353007,"2":0.1634941101,"3":0.1734860738,"4":0.1673711141,"5":0.1303304036,"6":0.1245791117,"7":0.0,"8":0.0902417501,"9":0.1140772502,"10":0.1484858195,"11":0.1592102051,"12":0.1381429036,"13":0.1459490458,"14":0.1550216675,"15":0.1279233297,"16":0.1418393453,"17":0.1579882304,"18":0.149500529,"19":0.1220080058,"20":0.1353925069,"21":0.0921045939,"22":0.000008901,"23":0.1155103048,"24":0.1207758586,"25":0.1339683533,"26":0.1600570679,"27":0.1703020732,"28":0.1918754578,"29":0.152721405,"30":0.1712811788,"31":0.1638031006,"32":0.1636708577,"33":0.1701927185,"34":0.1709925334,"35":0.1326319377,"36":0.1197242737,"37":0.0,"38":0.0914802551,"39":0.1119105021,"40":0.1437021891,"41":0.1585032145,"42":0.1417427063,"43":0.1520131429,"44":0.155427297,"45":0.1351000468,"46":0.1284446716,"47":0.1709632874,"48":0.1297581991,"49":0.1469065348,"50":0.1275342306,"51":0.096563975,"52":0.0055592855,"53":0.1232668559,"54":0.1298497518,"55":0.1303443909,"56":0.1555430094,"57":0.1752408346,"58":0.196715037,"59":0.1614786784}}