{"0":{"0":0.9967473348,"1":0.9974441528,"2":0.9906183879,"3":0.995367686,"4":0.9966278076,"5":0.9988632202,"6":0.9987424215,"7":0.9992141724,"8":0.9982922872,"9":0.9980341593,"10":0.996219635,"11":0.992149353,"12":0.9982274373,"13":0.9996986389,"14":0.9962895711,"15":0.9964853923,"16":0.9892247518,"17":0.9911448161,"18":0.9914754232,"19":0.9989382426,"20":0.9991950989,"21":0.9996693929,"22":0.9984219869,"23":0.9936485291,"24":0.9948717753,"25":0.9898007711,"26":0.994951884,"27":0.9966888428,"28":0.9954376221,"29":0.9975522359,"30":0.9911702474,"31":0.9950574239,"32":0.9953956604,"33":0.9987983704,"34":0.9984842936,"35":0.9996579488,"36":0.998181661,"37":0.998471578,"38":0.9954528809,"39":0.9936269124,"40":0.9980290731,"41":0.9992230733,"42":0.99659729,"43":0.9971847534,"44":0.9904785156,"45":0.9912618001,"46":0.9898211161,"47":0.9980672201,"48":0.9988911947,"49":1.0,"50":0.9979667664,"51":0.9918670654,"52":0.9958775838,"53":0.9888267517,"54":0.991780599,"55":0.9957084656,"56":0.9948120117,"57":0.9981600444,"58":0.9926948547,"59":0.9943771362},"1":{"0":0.0023155212,"1":0.001885732,"2":0.0051193237,"3":0.0016517639,"4":0.0033327738,"5":0.001024882,"6":0.0012194316,"7":0.000512441,"8":0.0014241536,"9":0.0016225179,"10":0.0028457642,"11":0.0048243205,"12":0.001759847,"13":0.000298818,"14":0.002456665,"15":0.0021718343,"16":0.0052820841,"17":0.0037231445,"18":0.0084393819,"19":0.0010617574,"20":0.0008049011,"21":0.0003255208,"22":0.0015678406,"23":0.0053571065,"24":0.0039215088,"25":0.0026334127,"26":0.0030466715,"27":0.0025583903,"28":0.0035476685,"29":0.0017827352,"30":0.0058466593,"31":0.0016276042,"32":0.0040130615,"33":0.0011558533,"34":0.0014851888,"35":0.0002733866,"36":0.0017878215,"37":0.0015106201,"38":0.0035718282,"39":0.0037651062,"40":0.0018882751,"41":0.000773112,"42":0.0027796427,"43":0.0017293294,"44":0.0049654643,"45":0.0037549337,"46":0.0098749797,"47":0.0019327799,"48":0.0011088053,"49":0.0,"50":0.0015767415,"51":0.0055249532,"52":0.0030899048,"53":0.003288269,"54":0.0058352153,"55":0.0035438538,"56":0.0040944417,"57":0.0015741984,"58":0.0068181356,"59":0.0025990804},"2":{"0":0.000937144,"1":0.0006701152,"2":0.0042622884,"3":0.0029805501,"4":0.0000394185,"5":0.0001118978,"6":0.000038147,"7":0.0002733866,"8":0.0002835592,"9":0.0003433228,"10":0.0009346008,"11":0.0030263265,"12":0.0000127157,"13":0.0000025431,"14":0.0012537638,"15":0.0013427734,"16":0.0054931641,"17":0.0051320394,"18":0.0000851949,"19":0.0,"20":0.0,"21":0.0000050863,"22":0.0000101725,"23":0.0009943644,"24":0.0012067159,"25":0.0075658162,"26":0.0020014445,"27":0.0007527669,"28":0.0010147095,"29":0.0006650289,"30":0.0029830933,"31":0.0033149719,"32":0.0005912781,"33":0.0000457764,"34":0.0000305176,"35":0.0000686646,"36":0.0000305176,"37":0.0000178019,"38":0.0009752909,"39":0.0026079814,"40":0.0000826518,"41":0.0000038147,"42":0.0006230672,"43":0.0010859172,"44":0.0045560201,"45":0.0049832662,"46":0.0003039042,"47":0.0,"48":0.0,"49":0.0,"50":0.0004564921,"51":0.0026079814,"52":0.0010325114,"53":0.0078849792,"54":0.0023841858,"55":0.0007476807,"56":0.0010935465,"57":0.0002657572,"58":0.0004870097,"59":0.0030237834}}