{"0":{"0":0.9548810323,"1":0.9337069194,"2":0.9108390808,"3":0.9244117737,"4":0.9361635844,"5":0.954574585,"6":0.9512583415,"7":0.9641125997,"8":0.9787979126,"9":0.9664624532,"10":0.9267145793,"11":0.8696632385,"12":0.9052225749,"13":0.8778381348,"14":0.8346328735,"15":0.8858998617,"16":0.8515777588,"17":0.9081967672,"18":0.8771959941,"19":0.9021695455,"20":0.8511416117,"21":0.8461990356,"22":0.8706334432,"23":0.8276354472,"24":0.8817749023,"25":0.9042854309,"26":0.8992131551,"27":0.9265708923,"28":0.9632034302,"29":0.9713770549,"30":0.9585075378,"31":0.9453684489,"32":0.9309374491,"33":0.9149627686,"34":0.912920634,"35":0.9356651306,"36":0.9622421265,"37":0.9641138713,"38":0.9530982971,"39":0.9604733785,"40":0.9551506042,"41":0.9192237854,"42":0.9418716431,"43":0.9109687805,"44":0.9257977804,"45":0.9089571635,"46":0.9113782247,"47":0.9236704508,"48":0.8938293457,"49":0.915608724,"50":0.9072545369,"51":0.9122670492,"52":0.938070933,"53":0.9192632039,"54":0.9206453959,"55":0.9393641154,"56":0.9506047567,"57":0.9513867696,"58":0.9561653137,"59":0.9574521383},"1":{"0":0.0307273865,"1":0.0442555745,"2":0.0703061422,"3":0.0501645406,"4":0.0432472229,"5":0.0301984151,"6":0.037311554,"7":0.0298906962,"8":0.0176544189,"9":0.0246213277,"10":0.0456047058,"11":0.0913365682,"12":0.0660425822,"13":0.0589764913,"14":0.0999806722,"15":0.0723635356,"16":0.0891571045,"17":0.0774993896,"18":0.0695037842,"19":0.0777943929,"20":0.1124483744,"21":0.0761884054,"22":0.0767402649,"23":0.0852788289,"24":0.0689061483,"25":0.0715204875,"26":0.0757624308,"27":0.0413487752,"28":0.0287907918,"29":0.0253130595,"30":0.0360209147,"31":0.0414365133,"32":0.0471496582,"33":0.0511728923,"34":0.0603485107,"35":0.0502662659,"36":0.0300483704,"37":0.0307947795,"38":0.0373001099,"39":0.0311495463,"40":0.0348943075,"41":0.0395431519,"42":0.0420379639,"43":0.0619443258,"44":0.0448621114,"45":0.0460993449,"46":0.0516675313,"47":0.0464642843,"48":0.0793736776,"49":0.0479698181,"50":0.0573717753,"51":0.0497817993,"52":0.0415178935,"53":0.0646044413,"54":0.0498034159,"55":0.0309181213,"56":0.0381393433,"57":0.0326004028,"58":0.0325126648,"59":0.0292943319},"2":{"0":0.0143915812,"1":0.0220375061,"2":0.018854777,"3":0.0254236857,"4":0.0205891927,"5":0.0152269999,"6":0.0114301046,"7":0.0059967041,"8":0.0035476685,"9":0.0089162191,"10":0.0276807149,"11":0.0390001933,"12":0.0287348429,"13":0.0631853739,"14":0.0653864543,"15":0.0417366028,"16":0.0592651367,"17":0.0143038432,"18":0.0533002218,"19":0.0200360616,"20":0.0364100138,"21":0.077612559,"22":0.0526262919,"23":0.0870857239,"24":0.0493189494,"25":0.0241940816,"26":0.0250244141,"27":0.0320803324,"28":0.008005778,"29":0.0033098857,"30":0.0054715474,"31":0.0131950378,"32":0.0219128927,"33":0.0338643392,"34":0.0267308553,"35":0.0140686035,"36":0.0077095032,"37":0.0050913493,"38":0.009601593,"39":0.0083770752,"40":0.0099550883,"41":0.0412330627,"42":0.0160903931,"43":0.0270868937,"44":0.0293401082,"45":0.0449434916,"46":0.036954244,"47":0.0298652649,"48":0.0267969767,"49":0.0364214579,"50":0.0353736877,"51":0.0379511515,"52":0.0204111735,"53":0.0161323547,"54":0.0295511882,"55":0.0297177633,"56":0.0112559001,"57":0.0160128276,"58":0.0113220215,"59":0.0132535299}}