{"0":{"0":0.962176005,"1":0.9430923462,"2":0.929968516,"3":0.936059316,"4":0.928730011,"5":0.9447644552,"6":0.9437408447,"7":0.9024047852,"8":0.8952713013,"9":0.890238444,"10":0.8318684896,"11":0.8386942546,"12":0.8212356567,"13":0.8490333557,"14":0.8182792664,"15":0.8282101949,"16":0.8434804281,"17":0.8911577861,"18":0.8665059408,"19":0.8710428874,"20":0.9227574666,"21":0.9251263936,"22":0.9069366455,"23":0.9124997457,"24":0.9311930339,"25":0.9156176249,"26":0.9016520182,"27":0.8391443888,"28":0.8146502177,"29":0.8099822998,"30":0.8142229716,"31":0.8093249003,"32":0.7826741536,"33":0.8317286174,"34":0.921052297,"35":0.9054247538,"36":0.7664133708,"37":0.8423932393,"38":0.8176383972,"39":0.8207842509,"40":0.8061879476,"41":0.8470509847,"42":0.8540242513,"43":0.8978589376,"44":0.927424113,"45":0.897181193,"46":0.928276062,"47":0.9375101725,"48":0.935005188,"49":0.9142189026,"50":0.9100189209,"51":0.8826319377,"52":0.877137502,"53":0.8607533773,"54":0.8292274475,"55":0.8360328674,"56":0.8290672302,"57":0.8350842794,"58":0.8499310811,"59":0.8630396525},"1":{"0":0.0358835856,"1":0.0484809875,"2":0.0555496216,"3":0.0488395691,"4":0.0601565043,"5":0.0496114095,"6":0.0524813334,"7":0.0697898865,"8":0.0952161153,"9":0.0866152445,"10":0.0902163188,"11":0.0780817668,"12":0.0831158956,"13":0.0609321594,"14":0.058535258,"15":0.0587476095,"16":0.0805180868,"17":0.054069519,"18":0.0757827759,"19":0.0602238973,"20":0.0519510905,"21":0.0580685933,"22":0.0651855469,"23":0.0325508118,"24":0.041402181,"25":0.0725161235,"26":0.0920473735,"27":0.1091537476,"28":0.1160011292,"29":0.1209538778,"30":0.1225878398,"31":0.1272735596,"32":0.1164563497,"33":0.091032664,"34":0.0582873027,"35":0.0766817729,"36":0.1220067342,"37":0.0983200073,"38":0.1252644857,"39":0.1196225484,"40":0.1213328044,"41":0.107963562,"42":0.1182772319,"43":0.0915908813,"44":0.0536015828,"45":0.0669034322,"46":0.0350634257,"47":0.0338923136,"48":0.0459607442,"49":0.0491828918,"50":0.0540517171,"51":0.0445086161,"52":0.0687204997,"53":0.0814565023,"54":0.0683275859,"55":0.0634752909,"56":0.0859107971,"57":0.0791893005,"58":0.0890909831,"59":0.0864842733},"2":{"0":0.0019404093,"1":0.0084266663,"2":0.0144818624,"3":0.0151011149,"4":0.0111134847,"5":0.0056241353,"6":0.0037778219,"7":0.0278053284,"8":0.0095125834,"9":0.0231463114,"10":0.0779151917,"11":0.0832239787,"12":0.0956484477,"13":0.0900344849,"14":0.1231854757,"15":0.1130421956,"16":0.0760014852,"17":0.0547726949,"18":0.0577112834,"19":0.0687332153,"20":0.0252914429,"21":0.016805013,"22":0.0278778076,"23":0.0549494425,"24":0.0274047852,"25":0.0118662516,"26":0.0063006083,"27":0.0517018636,"28":0.0693486532,"29":0.0690638224,"30":0.0631891886,"31":0.0634015401,"32":0.1008694967,"33":0.0772387187,"34":0.0206604004,"35":0.0178934733,"36":0.111579895,"37":0.0592867533,"38":0.0570971171,"39":0.0595932007,"40":0.072479248,"41":0.0449854533,"42":0.0276985168,"43":0.0105501811,"44":0.0189743042,"45":0.0359153748,"46":0.0366605123,"47":0.0285975138,"48":0.0190340678,"49":0.0365982056,"50":0.035929362,"51":0.0728594462,"52":0.0541419983,"53":0.0577901204,"54":0.1024449666,"55":0.1004918416,"56":0.0850219727,"57":0.0857264201,"58":0.0609779358,"59":0.0504760742}}