{"0":{"0":0.9417750041,"1":0.9131329854,"2":0.8764076233,"3":0.8969853719,"4":0.9000587463,"5":0.9197298686,"6":0.9152933757,"7":0.894841512,"8":0.917678833,"9":0.9463450114,"10":0.8746744792,"11":0.905090332,"12":0.9130185445,"13":0.9045537313,"14":0.8839149475,"15":0.8773918152,"16":0.8818397522,"17":0.9187444051,"18":0.9000066121,"19":0.89782842,"20":0.940217336,"21":0.9155426025,"22":0.8899752299,"23":0.9006551107,"24":0.9204457601,"25":0.9117622375,"26":0.8823890686,"27":0.8824666341,"28":0.9112917582,"29":0.9320322673,"30":0.943939209,"31":0.8815841675,"32":0.9177780151,"33":0.9094772339,"34":0.9422060649,"35":0.9225858053,"36":0.9233093262,"37":0.9160575867,"38":0.935710907,"39":0.9388402303,"40":0.9280103048,"41":0.8988583883,"42":0.9074033101,"43":0.8626454671,"44":0.9093132019,"45":0.8991063436,"46":0.8854446411,"47":0.9132575989,"48":0.9188181559,"49":0.9165255229,"50":0.9450569153,"51":0.9307835897,"52":0.9164365133,"53":0.9268875122,"54":0.9188156128,"55":0.9370803833,"56":0.8925514221,"57":0.8852589925,"58":0.88976415,"59":0.9397697449},"1":{"0":0.0502853394,"1":0.0677274068,"2":0.1007372538,"3":0.0873934428,"4":0.0903536479,"5":0.0715535482,"6":0.0702082316,"7":0.0896352132,"8":0.0614255269,"9":0.0479914347,"10":0.104473114,"11":0.0722440084,"12":0.0662167867,"13":0.0584182739,"14":0.0731671651,"15":0.073706309,"16":0.0822715759,"17":0.0650685628,"18":0.0866788228,"19":0.0853029887,"20":0.0530166626,"21":0.0606257121,"22":0.0824966431,"23":0.0810699463,"24":0.0684445699,"25":0.0738271077,"26":0.091709137,"27":0.0918375651,"28":0.0773785909,"29":0.0576121012,"30":0.0500780741,"31":0.0847167969,"32":0.0752207438,"33":0.0707359314,"34":0.0507342021,"35":0.0665486654,"36":0.0716997782,"37":0.0654576619,"38":0.060663859,"39":0.0575078328,"40":0.0603001912,"41":0.0774358114,"42":0.0736783346,"43":0.0986735026,"44":0.0723101298,"45":0.0596923828,"46":0.090250651,"47":0.072479248,"48":0.0679066976,"49":0.0723063151,"50":0.0516573588,"51":0.0643552144,"52":0.074798584,"53":0.0639940898,"54":0.0781758626,"55":0.0552164714,"56":0.0743675232,"57":0.0866648356,"58":0.0920588175,"59":0.0502955119},"2":{"0":0.0079396566,"1":0.0191396077,"2":0.0228551229,"3":0.0156211853,"4":0.0095876058,"5":0.0087165833,"6":0.0144983927,"7":0.0155232747,"8":0.0208956401,"9":0.0056635539,"10":0.0208524068,"11":0.0226656596,"12":0.0207646688,"13":0.0370279948,"14":0.0429178874,"15":0.0489018758,"16":0.0358886719,"17":0.0161870321,"18":0.013314565,"19":0.0168685913,"20":0.0067660014,"21":0.0238316854,"22":0.027528127,"23":0.018274943,"24":0.01110967,"25":0.0144106547,"26":0.0259017944,"27":0.0256958008,"28":0.0113296509,"29":0.0103556315,"30":0.0059827169,"31":0.0336990356,"32":0.007001241,"33":0.0197868347,"34":0.0070597331,"35":0.0108655294,"36":0.0049908956,"37":0.0184847514,"38":0.003625234,"39":0.0036519368,"40":0.011689504,"41":0.0237058004,"42":0.0189183553,"43":0.0386810303,"44":0.0183766683,"45":0.0412012736,"46":0.0243047078,"47":0.0142631531,"48":0.0132751465,"49":0.011168162,"50":0.0032857259,"51":0.0048611959,"52":0.0087649028,"53":0.009118398,"54":0.0030085246,"55":0.0077031453,"56":0.0330810547,"57":0.0280761719,"58":0.0181770325,"59":0.0099347432}}