{"0":{"0":0.9998970032,"1":0.9997227987,"2":0.9999682109,"3":0.9997126261,"4":0.9998982747,"5":0.9996490479,"6":0.9998957316,"7":0.9997990926,"8":0.999991099,"9":0.9993387858,"10":0.9999885559,"11":0.9997342428,"12":0.9997901917,"13":0.9994824727,"14":0.9990730286,"15":0.9994176229,"16":0.9989827474,"17":0.9997367859,"18":1.0,"19":0.9998919169,"20":0.9999262492,"21":0.9998575846,"22":0.9999186198,"23":0.9997113546,"24":0.9998041789,"25":0.9997736613,"26":0.9997889201,"27":0.9998003642,"28":0.9999084473,"29":0.9996960958},"1":{"0":0.0001029968,"1":0.0002772013,"2":0.0000317891,"3":0.0002873739,"4":0.0001017253,"5":0.0003509521,"6":0.0001042684,"7":0.0002009074,"8":0.000008901,"9":0.0006141663,"10":0.0000114441,"11":0.0002657572,"12":0.0002098083,"13":0.0005175273,"14":0.0009015401,"15":0.0005683899,"16":0.0009943644,"17":0.0001653035,"18":0.0,"19":0.0001080831,"20":0.0000737508,"21":0.0001424154,"22":0.0000813802,"23":0.0002886454,"24":0.0001958211,"25":0.0002263387,"26":0.0002110799,"27":0.0001996358,"28":0.0000915527,"29":0.0003039042},"2":{"0":0.0,"1":0.0,"2":0.0,"3":0.0,"4":0.0,"5":0.0,"6":0.0,"7":0.0,"8":0.0,"9":0.0000470479,"10":0.0,"11":0.0,"12":0.0,"13":0.0,"14":0.0000254313,"15":0.0000139872,"16":0.0000228882,"17":0.0000979106,"18":0.0,"19":0.0,"20":0.0,"21":0.0,"22":0.0,"23":0.0,"24":0.0,"25":0.0,"26":0.0,"27":0.0,"28":0.0,"29":0.0}}