{"0":{"0":1.0,"1":0.9979782104,"2":0.9458732605,"3":0.6581687927,"4":0.7564214071,"5":0.7906799316,"6":0.9205131531,"7":0.9111480713,"8":0.9987703959,"9":0.941192627,"10":0.935412089,"11":0.9480196635,"12":0.9115753174,"13":0.8867848714,"14":0.8175315857,"15":0.8645757039,"16":0.9041582743,"17":0.891939799,"18":0.9345932007,"19":0.8375218709,"20":0.8943214417,"21":0.8637034098,"22":0.9109090169,"23":0.8859685262,"24":0.9996401469,"25":0.881477356,"26":0.9003346761,"27":0.9437421163,"28":0.8987668355,"29":0.8538805644,"30":0.8052317301,"31":0.7677815755,"32":0.6922314962,"33":0.8978233337,"34":0.9995396932,"35":0.9998639425,"36":1.0,"37":0.9993667603,"38":0.9681587219,"39":1.0,"40":0.7603149414,"41":0.849899292,"42":0.8884824117,"43":0.9330609639,"44":0.9226175944,"45":0.9334818522,"46":0.928150177,"47":0.881333669,"48":0.8207244873,"49":0.862004598,"50":0.9114354451,"51":0.8856302897,"52":0.885576884,"53":0.9088948568,"54":0.9341417948,"55":0.8683636983,"56":0.8985532125,"57":0.884408315,"58":0.7952346802,"59":0.8942197164},"1":{"0":0.0,"1":0.0013287862,"2":0.0539449056,"3":0.3128611247,"4":0.1392339071,"5":0.0554618835,"6":0.052898407,"7":0.0780258179,"8":0.0008392334,"9":0.0571314494,"10":0.054040273,"11":0.0428314209,"12":0.0665626526,"13":0.0951868693,"14":0.1306610107,"15":0.0934855143,"16":0.0788574219,"17":0.0986874898,"18":0.0599072774,"19":0.0622380575,"20":0.091486613,"21":0.1105906169,"22":0.0676676432,"23":0.0869560242,"24":0.0002148946,"25":0.0832684835,"26":0.0869153341,"27":0.0521799723,"28":0.0728009542,"29":0.0700200399,"30":0.0637321472,"31":0.0662523905,"32":0.2348149618,"33":0.1014645894,"34":0.0004501343,"35":0.0001360575,"36":0.0,"37":0.0006332397,"38":0.0308977763,"39":0.0,"40":0.1286888123,"41":0.0504188538,"42":0.068833669,"43":0.0513788859,"44":0.0667279561,"45":0.0624631246,"46":0.0639864604,"47":0.0875689189,"48":0.1094957987,"49":0.1101341248,"50":0.0710322062,"51":0.0934384664,"52":0.1035919189,"53":0.0726865133,"54":0.0611839294,"55":0.1185429891,"56":0.084660848,"57":0.0749193827,"58":0.1200319926,"59":0.0713971456},"2":{"0":0.0,"1":0.0006930033,"2":0.0001818339,"3":0.0289700826,"4":0.1043446859,"5":0.1538581848,"6":0.0265884399,"7":0.0108261108,"8":0.0003903707,"9":0.0016759237,"10":0.0105476379,"11":0.0091489156,"12":0.02186203,"13":0.0180282593,"14":0.0518074036,"15":0.0419387817,"16":0.0169843038,"17":0.0093727112,"18":0.0054995219,"19":0.1002400716,"20":0.0141919454,"21":0.0257059733,"22":0.0214233398,"23":0.0270754496,"24":0.0001449585,"25":0.0352541606,"26":0.0127499898,"27":0.0040779114,"28":0.0284322103,"29":0.0760993958,"30":0.1310361226,"31":0.1659660339,"32":0.0729535421,"33":0.0007120768,"34":0.0000101725,"35":0.0,"36":0.0,"37":0.0,"38":0.0009435018,"39":0.0,"40":0.1109962463,"41":0.0996818542,"42":0.0426839193,"43":0.0155601501,"44":0.0106544495,"45":0.0040550232,"46":0.0078633626,"47":0.0310974121,"48":0.0697797139,"49":0.0278612773,"50":0.0175323486,"51":0.0209312439,"52":0.0108311971,"53":0.01841863,"54":0.0046742757,"55":0.0130933126,"56":0.0167859395,"57":0.0406723022,"58":0.0847333272,"59":0.034383138}}