{"0":{"0":0.9983177185,"1":1.0,"2":0.9979031881,"3":0.9995231628,"4":0.9955991109,"5":0.9915161133,"6":0.9491742452,"7":0.9117952983,"8":0.9991188049,"9":0.8452237447,"10":0.8106803894,"11":0.7961654663,"12":0.7991409302,"13":0.8074099223,"14":0.9975001017,"15":0.8324915568,"16":0.8012148539,"17":0.7963167826,"18":0.8069712321,"19":0.8113924662,"20":0.9990603129,"21":0.8768424988,"22":0.9034996033,"23":0.9363339742,"24":0.9862518311,"25":0.9982210795,"26":0.9963404338,"27":0.9999872843,"28":0.9983355204,"29":1.0,"30":0.9974581401,"31":1.0,"32":0.9965642293,"33":0.9959233602,"34":0.9917793274,"35":1.0,"36":0.8994293213,"37":0.8709144592,"38":0.8349177043,"39":0.8165512085,"40":0.8022918701,"41":0.802637736,"42":0.8965555827,"43":0.7954902649,"44":0.8177337646,"45":0.8162320455,"46":0.795018514,"47":0.8046455383,"48":0.8343900045,"49":0.815507253,"50":0.8587760925,"51":0.9050890605,"52":0.9345181783,"53":0.9881884257,"54":0.9917907715,"55":0.9973284403,"56":0.9981714884,"57":0.9999275208,"58":0.9991162618,"59":0.9998537699},"1":{"0":0.0016822815,"1":0.0,"2":0.0020968119,"3":0.000474294,"4":0.0029436747,"5":0.0056317647,"6":0.0481554667,"7":0.0876146952,"8":0.0008811951,"9":0.1211764018,"10":0.1373252869,"11":0.1445477804,"12":0.1371879578,"13":0.121606191,"14":0.0024897257,"15":0.0941149394,"16":0.1288833618,"17":0.1296386719,"18":0.13722229,"19":0.1355565389,"20":0.0009256999,"21":0.1093775431,"22":0.0949872335,"23":0.0631306966,"24":0.0132878621,"25":0.0013109843,"26":0.0036226908,"27":0.0000127157,"28":0.0016314189,"29":0.0,"30":0.0025215149,"31":0.0,"32":0.0033861796,"33":0.0040766398,"34":0.0078290304,"35":0.0,"36":0.0999120076,"37":0.1160469055,"38":0.1342608134,"39":0.1398506165,"40":0.1423568726,"41":0.1276117961,"42":0.0970611572,"43":0.1253382365,"44":0.1136690776,"45":0.1280682882,"46":0.1360791524,"47":0.1409390767,"48":0.1388626099,"49":0.14012146,"50":0.121723175,"51":0.091603597,"52":0.0642280579,"53":0.0097058614,"54":0.004746755,"55":0.0014038086,"56":0.0018285116,"57":0.0000724792,"58":0.0008837382,"59":0.0001462301},"2":{"0":0.0,"1":0.0,"2":0.0,"3":0.0000025431,"4":0.0014572144,"5":0.002852122,"6":0.0026702881,"7":0.0005900065,"8":0.0,"9":0.0335998535,"10":0.0519943237,"11":0.0592867533,"12":0.0636711121,"13":0.0709838867,"14":0.0000101725,"15":0.0733935038,"16":0.0699017843,"17":0.0740445455,"18":0.0558064779,"19":0.0530509949,"20":0.0000139872,"21":0.0137799581,"22":0.0015131632,"23":0.0005353292,"24":0.0004603068,"25":0.0004679362,"26":0.0000368754,"27":0.0,"28":0.0000330607,"29":0.0,"30":0.0000203451,"31":0.0,"32":0.0000495911,"33":0.0,"34":0.0003916423,"35":0.0,"36":0.0006586711,"37":0.0130386353,"38":0.0308214823,"39":0.043598175,"40":0.0553512573,"41":0.0697504679,"42":0.0063832601,"43":0.0791714986,"44":0.0685971578,"45":0.0556996663,"46":0.0689023336,"47":0.0544153849,"48":0.0267473857,"49":0.044371287,"50":0.0195007324,"51":0.0033073425,"52":0.0012537638,"53":0.0021057129,"54":0.0034624736,"55":0.0012677511,"56":0.0,"57":0.0,"58":0.0,"59":0.0}}