{"0":{"0":0.9974606832,"1":0.9308319092,"2":0.9445991516,"3":0.9662373861,"4":0.943871816,"5":0.932056427,"6":0.9054361979,"7":0.8913370768,"8":0.930170695,"9":0.9348691305,"10":0.9275728861,"11":0.9558881124,"12":0.9256210327,"13":0.8917210897,"14":0.9417800903,"15":0.8984069824,"16":0.865369161,"17":0.8621164958,"18":0.8872172038,"19":0.842909495,"20":0.9026832581,"21":0.8933614095,"22":0.8116938273,"23":0.7844174703,"24":0.9980252584,"25":0.9989700317,"26":0.7884012858,"27":0.8130327861,"28":0.8742510478,"29":0.9176813761,"30":0.8458251953,"31":0.8576978048,"32":0.8803367615,"33":0.8744481405,"34":0.8467152913,"35":0.9460716248,"36":0.896484375,"37":0.9574534098,"38":0.9354642232,"39":0.9276644389,"40":0.915049235,"41":0.9267209371,"42":0.878490448,"43":0.9234479268,"44":0.9114608765,"45":0.9571698507,"46":0.9614003499,"47":0.920009613,"48":0.9984881083,"49":1.0,"50":0.9221178691,"51":0.9607480367,"52":0.9519805908,"53":0.93628184,"54":0.9353141785,"55":0.9119415283,"56":0.9365247091,"57":0.9237963359,"58":0.8996836344,"59":0.9536819458},"1":{"0":0.0016415914,"1":0.0691248576,"2":0.0487009684,"3":0.0301424662,"4":0.0420379639,"5":0.0476620992,"6":0.0804697673,"7":0.0705045064,"8":0.0387420654,"9":0.0502382914,"10":0.0676803589,"11":0.0416717529,"12":0.0655606588,"13":0.0888010661,"14":0.0511983236,"15":0.069838206,"16":0.0960820516,"17":0.0822970072,"18":0.0710118612,"19":0.0947532654,"20":0.076180776,"21":0.0844370524,"22":0.0861727397,"23":0.2148755391,"24":0.0019747416,"25":0.0010134379,"26":0.1119359334,"27":0.1044743856,"28":0.0728937785,"29":0.0624516805,"30":0.1060523987,"31":0.0884984334,"32":0.0891189575,"33":0.0937093099,"34":0.1128196716,"35":0.0457166036,"36":0.0822690328,"37":0.0409520467,"38":0.0607732137,"39":0.0650266012,"40":0.0532735189,"41":0.0336939494,"42":0.0783653259,"43":0.0605443319,"44":0.0582173665,"45":0.0372314453,"46":0.0333747864,"47":0.0770988464,"48":0.0010172526,"49":0.0,"50":0.0776278178,"51":0.0335426331,"52":0.0428568522,"53":0.0407384237,"54":0.0520044963,"55":0.060517629,"56":0.043191274,"57":0.0565401713,"58":0.0720787048,"59":0.0458717346},"2":{"0":0.0008977254,"1":0.0000432332,"2":0.00669988,"3":0.0036201477,"4":0.0140902201,"5":0.0202814738,"6":0.0140940348,"7":0.0381584167,"8":0.0310872396,"9":0.0148925781,"10":0.004746755,"11":0.0024401347,"12":0.0088183085,"13":0.0194778442,"14":0.0070215861,"15":0.0317548116,"16":0.0385487874,"17":0.055586497,"18":0.0417709351,"19":0.0623372396,"20":0.021135966,"21":0.0222015381,"22":0.102133433,"23":0.0007069906,"24":0.0,"25":0.0000165304,"26":0.0996627808,"27":0.0824928284,"28":0.0528551737,"29":0.0198669434,"30":0.048122406,"31":0.0538037618,"32":0.030544281,"33":0.0318425496,"34":0.040465037,"35":0.0082117716,"36":0.0212465922,"37":0.0015945435,"38":0.0037625631,"39":0.00730896,"40":0.0316772461,"41":0.0395851135,"42":0.0431442261,"43":0.0160077413,"44":0.030321757,"45":0.005598704,"46":0.0052248637,"47":0.0028915405,"48":0.0004946391,"49":0.0,"50":0.0002543132,"51":0.0057093302,"52":0.005162557,"53":0.0229797363,"54":0.0126813253,"55":0.0275408427,"56":0.0202840169,"57":0.0196634928,"58":0.0282376607,"59":0.0004463196}}