{"0":{"0":0.9940401713,"1":0.9628143311,"2":0.9352162679,"3":0.977045695,"4":0.9487088521,"5":0.9387118022,"6":0.9415219625,"7":0.9367307027,"8":0.9553731283,"9":0.925579071,"10":0.9250450134,"11":0.9102961222,"12":0.8792012533,"13":0.8518994649,"14":0.8029314677,"15":0.7945696513,"16":0.850209554,"17":0.8987325033,"18":0.9480069478,"19":0.9510421753,"20":0.9043070475,"21":0.9358533223,"22":0.8585802714,"23":0.8550351461,"24":0.8037554423,"25":0.8957901001,"26":0.9024213155,"27":0.9654782613,"28":0.958017985,"29":0.8953170776,"30":0.8665097555,"31":0.8940989176,"32":0.8952407837,"33":0.9362945557,"34":0.9382476807,"35":0.9277509054,"36":0.9180246989,"37":0.9409357707,"38":1.0,"39":0.9714584351,"40":0.9389444987,"41":0.9448420207,"42":0.9178568522,"43":0.9460233053,"44":0.8895276388,"45":0.9414482117,"46":0.8648147583,"47":0.8827578227,"48":0.9269917806,"49":0.9650382996,"50":0.9297345479,"51":0.9060643514,"52":0.9175008138,"53":0.8434295654,"54":0.8535817464,"55":0.8421185811,"56":0.921295166,"57":0.937655131,"58":0.9641876221,"59":0.9604517619},"1":{"0":0.0048561096,"1":0.0354639689,"2":0.0439987183,"3":0.0187568665,"4":0.0397415161,"5":0.0377159119,"6":0.0486551921,"7":0.0382194519,"8":0.0347646077,"9":0.0513750712,"10":0.0662231445,"11":0.0685221354,"12":0.075987498,"13":0.0648244222,"14":0.0747553507,"15":0.0832341512,"16":0.0964546204,"17":0.0632909139,"18":0.0396792094,"19":0.0363337199,"20":0.0617281596,"21":0.0554084778,"22":0.1061719259,"23":0.1007550557,"24":0.1285362244,"25":0.0560073853,"26":0.0750974019,"27":0.0261205037,"28":0.0351003011,"29":0.0645179749,"30":0.0643513997,"31":0.0698076884,"32":0.074924469,"33":0.0509796143,"34":0.0538419088,"35":0.0541089376,"36":0.0529696147,"37":0.0585772196,"38":0.0,"39":0.0255699158,"40":0.0407562256,"41":0.0392875671,"42":0.058710734,"43":0.0477053324,"44":0.0704218547,"45":0.0439707438,"46":0.0867220561,"47":0.0613238017,"48":0.0475858053,"49":0.0277481079,"50":0.0460866292,"51":0.0649808248,"52":0.0460840861,"53":0.1018409729,"54":0.0909347534,"55":0.1393814087,"56":0.05809021,"57":0.0529251099,"58":0.0288607279,"59":0.0306612651},"2":{"0":0.0011037191,"1":0.0017217,"2":0.0207850138,"3":0.0041974386,"4":0.0115496318,"5":0.023572286,"6":0.0098228455,"7":0.0250498454,"8":0.009862264,"9":0.0230458577,"10":0.008731842,"11":0.0211817424,"12":0.0448112488,"13":0.0832761129,"14":0.1223131816,"15":0.1221961975,"16":0.0533358256,"17":0.0379765828,"18":0.0123138428,"19":0.0126241048,"20":0.0339647929,"21":0.0087381999,"22":0.0352478027,"23":0.0442097982,"24":0.0677083333,"25":0.0482025146,"26":0.0224812826,"27":0.0084012349,"28":0.0068817139,"29":0.0401649475,"30":0.0691388448,"31":0.036093394,"32":0.0298347473,"33":0.0127258301,"34":0.0079104106,"35":0.0181401571,"36":0.0290056864,"37":0.0004870097,"38":0.0,"39":0.0029716492,"40":0.0202992757,"41":0.0158704122,"42":0.0234324137,"43":0.0062713623,"44":0.0400505066,"45":0.0145810445,"46":0.0484631856,"47":0.0559183757,"48":0.0254224141,"49":0.0072135925,"50":0.0241788228,"51":0.0289548238,"52":0.0364151001,"53":0.0547294617,"54":0.0554835002,"55":0.0185000102,"56":0.020614624,"57":0.0094197591,"58":0.00695165,"59":0.0088869731}}