{"0":{"0":0.9984194438,"1":0.9976081848,"2":0.9764785767,"3":0.8346875509,"4":0.6976826986,"5":0.6531906128,"6":0.6949869792,"7":0.7310066223,"8":0.7690963745,"9":0.8552436829,"10":0.8566322327,"11":0.8457972209,"12":0.9050381978,"13":0.915880839,"14":0.9085006714,"15":0.8852717082,"16":0.9018351237,"17":0.9411277771,"18":0.9212977091,"19":0.9034334819,"20":0.8776130676,"21":0.7310841878,"22":0.8293228149,"23":0.8920822144,"24":0.9005635579,"25":0.8908131917,"26":0.906897227,"27":0.8905550639,"28":0.8788210551,"29":0.8990275065,"30":0.9058914185,"31":0.9193204244,"32":0.9122072856,"33":0.9339993795,"34":0.9223454793,"35":0.9105758667,"36":0.9191843669,"37":0.8898633321,"38":0.8710861206,"39":0.8792673747,"40":0.8694915771,"41":0.9154103597,"42":0.9346427917,"43":0.9234059652,"44":0.9309514364,"45":0.9377593994,"46":0.9218317668,"47":0.926167806,"48":0.920627594,"49":0.8909517924,"50":0.861579895,"51":0.8372472127,"52":0.7712669373,"53":0.6461232503,"54":0.6238505046,"55":0.6125869751,"56":0.777943929,"57":0.929620107,"58":0.9999020894,"59":0.9997304281},"1":{"0":0.000222524,"1":0.0011355082,"2":0.0223083496,"3":0.1548156738,"4":0.2128588359,"5":0.2478523254,"6":0.1558647156,"7":0.0601971944,"8":0.0598882039,"9":0.0697644552,"10":0.0842870076,"11":0.1115633647,"12":0.0730234782,"13":0.061580658,"14":0.0750579834,"15":0.0835634867,"16":0.0688489278,"17":0.0524838765,"18":0.0657780965,"19":0.089562734,"20":0.0944836934,"21":0.1841456095,"22":0.1016985575,"23":0.0766359965,"24":0.0745798747,"25":0.0809110006,"26":0.0669403076,"27":0.0891036987,"28":0.091679891,"29":0.0817044576,"30":0.0687967936,"31":0.059416453,"32":0.0769577026,"33":0.0574099223,"34":0.0673942566,"35":0.0777867635,"36":0.0668258667,"37":0.0928942362,"38":0.102191925,"39":0.0850791931,"40":0.1107203166,"41":0.0755856832,"42":0.0559463501,"43":0.0668907166,"44":0.0667101542,"45":0.0582059224,"46":0.0627937317,"47":0.0666732788,"48":0.0718040466,"49":0.0843518575,"50":0.087290446,"51":0.0845222473,"52":0.0656598409,"53":0.134156545,"54":0.221766154,"55":0.3010470072,"56":0.206741333,"57":0.070081075,"58":0.0000979106,"59":0.0002454122},"2":{"0":0.0013580322,"1":0.001256307,"2":0.0012130737,"3":0.0104967753,"4":0.0894584656,"5":0.0989570618,"6":0.1491483053,"7":0.2087961833,"8":0.1710154215,"9":0.074991862,"10":0.0590807597,"11":0.0426394145,"12":0.021938324,"13":0.022538503,"14":0.0164413452,"15":0.0311648051,"16":0.0293159485,"17":0.0063883464,"18":0.0129241943,"19":0.0070037842,"20":0.0279032389,"21":0.0847702026,"22":0.0689786275,"23":0.0312817891,"24":0.0248565674,"25":0.0282758077,"26":0.0261624654,"27":0.0203412374,"28":0.029499054,"29":0.0192680359,"30":0.0253117879,"31":0.0212631226,"32":0.0108350118,"33":0.0085906982,"34":0.0102602641,"35":0.0116373698,"36":0.0139897664,"37":0.0172424316,"38":0.0267219543,"39":0.0356534322,"40":0.0197881063,"41":0.0090039571,"42":0.0094108582,"43":0.0097033183,"44":0.0023384094,"45":0.0040346781,"46":0.0153745015,"47":0.0071589152,"48":0.0075683594,"49":0.0246963501,"50":0.051129659,"51":0.07823054,"52":0.1630732218,"53":0.2197202047,"54":0.1543833415,"55":0.0863660177,"56":0.015314738,"57":0.000298818,"58":0.0,"59":0.0000241597}}