{"0":{"0":0.9999732971,"1":1.0,"2":0.9999872843,"3":0.9996528625,"4":0.9999936422,"5":0.9995702108,"6":0.9999936422,"7":0.9988644918,"8":0.9995524089,"9":0.9992777507,"10":1.0,"11":0.9980278015,"12":0.999235789,"13":0.9988288879,"14":0.9999275208,"15":0.9981842041,"16":0.9986165365,"17":0.9994010925,"18":0.9990984599,"19":0.9999923706,"20":0.9990971883,"21":0.9992141724,"22":0.9997495015,"23":0.9998041789,"24":1.0,"25":0.9999872843,"26":1.0,"27":0.9994138082,"28":0.9995028178,"29":0.9995714823},"1":{"0":0.0000267029,"1":0.0,"2":0.0000127157,"3":0.0002695719,"4":0.0000063578,"5":0.0003929138,"6":0.0000063578,"7":0.0011316935,"8":0.0004475911,"9":0.0007171631,"10":0.0,"11":0.00146993,"12":0.0006039937,"13":0.0011711121,"14":0.000067393,"15":0.0017522176,"16":0.0013783773,"17":0.0005086263,"18":0.000898997,"19":0.0000076294,"20":0.000898997,"21":0.0007858276,"22":0.0002504985,"23":0.0001958211,"24":0.0,"25":0.0000127157,"26":0.0,"27":0.000415802,"28":0.0004323324,"29":0.0004132589},"2":{"0":0.0,"1":0.0,"2":0.0,"3":0.0000775655,"4":0.0,"5":0.0000368754,"6":0.0,"7":0.0000038147,"8":0.0,"9":0.0000050863,"10":0.0,"11":0.0005022685,"12":0.0001602173,"13":0.0,"14":0.0000050863,"15":0.0000635783,"16":0.0000050863,"17":0.0000902812,"18":0.0000025431,"19":0.0,"20":0.0000038147,"21":0.0,"22":0.0,"23":0.0,"24":0.0,"25":0.0,"26":0.0,"27":0.0001703898,"28":0.0000648499,"29":0.0000152588}}