{"0":{"0":0.7389793396,"1":0.7537549337,"2":0.7713686625,"3":0.7632331848,"4":0.7623456319,"5":0.801167806,"6":0.8188451131,"7":0.9986317952,"8":0.848496755,"9":0.8123118083,"10":0.779721578,"11":0.7741216024,"12":0.7919362386,"13":0.7738469442,"14":0.7663103739,"15":0.8308486938,"16":0.8589134216,"17":0.8920885722,"18":0.9041290283,"19":0.8359273275,"20":0.8162167867,"21":0.8798446655,"22":0.9157015483,"23":0.9295845032,"24":0.9274686178,"25":0.9606602987,"26":0.930674235,"27":0.8857371012,"28":0.871026357,"29":0.9017181396,"30":0.8387158712,"31":0.8325208028,"32":0.9000434875,"33":0.9523048401,"34":0.9412256877,"35":0.9644915263,"36":0.9392547607,"37":0.9137331645,"38":0.8613522847,"39":0.9939804077,"40":0.9262797038,"41":0.9084561666,"42":0.7891108195,"43":0.7925084432,"44":0.7767321269,"45":0.7848599752,"46":0.8028577169,"47":0.75852712,"48":0.7569643656,"49":0.7560195923,"50":0.7712478638,"51":0.7756729126,"52":0.7691841125,"53":1.0,"54":0.7776273092,"55":0.7738380432,"56":0.7618929545,"57":0.7593676249,"58":0.7323430379,"59":0.7334340413},"1":{"0":0.0752029419,"1":0.0728505452,"2":0.0666605632,"3":0.0618921916,"4":0.072710673,"5":0.0699768066,"6":0.0599225362,"7":0.0013682048,"8":0.0639266968,"9":0.0676256816,"10":0.0768356323,"11":0.0672594706,"12":0.0701077779,"13":0.0824584961,"14":0.0805740356,"15":0.055141449,"16":0.0761795044,"17":0.0843404134,"18":0.0873819987,"19":0.1269200643,"20":0.1233762105,"21":0.0886510213,"22":0.0625623067,"23":0.0622138977,"24":0.0677477519,"25":0.0359484355,"26":0.063524882,"27":0.1014963786,"28":0.1036885579,"29":0.0735282898,"30":0.1196161906,"31":0.1191914876,"32":0.0730133057,"33":0.0456962585,"34":0.0508639018,"35":0.0332578023,"36":0.0497372945,"37":0.0606536865,"38":0.0483919779,"39":0.0055478414,"40":0.0580088298,"41":0.0736376444,"42":0.0618807475,"43":0.0700238546,"44":0.0800819397,"45":0.0862973531,"46":0.0675468445,"47":0.0917193095,"48":0.0886090597,"49":0.0981801351,"50":0.1010513306,"51":0.1142794291,"52":0.1229400635,"53":0.0,"54":0.1204872131,"55":0.0959701538,"56":0.1024284363,"57":0.0834210714,"58":0.0867703756,"59":0.075873057},"2":{"0":0.1858177185,"1":0.1733945211,"2":0.1619707743,"3":0.1748746236,"4":0.1649436951,"5":0.1288553874,"6":0.1212323507,"7":0.0,"8":0.0875765483,"9":0.1200625102,"10":0.1434427897,"11":0.158618927,"12":0.1379559835,"13":0.1436945597,"14":0.1531155904,"15":0.1140098572,"16":0.064907074,"17":0.0235710144,"18":0.008488973,"19":0.0371526082,"20":0.0604070028,"21":0.0315043132,"22":0.021736145,"23":0.0082015991,"24":0.0047836304,"25":0.0033912659,"26":0.005800883,"27":0.0127665202,"28":0.025285085,"29":0.0247535706,"30":0.0416679382,"31":0.0482877096,"32":0.0269432068,"33":0.0019989014,"34":0.0079104106,"35":0.0022506714,"36":0.0110079447,"37":0.025613149,"38":0.0902557373,"39":0.0004717509,"40":0.0157114665,"41":0.017906189,"42":0.149008433,"43":0.1374677022,"44":0.1431859334,"45":0.1288426717,"46":0.1295954386,"47":0.1497535706,"48":0.1544265747,"49":0.1458002726,"50":0.1277008057,"51":0.1100476583,"52":0.107875824,"53":0.0,"54":0.1018854777,"55":0.130191803,"56":0.1356786092,"57":0.1572113037,"58":0.1808865865,"59":0.1906929016}}