{"0":{"0":0.9980456034,"1":0.9955736796,"2":0.9929962158,"3":0.9928538005,"4":0.9969456991,"5":0.9957707723,"6":0.9985160828,"7":0.9977556864,"8":0.9984347026,"9":0.9958216349,"10":0.9963823954,"11":0.9893582662,"12":0.9987551371,"13":0.9948933919,"14":0.9973055522,"15":0.9928830465,"16":0.9867324829,"17":0.9633293152,"18":0.9348894755,"19":0.921904246,"20":0.8857917786,"21":0.8702926636,"22":0.8647549947,"23":0.8410441081,"24":0.8380991618,"25":0.8145256042,"26":0.8022295634,"27":0.9990234375,"28":0.9987182617,"29":0.9942309062,"30":0.9806315104,"31":0.9524014791,"32":0.9296709696,"33":0.9185625712,"34":0.9063809713,"35":0.8831888835,"36":0.858233134,"37":0.9983889262,"38":0.8126436869,"39":0.806939443,"40":0.8020095825,"41":0.9055048625,"42":0.9971656799,"43":0.9916241964,"44":0.9961853027,"45":0.9957758586,"46":0.9977989197,"47":0.9989852905,"48":0.9971783956,"49":0.9981333415,"50":0.9974733988,"51":0.9960543315,"52":0.9947039286,"53":0.9968223572,"54":0.9993108114,"55":0.9973653158,"56":0.9933649699,"57":0.9917068481,"58":0.9903920492,"59":0.9918924967},"1":{"0":0.0015195211,"1":0.0041694641,"2":0.0048993429,"3":0.0039265951,"4":0.0029729207,"5":0.0041847229,"6":0.0013860067,"7":0.0019836426,"8":0.0015589396,"9":0.0041720072,"10":0.0027707418,"11":0.0066134135,"12":0.0012397766,"13":0.0048306783,"14":0.0021209717,"15":0.0055185954,"16":0.0077985128,"17":0.0299975077,"18":0.0636520386,"19":0.0780156453,"20":0.111492157,"21":0.119275411,"22":0.1165301005,"23":0.1280047099,"24":0.1255569458,"25":0.1343917847,"26":0.1388142904,"27":0.0009765625,"28":0.0011329651,"29":0.0057106018,"30":0.0184199015,"31":0.0444895426,"32":0.0687408447,"33":0.0804214478,"34":0.0926844279,"35":0.1117006938,"36":0.1187756856,"37":0.0016110738,"38":0.1436360677,"39":0.1446037292,"40":0.1496480306,"41":0.0910682678,"42":0.0014610291,"43":0.0049184163,"44":0.0018259684,"45":0.0042012533,"46":0.0020980835,"47":0.0010147095,"48":0.002524058,"49":0.0018666585,"50":0.002524058,"51":0.0027389526,"52":0.0040677389,"53":0.0019798279,"54":0.0006891886,"55":0.0020141602,"56":0.0050671895,"57":0.0030301412,"58":0.0046450297,"59":0.0079828898},"2":{"0":0.0004348755,"1":0.0002568563,"2":0.0021044413,"3":0.0032196045,"4":0.0000813802,"5":0.0000445048,"6":0.0000979106,"7":0.000260671,"8":0.0000063578,"9":0.0000063578,"10":0.0008468628,"11":0.0040283203,"12":0.0000050863,"13":0.0002759298,"14":0.0005734762,"15":0.0015983582,"16":0.0054690043,"17":0.0066731771,"18":0.0014584859,"19":0.0000801086,"20":0.0027160645,"21":0.0104319255,"22":0.0187149048,"23":0.030951182,"24":0.0363438924,"25":0.0510826111,"26":0.0589561462,"27":0.0,"28":0.0001487732,"29":0.000058492,"30":0.0009485881,"31":0.0031089783,"32":0.0015881856,"33":0.001015981,"34":0.0009346008,"35":0.0051104228,"36":0.0229911804,"37":0.0,"38":0.0437202454,"39":0.0484568278,"40":0.0483423869,"41":0.0034268697,"42":0.001373291,"43":0.0034573873,"44":0.0019887288,"45":0.0000228882,"46":0.0001029968,"47":0.0,"48":0.0002975464,"49":0.0,"50":0.0000025431,"51":0.0012067159,"52":0.0012283325,"53":0.0011978149,"54":0.0,"55":0.0006205241,"56":0.0015678406,"57":0.0052630107,"58":0.0049629211,"59":0.0001246134}}