{"0":{"0":0.9524129232,"1":0.9493662516,"2":0.9550971985,"3":0.9142290751,"4":0.966952006,"5":0.8514264425,"6":0.8263600667,"7":0.8182474772,"8":0.8290570577,"9":0.8103790283,"10":0.8563346863,"11":0.9579175313,"12":1.0,"13":0.9907735189,"14":0.8745892843,"15":0.8301760356,"16":0.8300730387,"17":0.7776705424,"18":0.8443539937,"19":0.8499107361,"20":0.9231961568,"21":0.9467811584,"22":0.9543774923,"23":0.9711443583,"24":0.9428532918,"25":0.9940808614,"26":0.9702949524,"27":0.9704081217,"28":0.9127578735,"29":0.9797859192,"30":0.9101842244,"31":0.8695106506,"32":0.8517888387,"33":0.8078575134,"34":0.8164278666,"35":0.7981948853,"36":0.8545761108,"37":0.8999608358,"38":0.9219589233,"39":0.9142354329,"40":0.9175898234,"41":0.9253133138,"42":0.9443143209,"43":0.9068781535,"44":0.8549156189,"45":0.7844963074,"46":0.7885284424,"47":0.8237482707,"48":0.7983627319,"49":0.8558311462,"50":0.9401283264,"51":0.8404604594,"52":0.8221575419,"53":0.8031845093,"54":0.8366597493,"55":0.8106155396,"56":0.8393465678,"57":0.8424021403,"58":0.9027735392,"59":0.9309527079},"1":{"0":0.0436592102,"1":0.0429738363,"2":0.0355072021,"3":0.0656229655,"4":0.032169342,"5":0.1093546549,"6":0.0777498881,"7":0.0834274292,"8":0.0802281698,"9":0.0663057963,"10":0.0660883586,"11":0.030632019,"12":0.0,"13":0.008934021,"14":0.0955963135,"15":0.0775082906,"16":0.0795033773,"17":0.092010498,"18":0.070854187,"19":0.0948982239,"20":0.0684420268,"21":0.0506019592,"22":0.0430514018,"23":0.0268745422,"24":0.0359077454,"25":0.0046590169,"26":0.0247917175,"27":0.0266863505,"28":0.0614980062,"29":0.0201479594,"30":0.0803286235,"31":0.0909245809,"32":0.0811589559,"33":0.0810038249,"34":0.0907325745,"35":0.0885594686,"36":0.0883967082,"37":0.0493138631,"38":0.0563278198,"39":0.0557098389,"40":0.0632286072,"41":0.0549875895,"42":0.0475323995,"43":0.0742200216,"44":0.092859904,"45":0.1271197001,"46":0.1115493774,"47":0.1031188965,"48":0.1131134033,"49":0.095123291,"50":0.0484771729,"51":0.0918960571,"52":0.1098709106,"53":0.1244837443,"54":0.1145210266,"55":0.1189600627,"56":0.1079495748,"57":0.1136372884,"58":0.0908114115,"59":0.0593592326},"2":{"0":0.0039278666,"1":0.0076599121,"2":0.0093955994,"3":0.0201479594,"4":0.0008786519,"5":0.0392189026,"6":0.0958900452,"7":0.0983250936,"8":0.0907147725,"9":0.1233151754,"10":0.0775769552,"11":0.0114504496,"12":0.0,"13":0.0002924601,"14":0.0298144023,"15":0.0923156738,"16":0.090423584,"17":0.1303189596,"18":0.0847918193,"19":0.05519104,"20":0.0083618164,"21":0.0026168823,"22":0.002571106,"23":0.0019810994,"24":0.0212389628,"25":0.0012601217,"26":0.0049133301,"27":0.0029055278,"28":0.0257441203,"29":0.0000661214,"30":0.0094871521,"31":0.0395647685,"32":0.0670522054,"33":0.1111386617,"34":0.0928395589,"35":0.1132456462,"36":0.057027181,"37":0.0507253011,"38":0.0217132568,"39":0.0300547282,"40":0.0191815694,"41":0.0196990967,"42":0.0081532796,"43":0.018901825,"44":0.0522244771,"45":0.0883839925,"46":0.0999221802,"47":0.0731328328,"48":0.0885238647,"49":0.0490455627,"50":0.0113945007,"51":0.0676434835,"52":0.0679715474,"53":0.0723317464,"54":0.048819224,"55":0.0704243978,"56":0.0527038574,"57":0.0439605713,"58":0.0064150492,"59":0.0096880595}}