{"0":{"0":0.998819987,"1":0.9301757812,"2":0.9427935282,"3":0.9642092387,"4":0.9445508321,"5":0.9281514486,"6":0.9074274699,"7":0.8912086487,"8":0.9368133545,"9":0.9309705098,"10":0.9239985148,"11":0.9531936646,"12":0.9282747904,"13":0.8889274597,"14":0.9326718648,"15":0.8954429626,"16":0.8757209778,"17":0.8590596517,"18":0.8880068461,"19":0.8397814433,"20":0.903049469,"21":0.8927256266,"22":0.8137931824,"23":0.7888247172,"24":0.9997876485,"25":0.9963226318,"26":0.7895520528,"27":0.8028920492,"28":0.8773676554,"29":0.9153722127,"30":0.846824646,"31":0.8624420166,"32":0.8851585388,"33":0.8777605693,"34":0.9099019368,"35":0.8365262349,"36":0.87292099,"37":0.8378079732,"38":0.8383102417,"39":0.8894284566,"40":0.923102061,"41":0.895324707,"42":0.935005188,"43":0.9645487467,"44":0.9633725484,"45":0.9634742737,"46":0.9254417419,"47":0.9239667257,"48":0.8937072754,"49":0.9054756165,"50":0.945795695,"51":0.9634780884,"52":0.9664344788,"53":0.9505996704,"54":0.9559936523,"55":0.9299240112,"56":0.9308713277,"57":0.9152005514,"58":0.924727122,"59":0.9073638916},"1":{"0":0.0001462301,"1":0.0698076884,"2":0.0485445658,"3":0.0314534505,"4":0.0405337016,"5":0.0513559977,"6":0.0729293823,"7":0.0698636373,"8":0.033724467,"9":0.0536486308,"10":0.0685501099,"11":0.0440152486,"12":0.0636024475,"13":0.0951588949,"14":0.0514272054,"15":0.0786145528,"16":0.092812856,"17":0.0884234111,"18":0.0705820719,"19":0.0966784159,"20":0.075311025,"21":0.0852381388,"22":0.0846939087,"23":0.2104072571,"24":0.0002123515,"25":0.0036735535,"26":0.1116040548,"27":0.1137453715,"28":0.0708669027,"29":0.0645662944,"30":0.0928090413,"31":0.0953725179,"32":0.0747299194,"33":0.0905545553,"34":0.0842768351,"35":0.1209729513,"36":0.0734608968,"37":0.101504008,"38":0.0703570048,"39":0.060122172,"40":0.0561167399,"41":0.0707537333,"42":0.0342089335,"43":0.0293591817,"44":0.026415507,"45":0.0292790731,"46":0.0498847961,"47":0.0533574422,"48":0.0683720907,"49":0.0610936483,"50":0.0434710185,"51":0.0256385803,"52":0.0302480062,"53":0.0383822123,"54":0.0285212199,"55":0.0405515035,"56":0.0367698669,"57":0.0665219625,"58":0.0402921041,"59":0.0548324585},"2":{"0":0.001033783,"1":0.0000165304,"2":0.0086619059,"3":0.0043373108,"4":0.0149154663,"5":0.0204925537,"6":0.0196431478,"7":0.038927714,"8":0.0294621785,"9":0.0153808594,"10":0.0074513753,"11":0.0027910868,"12":0.008122762,"13":0.0159136454,"14":0.0159009298,"15":0.0259424845,"16":0.0314661662,"17":0.0525169373,"18":0.0414110819,"19":0.0635401408,"20":0.021639506,"21":0.0220362345,"22":0.1015129089,"23":0.0007680257,"24":0.0,"25":0.0000038147,"26":0.0988438924,"27":0.0833625793,"28":0.0517654419,"29":0.0200614929,"30":0.0603663127,"31":0.0421854655,"32":0.0401115417,"33":0.0316848755,"34":0.005821228,"35":0.0425008138,"36":0.0536181132,"37":0.0606880188,"38":0.0913327535,"39":0.0504493713,"40":0.0207811991,"41":0.0339215597,"42":0.0307858785,"43":0.0060920715,"44":0.0102119446,"45":0.0072466532,"46":0.0246734619,"47":0.0226758321,"48":0.037920634,"49":0.0334307353,"50":0.0107332865,"51":0.0108833313,"52":0.0033175151,"53":0.0110181173,"54":0.0154851278,"55":0.0295244853,"56":0.0323588053,"57":0.0182774862,"58":0.0349807739,"59":0.0378036499}}