{"0":{"0":0.9424196879,"1":0.9116020203,"2":0.8819033305,"3":0.8963712056,"4":0.9033838908,"5":0.9159787496,"6":0.9184862773,"7":0.8960571289,"8":0.9167073568,"9":0.9431088765,"10":0.8728383382,"11":0.9059918722,"12":0.9128659566,"13":0.8986295064,"14":0.8896217346,"15":0.8794352214,"16":0.9141426086,"17":0.9197387695,"18":0.920018514,"19":0.8957252502,"20":0.8929773966,"21":0.8724505107,"22":0.8870646159,"23":0.8859176636,"24":0.9391975403,"25":0.9173367818,"26":0.90356191,"27":0.913675944,"28":0.9077796936,"29":0.9042154948,"30":0.8939526876,"31":0.9225413005,"32":0.8811302185,"33":0.8892161051,"34":0.8892440796,"35":0.8777720133,"36":0.9118588765,"37":0.9425977071,"38":0.9204330444,"39":0.9461491903,"40":0.9532966614,"41":0.9482142131,"42":0.9387931824,"43":0.9154853821,"44":0.9423446655,"45":0.8887964884,"46":0.8923034668,"47":0.8839569092,"48":0.9425417582,"49":0.9360949198,"50":0.9177767436,"51":0.8806330363,"52":0.9080721537,"53":0.8948872884,"54":0.9216664632,"55":0.9126752218,"56":0.8957990011,"57":0.9093818665,"58":0.9471575419,"59":0.868686676},"1":{"0":0.049785614,"1":0.0697072347,"2":0.0946375529,"3":0.0873845418,"4":0.0870246887,"5":0.075059255,"6":0.0654436747,"7":0.0833142598,"8":0.0614356995,"9":0.0511538188,"10":0.1069323222,"11":0.0714505514,"12":0.0664164225,"13":0.064239502,"14":0.0717926025,"15":0.0797170003,"16":0.0706748962,"17":0.0697402954,"18":0.0657641093,"19":0.0853703817,"20":0.0705629985,"21":0.099290212,"22":0.0930849711,"23":0.0800921122,"24":0.0451723735,"25":0.0663274129,"26":0.0731290181,"27":0.0703849792,"28":0.0690892537,"29":0.0828310649,"30":0.0907325745,"31":0.0653114319,"32":0.0973332723,"33":0.091952006,"34":0.0881779989,"35":0.09998703,"36":0.0690104167,"37":0.0518620809,"38":0.0655008952,"39":0.0495084127,"40":0.0431760152,"41":0.0380299886,"42":0.0576629639,"43":0.0805664062,"44":0.0529047648,"45":0.0855242411,"46":0.0908432007,"47":0.0935694377,"48":0.0477714539,"49":0.0555470785,"50":0.0637257894,"51":0.0964330037,"52":0.0765444438,"53":0.0951385498,"54":0.0691045125,"55":0.0709648132,"56":0.0887387594,"57":0.0669542948,"58":0.047173818,"59":0.1093050639},"2":{"0":0.0077946981,"1":0.018690745,"2":0.0234591166,"3":0.0162442525,"4":0.0095914205,"5":0.0089619954,"6":0.016070048,"7":0.0206286112,"8":0.0218569438,"9":0.0057373047,"10":0.0202293396,"11":0.0225575765,"12":0.0207176208,"13":0.0371309916,"14":0.0385856628,"15":0.0408477783,"16":0.0151824951,"17":0.0105209351,"18":0.0142173767,"19":0.0189043681,"20":0.0364596049,"21":0.0282592773,"22":0.019850413,"23":0.0339902242,"24":0.0156300863,"25":0.0163358053,"26":0.0233090719,"27":0.0159390767,"28":0.0231310527,"29":0.0129534403,"30":0.015314738,"31":0.0121472677,"32":0.0215365092,"33":0.0188318888,"34":0.0225779215,"35":0.0222409566,"36":0.0191307068,"37":0.005540212,"38":0.0140660604,"39":0.0043423971,"40":0.0035273234,"41":0.0137557983,"42":0.0035438538,"43":0.0039482117,"44":0.0047505697,"45":0.0256792704,"46":0.0168533325,"47":0.0224736532,"48":0.0096867879,"49":0.0083580017,"50":0.018497467,"51":0.02293396,"52":0.0153834025,"53":0.0099741618,"54":0.0092290243,"55":0.016359965,"56":0.0154622396,"57":0.0236638387,"58":0.0056686401,"59":0.0220082601}}