{"0":{"0":-259693.2432592846,"1":-263189.1745569842,"2":-263894.8595597367,"3":-259088.6552765334,"4":-264437.9034608618,"5":-259603.0820970221,"6":-251575.9029603544,"7":-256105.1843280742,"8":-258068.7034995621,"9":-252441.6349059946,"10":-257057.7893618562,"11":-253427.7323924845,"12":-252899.3381184369,"13":-256167.0311152372,"14":-258435.4771297635,"15":-252534.905607438,"16":-259089.645639079,"17":-262495.7144627942,"18":-260371.4135412662,"19":-262696.0849163345,"20":-264650.2885869757,"21":-260190.9123393972,"22":-261362.1579884809,"23":-261910.6763939615,"24":-261708.6564291536,"25":-259564.1183257593,"26":-263030.2941773928,"27":-259809.1772276959,"28":-245016.7190938458,"29":-252561.4496934627}}