{"0":{"0":-132442.8585836142,"1":-129616.4657879499,"2":-130195.3359933897,"3":-127064.6080424093,"4":-125821.7701615634,"5":-126914.9835154366,"6":-125091.4280024177,"7":-16800.6916411859,"8":-123582.050910538,"9":-125316.6131516018,"10":-125180.0630681291,"11":-129945.4042844588,"12":-128518.8265489598,"13":-130606.4050675735,"14":-132489.6740442812,"15":-132894.2440526881,"16":-132974.7589561357,"17":-133466.6095919514,"18":-135938.7772505102,"19":-136334.9354816097,"20":-135650.5439378147,"21":-135215.9550897122,"22":-21584.1629970531,"23":-133505.6736152911,"24":-133655.3027699889,"25":-137434.0587542067,"26":-134721.5382871097,"27":-134510.8451312392,"28":-132473.2893876528,"29":-133653.5777077691,"30":-129420.714523317,"31":-130222.3142147657,"32":-128680.2079104096,"33":-130717.6646426371,"34":-126295.4141168185,"35":-128618.4864084906,"36":-124892.5434235395,"37":-21761.205451575,"38":-123954.9525286165,"39":-126699.3245624234,"40":-125465.8134848895,"41":-130756.5146096451,"42":-126107.8478428912,"43":-130887.7664175536,"44":-129920.665779147,"45":-134740.95241563,"46":-133070.4090483341,"47":-134438.9850089687,"48":-136305.0594139377,"49":-136645.9503942401,"50":-135570.3709049823,"51":-135896.8114489186,"52":-17924.1027502563,"53":-133190.6833375363,"54":-134618.106910868,"55":-137871.1768529037,"56":-135201.4023381009,"57":-135469.2785994592,"58":-132762.8530626264,"59":-134484.6272217419}}