{"0":{"0":-15338.3128037049,"1":-11141.7601444868,"2":-11522.546693121,"3":-13903.1473748771,"4":-11838.2756714879,"5":-9794.4634513671,"6":-16077.444222826,"7":-11768.7834097284,"8":-12386.9713211053,"9":-14426.2754319396,"10":-11258.3477173573,"11":-11065.7156827687,"12":-14214.912349687,"13":-9454.7172252189,"14":-10318.2451852142,"15":-14469.3139156171,"16":-11355.8976828708,"17":-13134.7478789743,"18":-15734.2196917661,"19":-14785.9066255753,"20":-12840.8387780519,"21":-14511.7812673988,"22":-10568.9553143403,"23":-10478.0353937488,"24":-14286.2148471417,"25":-9984.7581643374,"26":-14592.8335032305,"27":-15898.7651463571,"28":-10731.5708420172,"29":-11937.675948915,"30":-14153.2508263402,"31":-11388.6105931982,"32":-8952.1126776859,"33":-15300.9122827827,"34":-8283.8855578672,"35":-10733.1324206399,"36":-16485.3600256418,"37":-11919.988850052,"38":-13545.0536906102,"39":-16270.2044430827,"40":-12692.1471972366,"41":-12607.5591914439,"42":-16966.9813273678,"43":-13450.3904432249,"44":-18750.8572966053,"45":-18836.6704593071,"46":-18096.3725355101,"47":-14903.3070171441,"48":-16736.8374924787,"49":-13005.8169814313,"50":-11062.1866398069,"51":-17976.7601438544,"52":-14393.9384045554,"53":-14823.2044980151,"54":-19769.1207130544,"55":-14646.3874516386,"56":-13930.0260846159,"57":-16067.2083356263,"58":-12388.8904442479,"59":-11684.452522053}}