{"0":{"0":-115157.6858387914,"1":-123213.6331541314,"2":-127431.3088042696,"3":-130227.2464920155,"4":-137458.6046914288,"5":-128622.4444460268,"6":-131130.5290720012,"7":-137624.3333164575,"8":-134042.6410642151,"9":-133406.6528999747,"10":-136853.2326127548,"11":-141734.7558628771,"12":-139523.7820879642,"13":-138330.5629347136,"14":-125319.7529512029,"15":-127233.6384215297,"16":-134573.8835868216,"17":-138168.3615325736,"18":-138699.3636431341,"19":-139023.1279814323,"20":-134490.518003528,"21":-136978.5576454089,"22":-136148.5867947139,"23":-133703.1572411042,"24":-133751.2772736385,"25":-136610.1379024232,"26":-130619.9078374635,"27":-122298.8419881584,"28":-130273.6685424389,"29":-113553.4173554826,"30":-124950.351679153,"31":-135317.2509635002,"32":-124774.4301998879,"33":-119227.2016825426,"34":-127756.7078978158,"35":-129988.6570725299,"36":-132781.2265914571,"37":-140995.659049617,"38":-138990.2877963292,"39":-141998.6650539716,"40":-128780.3400359044,"41":-130594.5953407364,"42":-122666.0382602128,"43":-137772.8887736457,"44":-149849.5532393439,"45":-149643.7064854442,"46":-149679.9748430602,"47":-131555.7128790271,"48":-133255.2357752721,"49":-135477.8918870985,"50":-137909.048429675,"51":-141178.061886121,"52":-139042.5379378202,"53":-143726.8345870138,"54":-117941.9949050783,"55":-125013.6685703928,"56":-124091.5209647018,"57":-125338.567458531,"58":-134133.7262253641,"59":-127485.8311684239}}