{"0":{"0":-230243.2707856967,"1":-248837.1241946709,"2":-255043.5386692702,"3":-256955.3666753479,"4":-263065.8263275493,"5":-266504.2390146523,"6":-260718.9454241777,"7":-269080.5735078867,"8":-266863.8122925612,"9":-233182.6916851332,"10":-231186.8758998111,"11":-225337.2216618414,"12":-217581.1018856551,"13":-217726.4676099626,"14":-213543.028962387,"15":-259442.6718676249,"16":-241557.8055761893,"17":-257499.7569583587,"18":-262258.7046733476,"19":-266806.4727575515,"20":-261765.8353031442,"21":-256185.4409455702,"22":-258463.3170594452,"23":-248124.2229346743,"24":-230158.5057991782,"25":-251656.9218673238,"26":-259358.4072150799,"27":-256932.0341195989,"28":-250363.1714693994,"29":-232554.8060327864}}