{"0":{"0":-83893.630475007,"1":-78291.0122383547,"2":-78846.659329803,"3":-79383.8107273055,"4":-93035.9931172062,"5":-91501.0676487052,"6":-91919.9518864714,"7":-87926.0848197047,"8":-78607.965240652,"9":-79480.2024321739,"10":-77310.6546448128,"11":-77057.6054821757,"12":-72846.8767568471,"13":-70354.0305446602,"14":-73926.2776469352,"15":-39525.154215273,"16":-39892.121712105,"17":-40539.8440858753,"18":-41630.5961536472,"19":-88624.4380034988,"20":-35289.2969116297,"21":-34549.3643956032,"22":-69990.1280161169,"23":-73825.5706305472,"24":-61799.4415492177,"25":-81849.5447868341,"26":-92593.8368006477,"27":-88319.1770031077,"28":-88932.2197628605,"29":-90902.1733875109,"30":-91779.1291351742,"31":-91660.9740547307,"32":-91945.9991132501,"33":-77884.2324035985,"34":-78807.1305026522,"35":-82075.6092303797,"36":-82632.6679665367,"37":-78120.6686798505,"38":-78379.5028377052,"39":-80612.1150165774,"40":-91006.9160610796,"41":-88624.4737235057,"42":-88753.6294505954,"43":-87924.5497656443,"44":-84805.9855109448,"45":-81671.2483031887,"46":-82558.521160064,"47":-77203.8214722145,"48":-89199.0601205708,"49":-66236.7427800912,"50":-39878.4624953111,"51":-40567.5420064148,"52":-40726.6581795185,"53":-89917.8397504016,"54":-35630.7053622889,"55":-34766.0835482394,"56":-34319.8952577073,"57":-33969.5648397309,"58":-92263.6342493144,"59":-65552.5224308404}}