{"0":{"0":-88686.9377408426,"1":-89633.6528214913,"2":-85387.2702488309,"3":-105323.0821537835,"4":-100877.7528461709,"5":-99979.1167265369,"6":-97131.8537232585,"7":-95943.9957841999,"8":-88199.4881461214,"9":-75927.233475679,"10":-73710.35919301,"11":-74080.1234482583,"12":-33135.2772659375,"13":-33075.2062427001,"14":-79196.6246637732,"15":-15659.7469192111,"16":-16036.5321999142,"17":-15515.3315296086,"18":-88914.6730392329,"19":-89601.3740069131,"20":-84067.3750939318,"21":-77247.8465358761,"22":-77696.2024041177,"23":-80031.1338852736,"24":-81421.4053529017,"25":-84087.7615168306,"26":-84354.6065235228,"27":-85002.3923041276,"28":-87856.1506098745,"29":-89077.3550185222,"30":-88148.8983161058,"31":-86582.5132488989,"32":-85044.263458024,"33":-84233.9240135014,"34":-81309.6952360509,"35":-83176.3582556226,"36":-93349.8101238089,"37":-92301.7755611357,"38":-88887.7370099307,"39":-91510.2604497711,"40":-88590.3229181161,"41":-16036.851183664,"42":-93125.5512066769,"43":-32741.5961769287,"44":-32848.8028723586,"45":-33212.5338970115,"46":-32994.3117924465,"47":-71389.5565656047,"48":-89795.6041545961,"49":-89543.9449659924,"50":-90940.3782328164,"51":-96103.8353703435,"52":-96254.6539423115,"53":-99750.0265926663,"54":-100780.2092680277,"55":-103445.0755994478,"56":-83529.9613266768,"57":-88724.1076976558,"58":-88907.6263655373,"59":-88983.8723813139}}