{"0":{"0":-2082.8005545261,"1":1383.7631027555,"2":1413.5935379368,"3":-5705.260189087,"4":-2048.9149265963,"5":-3740.6676186193,"6":-7803.2483941944,"7":-2670.3940661928,"8":-724.0184327024,"9":-7954.6953723977,"10":-4110.9471082465,"11":-6386.0820727304,"12":-7809.0472991906,"13":-4407.3847265603,"14":-7543.689848029,"15":-12414.110163369,"16":-5776.9045161084,"17":-1776.6136785957,"18":-8710.2602443792,"19":-4128.2286798264,"20":-258.2734532399,"21":-4008.6313284048,"22":-1821.3631682856,"23":-6647.5999959305,"24":21843.0082835655,"25":-20575.217956229,"26":-11414.7313346348,"27":-13059.1898058126,"28":-11018.9456630132,"29":-10734.6134495511,"30":-15407.3574293498,"31":-13635.2218438839,"32":-10767.9828106449,"33":-12383.7680438807,"34":-8133.835301585,"35":-8585.4738716219,"36":-11923.8441983386,"37":-7401.3914304854,"38":-7756.7731369699,"39":-13830.8419471649,"40":-4690.7498043823,"41":-7001.9062542255,"42":-11280.1348282336,"43":-5635.5109850137,"44":-6326.9382793853,"45":-11831.3081453181,"46":-3024.5679794611,"47":-646.0005969422,"48":3119.6084695456,"49":-4307.4589314151,"50":-937.4848358226,"51":-6263.5152904714,"52":-2094.6775132442,"53":-5149.6140381364,"54":-6982.3324197149,"55":-3702.0404249427,"56":-1702.7905198248,"57":-8908.8303223158,"58":-1070.6423192541,"59":-4038.0036095027}}