{"0":{"0":-26827.1552849211,"1":-25365.7801783167,"2":-25539.0634810605,"3":-27891.8214937614,"4":-26869.541123117,"5":-25622.6665413248,"6":-28067.7251369074,"7":-25829.8256237339,"8":-26405.8441331908,"9":-28958.3639959519,"10":-27843.4635693761,"11":-27188.8126714878,"12":-30042.2971071147,"13":-30939.2241933567,"14":-28495.9369013683,"15":-31224.1670859936,"16":-29029.5684198514,"17":-28065.0536240794,"18":-30786.4094152902,"19":-27625.3269784096,"20":-28755.0801448149,"21":-31111.6661224852,"22":-30011.5156839735,"23":-29824.0500734809,"24":-30814.5052539698,"25":-29294.7902921581,"26":-30140.7029155069,"27":-30445.7597487642,"28":-28938.7601640915,"29":-30652.6849325165,"30":-30450.4624154741,"31":-31535.5980541156,"32":-30984.1437160194,"33":-32374.5202091747,"34":-32166.6043905544,"35":-31355.4433380596,"36":-31453.5455179979,"37":-29988.0540332921,"38":-30544.3531992871,"39":-30313.9191911036,"40":-31752.1799485163,"41":-31756.4370892294,"42":-32453.6454503418,"43":-32020.0790254604,"44":-31867.7575395253,"45":-31867.1299465314,"46":-30516.707715333,"47":-30101.8591260386,"48":-30142.549989909,"49":-29153.9857419667,"50":-29754.2257990369,"51":-29958.4128471548,"52":-29491.9025333377,"53":-29886.722439743,"54":-31566.8498229325,"55":-33125.9808319406,"56":-31374.7383012929,"57":-29829.8277181087,"58":-29607.0028569113,"59":-29526.7304112042}}