{"0":{"0":-80789.2572543116,"1":-81518.8519322757,"2":-79967.3316178239,"3":-67435.9804448928,"4":-55415.2671126302,"5":-46533.9389267682,"6":-152677.1664762621,"7":-154113.6211000104,"8":-156306.6921216428,"9":-153434.2404330907,"10":-156779.4667549525,"11":-153836.5690884484,"12":-146228.0435750087,"13":-144697.0506761476,"14":-144680.7887074551,"15":-143206.8602912355,"16":-136632.8733023555,"17":-112607.3560663922,"18":-108632.5311859283,"19":-96234.399655343,"20":-92703.4737231605,"21":-57986.7249651973,"22":-7611.5369681517,"23":-4723.2413888292,"24":-54312.4649020147,"25":-53848.7492878213,"26":-52330.0909282327,"27":-53927.980288764,"28":-56122.540514134,"29":-56691.4333100155,"30":-57366.3746492042,"31":-58492.6773862636,"32":-58796.3262624615,"33":-59200.7377319116,"34":-63128.4285203591,"35":-63295.7092680453,"36":-18874.9698507148,"37":-58343.1556648426,"38":-16696.4053961375,"39":-30277.5617252439,"40":-105380.5585114328,"41":-106322.8777294192,"42":-115889.9730788856,"43":-120597.968447933,"44":-142503.9165882746,"45":-144234.1461388006,"46":-143977.4667173149,"47":-148950.9216651197,"48":-156448.4449884499,"49":-153281.4782353903,"50":-153656.045965826,"51":-149973.9324192514,"52":-149841.1251297934,"53":-150017.0903572084,"54":-45537.82942643,"55":-47441.4240652104,"56":-64102.0017994259,"57":-75066.7394820975,"58":-81172.132335818,"59":-80305.1441528765}}