{"0":{"0":-122230.5820971575,"1":-119384.7066614345,"2":-120069.8513943261,"3":-117668.507659885,"4":-117317.6704011832,"5":-116633.3436712192,"6":-116670.1026495984,"7":-3048.7161202492,"8":-118568.217012491,"9":-118694.3940455216,"10":-119754.8115529216,"11":-121311.8417139759,"12":-122924.702842004,"13":-123113.6000421597,"14":-125647.1524345155,"15":-125202.9405970478,"16":-124708.353960864,"17":-128580.5471654678,"18":-127331.4057538428,"19":-124056.4791510622,"20":-121178.3247190224,"21":-86414.1079082611,"22":-78463.5347519973,"23":-78392.8646187529,"24":24176.6475235092,"25":-81197.9074586659,"26":-20833.6136004974,"27":-13592.8237032093,"28":-17605.6558334672,"29":-17447.6183981054,"30":-101239.2243781177,"31":-78145.4169744946,"32":-84307.5445750387,"33":-108936.0711212761,"34":-110628.5727323581,"35":-106654.4186152207,"36":-119133.6462745862,"37":-115834.5433975508,"38":-115842.7497782789,"39":-10271.6162896594,"40":-116867.6838779055,"41":-117649.3555331051,"42":-121688.8483103107,"43":-121717.5933294658,"44":-122644.1904900167,"45":-124010.7645822278,"46":-125577.2993625349,"47":-126537.3703628996,"48":-126330.1800977398,"49":-129774.3149182714,"50":-128872.2605878281,"51":-128754.0959654684,"52":-128741.8315976991,"53":-3236.3335421582,"54":-123087.6570184964,"55":-124613.3116629084,"56":-125293.9387614586,"57":-125442.8336492502,"58":-123742.1369505352,"59":-123612.5136218225}}