{"0":{"0":-9210.6077409014,"1":-7867.3300932245,"2":-10526.5969104532,"3":-15165.9421736121,"4":-13060.0367235001,"5":-12216.1561389008,"6":-17066.1393636657,"7":-12230.007660943,"8":-11772.0280618386,"9":-15995.4619066913,"10":-11510.7519892344,"11":-12242.696137757,"12":-17245.1787949768,"13":-12309.7682105083,"14":-11629.1082521792,"15":-16866.9505723469,"16":-13789.5735842791,"17":-18791.4618624115,"18":-19632.5140923378,"19":-17825.4686318368,"20":-14631.4998129642,"21":-18309.9243492808,"22":-16199.6594180664,"23":-18641.9428566949,"24":7099.3251544186,"25":-19831.2950238258,"26":6738.5210728837,"27":10227.0218079248,"28":7789.4315156196,"29":9267.5118148948,"30":5345.7974657755,"31":3483.1544922533,"32":3106.5995140222,"33":-602.7305367665,"34":5605.3120030161,"35":3466.0673199374,"36":-2004.8366523957,"37":4532.7545560917,"38":3873.1169384483,"39":1096.1862729289,"40":2334.4000876466,"41":451.2016248438,"42":-6865.3220076309,"43":-1104.5079731016,"44":-611.568113099,"45":-10073.4962986815,"46":306.5287928952,"47":2120.3594155671,"48":-7441.4610293559,"49":-2141.2780904893,"50":-3532.784996517,"51":-8510.5737123321,"52":-7885.3746142382,"53":-3656.0765004257,"54":-12443.1916629327,"55":-7386.5576129128,"56":-9951.531930349,"57":-10465.5979079908,"58":-9435.180506834,"59":-11406.7118507039}}