{"0":{"0":-23735.6945937071,"1":-21623.8170976496,"2":-21346.608465475,"3":-24991.6342513669,"4":-21212.3749129702,"5":-23603.3777932892,"6":-24497.4603210514,"7":-25987.8962454064,"8":-23521.7263529202,"9":-26622.5247681604,"10":-21931.5910403374,"11":-24592.0581401532,"12":-20612.5013252629,"13":-25268.5922956564,"14":-20796.2485737652,"15":-26667.2218368852,"16":-21929.2971723258,"17":-23280.5617231663,"18":-25361.2531369664,"19":-22649.011773578,"20":-21607.0971839368,"21":-26338.5538197135,"22":-23022.3757019169,"23":-22197.3750654116,"24":-24204.9960390821,"25":-22562.0520136935,"26":-26571.277282141,"27":-26272.6148320965,"28":-20954.216224105,"29":-21367.971273838,"30":-24303.2348954851,"31":-23623.0958390848,"32":-21650.1410952655,"33":-26637.8226916593,"34":-22685.4974284981,"35":-22565.4832551212,"36":-27203.0246608051,"37":-28515.9842199593,"38":-23880.6089798356,"39":-26689.7492245629,"40":-24059.6347654517,"41":-24563.8803267989,"42":-26334.4836604668,"43":-25745.9528317516,"44":-26106.2181302209,"45":-28005.6283173781,"46":-28515.0428774168,"47":-28890.153336529,"48":-24574.5450971089,"49":-25400.6489570846,"50":-27086.6203559911,"51":-25798.6378057428,"52":-26970.0484127189,"53":-26346.515737897,"54":-28149.2805224707,"55":-24994.4882914175,"56":-25158.0335839811,"57":-29274.2208745527,"58":-29524.3795552557,"59":-24325.6023577612}}