Time,Incidence
0.000000,0
0.333333,0
0.666667,0
1.000000,0
1.333333,0
1.666667,0
2.000000,0
2.333333,0
2.666667,0
3.000000,0
3.333333,0
3.666667,0
4.000000,0
4.333333,0
4.666667,0
5.000000,0
5.333333,0
5.666667,0
6.000000,0
6.333333,0
6.666667,0
7.000000,0
7.333333,0
7.666667,0
8.000000,0
8.333333,0
8.666667,0
9.000000,0
9.333333,0
9.666667,0
10.000000,0
