{"0":{"0":[0,0,0,1,1.0],"1":[0,0,0,1,1.0],"2":[0,0,0,1,1.0],"3":[0,0,0,1,1.0],"4":[0,0,0,1,1.0],"5":[0,0,0,1,1.0],"6":[0,0,0,1,0.8571428571],"7":[0,0,0,1,0.75],"8":[0,0,0,1,0.6666666667],"9":[0,0,0,1,0.6],"10":[0,0,0,1,0.5454545455],"11":[0,0,0,1,0.5],"12":[0,0,0,1,0.4615384615],"13":[0,0,0,1,0.4285714286],"14":[0,0,0,1,0.4],"15":[0,0,0,1,0.375],"16":[0,0,0,1,0.3529411765],"17":[0,0,0,1,0.3888888889],"18":[0,0,0,1,0.4210526316],"19":[0,0,0,1,0.45],"20":[0,0,0,1,0.4761904762],"21":[0,0,0,1,0.5],"22":[0,0,0,1,0.5217391304],"23":[0,0,0,1,0.5416666667],"24":[0,0,0,1,0.56],"25":[0,0,0,1,0.5769230769],"26":[0,0,0,1,0.5925925926],"27":[0,0,0,1,0.6071428571],"28":[0,0,0,1,0.6206896552],"29":[0,0,0,1,0.6],"30":[0,0,0,1,0.5806451613],"31":[0,0,0,1,0.5625],"32":[0,0,0,1,0.5454545455],"33":[0,0,0,1,0.5294117647],"34":[0,0,0,1,0.5142857143],"35":[0,0,0,1,0.5],"36":[0,0,0,1,0.4864864865],"37":[0,0,0,1,0.4736842105],"38":[0,0,0,1,0.4615384615],"39":[0,0,0,1,0.45],"40":[0,0,0,1,0.4634146341],"41":[0,0,0,1,0.4761904762],"42":[0,0,0,1,0.488372093],"43":[0,0,0,1,0.5],"44":[0,0,0,1,0.5111111111],"45":[0,0,0,1,0.5217391304],"46":[0,0,0,1,0.5319148936],"47":[0,0,0,1,0.5416666667],"48":[0,0,0,1,0.5510204082],"49":[0,0,0,1,0.56],"50":[0,0,0,1,0.568627451],"51":[0,0,0,1,0.5576923077],"52":[0,0,0,1,0.5471698113],"53":[0,0,0,1,0.537037037],"54":[0,0,0,1,0.5272727273],"55":[0,0,0,1,0.5178571429],"56":[0,0,0,1,0.5087719298],"57":[0,0,0,1,0.5],"58":[0,0,0,1,0.4915254237],"59":[0,0,0,1,0.4833333333],"60":[0,0,0,1,0.4754098361],"61":[0,0,0,1,0.4677419355],"62":[0,0,0,0,0.0158730159],"63":[0,0,0,0,0.015625],"64":[0,0,0,0,0.0153846154],"65":[0,0,0,0,0.0151515152],"66":[0,0,0,0,0.0149253731],"67":[0,0,0,0,0.0147058824],"68":[0,0,0,0,0.0144927536],"69":[0,0,0,0,0.0142857143],"70":[0,0,0,0,0.014084507],"71":[0,0,0,0,0.0138888889],"72":[0,0,0,0,0.0136986301],"73":[0,0,0,0,0.0135135135],"74":[0,0,0,0,0.0133333333],"75":[0,0,0,0,0.0131578947],"76":[0,0,0,0,0.012987013],"77":[0,0,0,0,0.0128205128],"78":[0,0,0,0,0.0126582278],"79":[0,0,0,0,0.0125],"80":[0,0,0,0,0.012345679],"81":[0,0,0,0,0.012195122],"82":[0,0,0,0,0.0120481928],"83":[0,0,0,0,0.0119047619],"84":[0,0,0,0,0.0117647059],"85":[0,0,0,0,0.011627907],"86":[0,0,0,0,0.0114942529],"87":[0,0,0,0,0.0113636364],"88":[0,0,0,0,0.0112359551],"89":[0,0,0,0,0.0111111111],"90":[0,0,0,0,0.010989011],"91":[0,0,0,0,0.0108695652],"92":[0,0,0,0,0.0107526882],"93":[0,0,0,0,0.0106382979],"94":[0,0,0,0,0.0105263158],"95":[0,0,0,0,0.0104166667],"96":[0,0,0,0,0.0103092784],"97":[0,0,0,0,0.0102040816],"98":[0,0,0,0,0.0101010101],"99":[0,0,0,0,0.01],"100":[0,0,0,0,0.0099009901],"101":[0,0,0,0,0.0098039216],"102":[0,0,0,0,0.0097087379],"103":[0,0,0,0,0.0096153846],"104":[0,0,0,0,0.0095238095],"105":[0,0,0,0,0.0094339623],"106":[0,0,0,0,0.0093457944],"107":[0,0,0,0,0.0092592593],"108":[0,0,0,0,0.0091743119],"109":[0,0,0,0,0.0090909091],"110":[0,0,0,0,0.009009009],"111":[0,0,0,0,0.0089285714],"112":[0,0,0,0,0.0088495575],"113":[0,0,0,0,0.0087719298],"114":[0,0,0,0,0.0086956522],"115":[0,0,0,0,0.0086206897],"116":[0,0,0,0,0.0085470085],"117":[0,0,0,0,0.0084745763],"118":[0,0,0,0,0.0084033613],"119":[0,0,0,0,0.0083333333],"120":[0,0,0,0,0.0082644628],"121":[0,0,0,0,0.0081967213],"122":[0,0,0,0,0.0081300813],"123":[0,0,0,0,0.0080645161],"124":[0,0,0,0,0.008],"125":[0,0,0,0,0.0079365079],"126":[0,0,0,0,0.0078740157],"127":[0,0,0,0,0.0078125],"128":[0,0,0,0,0.007751938],"129":[0,0,0,0,0.0076923077],"130":[0,0,0,0,0.0076335878],"131":[0,0,0,0,0.0075757576],"132":[0,0,0,0,0.007518797],"133":[0,0,0,0,0.0074626866],"134":[0,0,0,0,0.0074074074],"135":[0,0,0,0,0.0073529412],"136":[0,0,0,0,0.0072992701],"137":[0,0,0,0,0.0072463768],"138":[0,0,0,0,0.0071942446],"139":[0,0,0,0,0.0071428571],"140":[0,0,0,0,0.0070921986],"141":[0,0,0,0,0.0070422535],"142":[0,0,0,0,0.006993007],"143":[0,0,0,0,0.0069444444],"144":[0,0,0,0,0.0068965517],"145":[0,0,0,0,0.0068493151],"146":[0,0,0,0,0.0068027211],"147":[0,0,0,0,0.0067567568],"148":[0,0,0,0,0.0067114094],"149":[0,0,0,0,0.0066666667],"150":[0,0,0,0,0.0066225166],"151":[0,0,0,0,0.0065789474],"152":[0,0,0,0,0.0065359477],"153":[0,0,0,0,0.0064935065],"154":[0,0,0,0,0.0064516129],"155":[0,0,0,0,0.0064102564],"156":[0,0,0,0,0.0063694268],"157":[0,0,0,0,0.0063291139],"158":[0,0,0,0,0.0062893082],"159":[0,0,0,0,0.00625],"160":[0,0,0,0,0.0062111801],"161":[0,0,0,0,0.0061728395],"162":[0,0,0,0,0.0061349693],"163":[0,0,0,0,0.006097561],"164":[0,0,0,0,0.0060606061],"165":[0,0,0,0,0.0060240964],"166":[0,0,0,0,0.005988024],"167":[0,0,0,0,0.005952381],"168":[0,0,0,0,0.0059171598],"169":[0,0,0,0,0.0058823529],"170":[0,0,0,0,0.0058479532],"171":[0,0,0,0,0.0058139535],"172":[0,0,0,0,0.0057803468],"173":[0,0,0,0,0.0057471264],"174":[0,0,0,0,0.0057142857],"175":[0,0,0,0,0.0056818182],"176":[0,0,0,0,0.0056497175],"177":[0,0,0,0,0.0056179775],"178":[0,0,0,0,0.0055865922],"179":[0,0,0,0,0.0055555556]},"1":{"0":null,"1":null,"2":null,"3":null,"4":null,"5":null,"6":[0,0,0,2,0.1428571429],"7":[0,0,0,2,0.25],"8":[0,0,0,2,0.3333333333],"9":[0,0,0,2,0.4],"10":[0,0,0,2,0.4545454545],"11":[0,0,0,2,0.5],"12":[0,0,0,2,0.5384615385],"13":[0,0,0,2,0.5714285714],"14":[0,0,0,2,0.6],"15":[0,0,0,2,0.625],"16":[0,0,0,2,0.6470588235],"17":[0,0,0,2,0.6111111111],"18":[0,0,0,2,0.5789473684],"19":[0,0,0,2,0.55],"20":[0,0,0,2,0.5238095238],"21":[0,0,0,2,0.5],"22":[0,0,0,2,0.4782608696],"23":[0,0,0,2,0.4583333333],"24":[0,0,0,2,0.44],"25":[0,0,0,2,0.4230769231],"26":[0,0,0,2,0.4074074074],"27":[0,0,0,2,0.3928571429],"28":[0,0,0,2,0.3793103448],"29":[0,0,0,2,0.4],"30":[0,0,0,2,0.4193548387],"31":[0,0,0,2,0.4375],"32":[0,0,0,2,0.4545454545],"33":[0,0,0,2,0.4705882353],"34":[0,0,0,2,0.4857142857],"35":[0,0,0,2,0.5],"36":[0,0,0,2,0.5135135135],"37":[0,0,0,2,0.5263157895],"38":[0,0,0,2,0.5384615385],"39":[0,0,0,2,0.55],"40":[0,0,0,2,0.5365853659],"41":[0,0,0,2,0.5238095238],"42":[0,0,0,2,0.511627907],"43":[0,0,0,2,0.5],"44":[0,0,0,2,0.4888888889],"45":[0,0,0,2,0.4782608696],"46":[0,0,0,2,0.4680851064],"47":[0,0,0,2,0.4583333333],"48":[0,0,0,2,0.4489795918],"49":[0,0,0,2,0.44],"50":[0,0,0,2,0.431372549],"51":[0,0,0,2,0.4423076923],"52":[0,0,0,2,0.4528301887],"53":[0,0,0,2,0.462962963],"54":[0,0,0,2,0.4727272727],"55":[0,0,0,2,0.4821428571],"56":[0,0,0,2,0.4912280702],"57":[0,0,0,2,0.5],"58":[0,0,0,2,0.5084745763],"59":[0,0,0,2,0.5166666667],"60":[0,0,0,2,0.5245901639],"61":[0,0,0,2,0.5322580645],"62":[0,0,0,1,0.4603174603],"63":[0,0,0,1,0.46875],"64":[0,0,0,1,0.4769230769],"65":[0,0,0,1,0.4848484848],"66":[0,0,0,1,0.4925373134],"67":[0,0,0,1,0.5],"68":[0,0,0,1,0.5072463768],"69":[0,0,0,1,0.5142857143],"70":[0,0,0,1,0.5211267606],"71":[0,0,0,1,0.5277777778],"72":[0,0,0,1,0.5342465753],"73":[0,0,0,1,0.5405405405],"74":[0,0,0,1,0.5333333333],"75":[0,0,0,1,0.5263157895],"76":[0,0,0,1,0.5194805195],"77":[0,0,0,1,0.5128205128],"78":[0,0,0,1,0.5063291139],"79":[0,0,0,1,0.5],"80":[0,0,0,1,0.4938271605],"81":[0,0,0,1,0.487804878],"82":[0,0,0,1,0.4819277108],"83":[0,0,0,1,0.4761904762],"84":[0,0,0,1,0.4705882353],"85":[0,0,0,1,0.476744186],"86":[0,0,0,1,0.4827586207],"87":[0,0,0,1,0.4886363636],"88":[0,0,0,1,0.4943820225],"89":[0,0,0,1,0.5],"90":[0,0,0,1,0.5054945055],"91":[0,0,0,1,0.5108695652],"92":[0,0,0,1,0.5161290323],"93":[0,0,0,1,0.5212765957],"94":[0,0,0,1,0.5263157895],"95":[0,0,0,1,0.53125],"96":[0,0,0,1,0.5257731959],"97":[0,0,0,1,0.5204081633],"98":[0,0,0,1,0.5151515152],"99":[0,0,0,1,0.51],"100":[0,0,0,1,0.504950495],"101":[0,0,0,1,0.5],"102":[0,0,0,1,0.4951456311],"103":[0,0,0,1,0.4903846154],"104":[0,0,0,1,0.4857142857],"105":[0,0,0,1,0.4811320755],"106":[0,0,0,1,0.476635514],"107":[0,0,0,1,0.4722222222],"108":[0,0,0,1,0.4770642202],"109":[0,0,0,1,0.4818181818],"110":[0,0,0,1,0.4864864865],"111":[0,0,0,1,0.4910714286],"112":[0,0,0,1,0.4955752212],"113":[0,0,0,1,0.5],"114":[0,0,0,1,0.5043478261],"115":[0,0,0,1,0.5086206897],"116":[0,0,0,1,0.5128205128],"117":[0,0,0,1,0.5169491525],"118":[0,0,0,1,0.5210084034],"119":[0,0,0,1,0.5166666667],"120":[0,0,0,1,0.5123966942],