{"0":{"0":[0,0,2,0,1.0],"1":[0,0,2,0,1.0],"2":[0,0,2,0,1.0],"3":[0,0,2,0,1.0],"4":[0,0,2,0,1.0],"5":[0,0,2,0,1.0],"6":[0,0,2,0,1.0],"7":[0,0,1,0,0.125],"8":[0,0,1,0,0.2222222222],"9":[0,0,1,0,0.3],"10":[0,0,1,0,0.3636363636],"11":[0,0,1,0,0.4166666667],"12":[0,0,1,0,0.4615384615],"13":[0,0,1,0,0.5],"14":[0,0,1,0,0.5333333333],"15":[0,0,1,0,0.5625],"16":[0,0,1,0,0.5882352941],"17":[0,0,1,0,0.6111111111],"18":[0,0,1,0,0.6315789474],"19":[0,0,1,0,0.65],"20":[0,0,1,0,0.6666666667],"21":[0,0,1,0,0.6363636364],"22":[0,0,1,0,0.6086956522],"23":[0,0,1,0,0.5833333333],"24":[0,0,1,0,0.56],"25":[0,0,1,0,0.5384615385],"26":[0,0,1,0,0.5185185185],"27":[0,0,1,0,0.5],"28":[0,0,1,0,0.4827586207],"29":[0,0,1,0,0.4666666667],"30":[0,0,1,0,0.4516129032],"31":[0,0,1,0,0.4375],"32":[0,0,1,0,0.4242424242],"33":[0,0,1,0,0.4117647059],"34":[0,0,1,0,0.4],"35":[0,0,1,0,0.4166666667],"36":[0,0,1,0,0.4324324324],"37":[0,0,1,0,0.4473684211],"38":[0,0,1,0,0.4615384615],"39":[0,0,1,0,0.475],"40":[0,0,1,0,0.487804878],"41":[0,0,1,0,0.5],"42":[0,0,1,0,0.511627907],"43":[0,0,1,0,0.5227272727],"44":[0,0,1,0,0.5333333333],"45":[0,0,1,0,0.5434782609],"46":[0,0,1,0,0.5531914894],"47":[0,0,1,0,0.5625],"48":[0,0,1,0,0.5714285714],"49":[0,0,1,0,0.56],"50":[0,0,1,0,0.5490196078],"51":[0,0,1,0,0.5384615385],"52":[0,0,1,0,0.5283018868],"53":[0,0,1,0,0.5185185185],"54":[0,0,1,0,0.5090909091],"55":[0,0,1,0,0.5],"56":[0,0,1,0,0.4912280702],"57":[0,0,1,0,0.4827586207],"58":[0,0,1,0,0.4745762712],"59":[0,0,1,0,0.4666666667],"60":[0,0,1,0,0.4590163934],"61":[0,0,1,0,0.4516129032],"62":[0,0,1,0,0.4444444444],"63":[0,0,1,0,0.453125],"64":[0,0,1,0,0.4615384615],"65":[0,0,1,0,0.4696969697],"66":[0,0,1,0,0.4776119403],"67":[0,0,1,0,0.4852941176],"68":[0,0,1,0,0.4927536232],"69":[0,0,1,0,0.5],"70":[0,0,1,0,0.5070422535],"71":[0,0,1,0,0.5138888889],"72":[0,0,1,0,0.5205479452],"73":[0,0,1,0,0.527027027],"74":[0,0,1,0,0.5333333333],"75":[0,0,1,0,0.5394736842],"76":[0,0,1,0,0.5454545455],"77":[0,0,1,0,0.5384615385],"78":[0,0,1,0,0.5316455696],"79":[0,0,1,0,0.525],"80":[0,0,1,0,0.5185185185],"81":[0,0,1,0,0.512195122],"82":[0,0,1,0,0.5060240964],"83":[0,0,1,0,0.5],"84":[0,0,1,0,0.4941176471],"85":[0,0,1,0,0.488372093],"86":[0,0,1,0,0.4827586207],"87":[0,0,1,0,0.4772727273],"88":[0,0,1,0,0.4719101124],"89":[0,0,1,0,0.4666666667],"90":[0,0,1,0,0.4615384615],"91":[0,0,1,0,0.4673913043],"92":[0,0,1,0,0.4731182796],"93":[0,0,1,0,0.4787234043],"94":[0,0,1,0,0.4842105263],"95":[0,0,1,0,0.4895833333],"96":[0,0,1,0,0.4948453608],"97":[0,0,1,0,0.5],"98":[0,0,1,0,0.5050505051],"99":[0,0,1,0,0.51],"100":[0,0,1,0,0.5148514851],"101":[0,0,1,0,0.5196078431],"102":[0,0,1,0,0.5242718447],"103":[0,0,1,0,0.5288461538],"104":[0,0,1,0,0.5333333333],"105":[0,0,1,0,0.5283018868],"106":[0,0,1,0,0.523364486],"107":[0,0,1,0,0.5185185185],"108":[0,0,1,0,0.5137614679],"109":[0,0,1,0,0.5090909091],"110":[0,0,1,0,0.5045045045],"111":[0,0,1,0,0.5],"112":[0,0,1,0,0.4955752212],"113":[0,0,1,0,0.4912280702],"114":[0,0,1,0,0.4869565217],"115":[0,0,1,0,0.4827586207],"116":[0,0,1,0,0.4786324786],"117":[0,0,1,0,0.4745762712],"118":[0,0,1,0,0.4705882353],"119":[0,0,0,0,0.0083333333],"120":[0,0,0,0,0.0082644628],"121":[0,0,0,0,0.0081967213],"122":[0,0,0,0,0.0081300813],"123":[0,0,0,0,0.0080645161],"124":[0,0,0,0,0.008],"125":[0,0,0,0,0.0079365079],"126":[0,0,0,0,0.0078740157],"127":[0,0,0,0,0.0078125],"128":[0,0,0,0,0.007751938],"129":[0,0,0,0,0.0076923077],"130":[0,0,0,0,0.0076335878],"131":[0,0,0,0,0.0075757576],"132":[0,0,0,0,0.007518797],"133":[0,0,0,0,0.0149253731],"134":[0,0,0,0,0.0148148148],"135":[0,0,0,0,0.0147058824],"136":[0,0,0,0,0.0145985401],"137":[0,0,0,0,0.0144927536],"138":[0,0,0,0,0.0143884892],"139":[0,0,0,0,0.0142857143],"140":[0,0,0,0,0.0141843972],"141":[0,0,0,0,0.014084507],"142":[0,0,0,0,0.013986014],"143":[0,0,0,0,0.0138888889],"144":[0,0,0,0,0.0137931034],"145":[0,0,0,0,0.0136986301],"146":[0,0,0,0,0.0136054422],"147":[0,0,0,0,0.0135135135],"148":[0,0,0,0,0.0134228188],"149":[0,0,0,0,0.0133333333],"150":[0,0,0,0,0.0132450331],"151":[0,0,0,0,0.0131578947],"152":[0,0,0,0,0.0130718954],"153":[0,0,0,0,0.012987013],"154":[0,0,0,0,0.0129032258],"155":[0,0,0,0,0.0128205128],"156":[0,0,0,0,0.0127388535],"157":[0,0,0,0,0.0126582278],"158":[0,0,0,0,0.0125786164],"159":[0,0,0,0,0.0125],"160":[0,0,0,0,0.0124223602],"161":[0,0,0,0,0.012345679],"162":[0,0,0,0,0.0122699387],"163":[0,0,0,0,0.012195122],"164":[0,0,0,0,0.0121212121],"165":[0,0,0,0,0.0120481928],"166":[0,0,0,0,0.0119760479],"167":[0,0,0,0,0.0119047619],"168":[0,0,0,0,0.0118343195],"169":[0,0,0,0,0.0117647059],"170":[0,0,0,0,0.0116959064],"171":[0,0,0,0,0.011627907],"172":[0,0,0,0,0.0115606936],"173":[0,0,0,0,0.0114942529],"174":[0,0,0,0,0.0114285714],"175":[0,0,0,0,0.0113636364],"176":[0,0,0,0,0.011299435],"177":[0,0,0,0,0.0112359551],"178":[0,0,0,0,0.0111731844],"179":[0,0,0,0,0.0111111111]},"1":{"0":null,"1":null,"2":null,"3":null,"4":null,"5":null,"6":null,"7":[0,0,2,0,0.875],"8":[0,0,2,0,0.7777777778],"9":[0,0,2,0,0.7],"10":[0,0,2,0,0.6363636364],"11":[0,0,2,0,0.5833333333],"12":[0,0,2,0,0.5384615385],"13":[0,0,2,0,0.5],"14":[0,0,2,0,0.4666666667],"15":[0,0,2,0,0.4375],"16":[0,0,2,0,0.4117647059],"17":[0,0,2,0,0.3888888889],"18":[0,0,2,0,0.3684210526],"19":[0,0,2,0,0.35],"20":[0,0,2,0,0.3333333333],"21":[0,0,2,0,0.3636363636],"22":[0,0,2,0,0.3913043478],"23":[0,0,2,0,0.4166666667],"24":[0,0,2,0,0.44],"25":[0,0,2,0,0.4615384615],"26":[0,0,2,0,0.4814814815],"27":[0,0,2,0,0.5],"28":[0,0,2,0,0.5172413793],"29":[0,0,2,0,0.5333333333],"30":[0,0,2,0,0.5483870968],"31":[0,0,2,0,0.5625],"32":[0,0,2,0,0.5757575758],"33":[0,0,2,0,0.5882352941],"34":[0,0,2,0,0.6],"35":[0,0,2,0,0.5833333333],"36":[0,0,2,0,0.5675675676],"37":[0,0,2,0,0.5526315789],"38":[0,0,2,0,0.5384615385],"39":[0,0,2,0,0.525],"40":[0,0,2,0,0.512195122],"41":[0,0,2,0,0.5],"42":[0,0,2,0,0.488372093],"43":[0,0,2,0,0.4772727273],"44":[0,0,2,0,0.4666666667],"45":[0,0,2,0,0.4565217391],"46":[0,0,2,0,0.4468085106],"47":[0,0,2,0,0.4375],"48":[0,0,2,0,0.4285714286],"49":[0,0,2,0,0.44],"50":[0,0,2,0,0.4509803922],"51":[0,0,2,0,0.4615384615],"52":[0,0,2,0,0.4716981132],"53":[0,0,2,0,0.4814814815],"54":[0,0,2,0,0.4909090909],"55":[0,0,2,0,0.5],"56":[0,0,2,0,0.5087719298],"57":[0,0,2,0,0.5172413793],"58":[0,0,2,0,0.5254237288],"59":[0,0,2,0,0.5333333333],"60":[0,0,2,0,0.5409836066],"61":[0,0,2,0,0.5483870968],"62":[0,0,2,0,0.5555555556],"63":[0,0,2,0,0.546875],"64":[0,0,2,0,0.5384615385],"65":[0,0,2,0,0.5303030303],"66":[0,0,2,0,0.5223880597],"67":[0,0,2,0,0.5147058824],"68":[0,0,2,0,0.5072463768],"69":[0,0,2,0,0.5],"70":[0,0,2,0,0.4929577465],"71":[0,0,2,0,0.4861111111],"72":[0,0,2,0,0.4794520548],"73":[0,0,2,0,0.472972973],"74":[0,0,2,0,0.4666666667],"75":[0,0,2,0,0.4605263158],"76":[0,0,2,0,0.4545454545],"77":[0,0,2,0,0.4615384615],"78":[0,0,2,0,0.4683544304],"79":[0,0,2,0,0.475],"80":[0,0,2,0,0.4814814815],"81":[0,0,2,0,0.487804878],"82":[0,0,2,0,0.4939759036],"83":[0,0,2,0,0.5],"84":[0,0,2,0,0.5058823529],"85":[0,0,2,0,0.511627907],"86":[0,0,2,0,0.5172413793],"87":[0,0,2,0,0.5227272727],"88":[0,0,2,0,0.5280898876],"89":[0,0,2,0,0.5333333333],"90":[0,0,2,0,0.5384615385],"91":[0,0,2,0,0.5326086957],"92":[0,0,2,0,0.5268817204],"93":[0,0,2,0,0.5212765957],"94":[0,0,2,0,0.5157894737],"95":[0,0,2,0,0.5104166667],"96":[0,0,2,0,0.5051546392],"97":[0,0,2,0,0.5],"98":[0,0,2,0,0.4949494949],"99":[0,0,2,0,0.49],"100":[0,0,2,0,0.4851485149],"101":[0,0,2,0,0.4803921569],"102":[0,0,2,0,0.4757281553],"103":[0,0,2,0,0.4711538462],"104":[0,0,2,0,0.4666666667],"105":[0,0,2,0,0.4716981132],"106":[0,0,2,0,0.476635514],"107":[0,0,2,0,0.4814814815],"108":[0,0,2,0,0.4862385321],"109":[0,0,2,0,0.4909090909],"110":[0,0,2,0,0.4954954955],"111":[0,0,2,0,0.5],"112":[0,0,2,0,0.5044247788],"113":[0,0,2,0,0.5087719298],"114":[0,0,2,0,0.5130434783],"115":[0,0,2,0,0.5172413793],"116":[0,0,2,0,0.5213675214],"117":[0,0,2,0,0.5254237288],"118":[0,0,2,0,0.5294117647],"119":[0,0,1,0,0.4666666667],"120":[0,0,1,0,0.4710743802],"121":[0,0,1,0,0.4754098361],