{"0":{"0":[0,3,0,0,1.0],"1":[0,3,0,0,1.0],"2":[0,3,0,0,1.0],"3":[0,3,0,0,1.0],"4":[0,3,0,0,1.0],"5":[0,3,0,0,1.0],"6":[0,3,0,0,1.0],"7":[0,3,0,0,1.0],"8":[0,3,0,0,1.0],"9":[0,3,0,0,1.0],"10":[0,3,0,0,1.0],"11":[0,3,0,0,1.0],"12":[0,3,0,0,1.0],"13":[0,3,0,0,1.0],"14":[0,3,0,0,1.0],"15":[0,3,0,0,0.9375],"16":[0,3,0,0,0.8823529412],"17":[0,3,0,0,0.8333333333],"18":[0,3,0,0,0.7894736842],"19":[0,3,0,0,0.75],"20":[0,3,0,0,0.7142857143],"21":[0,3,0,0,0.6818181818],"22":[0,3,0,0,0.652173913],"23":[0,3,0,0,0.625],"24":[0,3,0,0,0.6],"25":[0,3,0,0,0.5769230769],"26":[0,3,0,0,0.5555555556],"27":[0,3,0,0,0.5357142857],"28":[0,3,0,0,0.5172413793],"29":[0,3,0,0,0.5],"30":[0,3,0,0,0.4838709677],"31":[0,3,0,0,0.46875],"32":[0,3,0,0,0.4545454545],"33":[0,3,0,0,0.4411764706],"34":[0,3,0,0,0.4285714286],"35":[0,3,0,0,0.4166666667],"36":[0,3,0,0,0.4054054054],"37":[0,3,0,0,0.3947368421],"38":[0,3,0,0,0.3846153846],"39":[0,3,0,0,0.375],"40":[0,3,0,0,0.3658536585],"41":[0,3,0,0,0.3571428571],"42":[0,3,0,0,0.3488372093],"43":[0,3,0,0,0.3409090909],"44":[0,3,0,0,0.3333333333],"45":[0,3,0,0,0.347826087],"46":[0,3,0,0,0.3617021277],"47":[0,3,0,0,0.375],"48":[0,3,0,0,0.387755102],"49":[0,3,0,0,0.4],"50":[0,3,0,0,0.4117647059],"51":[0,3,0,0,0.4230769231],"52":[0,3,0,0,0.4339622642],"53":[0,3,0,0,0.4444444444],"54":[0,3,0,0,0.4545454545],"55":[0,3,0,0,0.4642857143],"56":[0,3,0,0,0.4736842105],"57":[0,3,0,0,0.4827586207],"58":[0,3,0,0,0.4915254237],"59":[0,3,0,0,0.5],"60":[0,3,0,0,0.5081967213],"61":[0,3,0,0,0.5161290323],"62":[0,3,0,0,0.5238095238],"63":[0,3,0,0,0.53125],"64":[0,3,0,0,0.5384615385],"65":[0,3,0,0,0.5454545455],"66":[0,3,0,0,0.552238806],"67":[0,3,0,0,0.5588235294],"68":[0,3,0,0,0.5652173913],"69":[0,3,0,0,0.5714285714],"70":[0,3,0,0,0.5774647887],"71":[0,3,0,0,0.5833333333],"72":[0,3,0,0,0.5890410959],"73":[0,3,0,0,0.5945945946],"74":[0,3,0,0,0.6],"75":[0,3,0,0,0.5921052632],"76":[0,3,0,0,0.5844155844],"77":[0,3,0,0,0.5769230769],"78":[0,3,0,0,0.5696202532],"79":[0,3,0,0,0.5625],"80":[0,3,0,0,0.5555555556],"81":[0,3,0,0,0.5487804878],"82":[0,3,0,0,0.5421686747],"83":[0,3,0,0,0.5357142857],"84":[0,3,0,0,0.5294117647],"85":[0,3,0,0,0.523255814],"86":[0,3,0,0,0.5172413793],"87":[0,3,0,0,0.5113636364],"88":[0,3,0,0,0.5056179775],"89":[0,3,0,0,0.5],"90":[0,3,0,0,0.4945054945],"91":[0,3,0,0,0.4891304348],"92":[0,3,0,0,0.4838709677],"93":[0,3,0,0,0.4787234043],"94":[0,3,0,0,0.4736842105],"95":[0,3,0,0,0.46875],"96":[0,3,0,0,0.4639175258],"97":[0,3,0,0,0.4591836735],"98":[0,3,0,0,0.4545454545],"99":[0,3,0,0,0.45],"100":[0,3,0,0,0.4455445545],"101":[0,3,0,0,0.4411764706],"102":[0,3,0,0,0.4368932039],"103":[0,3,0,0,0.4326923077],"104":[0,3,0,0,0.4285714286],"105":[0,3,0,0,0.4339622642],"106":[0,3,0,0,0.4392523364],"107":[0,3,0,0,0.4444444444],"108":[0,3,0,0,0.4495412844],"109":[0,3,0,0,0.4545454545],"110":[0,3,0,0,0.4594594595],"111":[0,3,0,0,0.4642857143],"112":[0,3,0,0,0.4690265487],"113":[0,3,0,0,0.4736842105],"114":[0,3,0,0,0.4782608696],"115":[0,3,0,0,0.4827586207],"116":[0,3,0,0,0.4871794872],"117":[0,3,0,0,0.4915254237],"118":[0,3,0,0,0.4957983193],"119":[0,3,0,0,0.5],"120":[0,3,0,0,0.5041322314],"121":[0,3,0,0,0.5081967213],"122":[0,3,0,0,0.512195122],"123":[0,3,0,0,0.5161290323],"124":[0,3,0,0,0.52],"125":[0,3,0,0,0.5238095238],"126":[0,3,0,0,0.5275590551],"127":[0,3,0,0,0.53125],"128":[0,3,0,0,0.5348837209],"129":[0,3,0,0,0.5384615385],"130":[0,3,0,0,0.5419847328],"131":[0,3,0,0,0.5454545455],"132":[0,3,0,0,0.5488721805],"133":[0,3,0,0,0.552238806],"134":[0,3,0,0,0.5555555556],"135":[0,3,0,0,0.5514705882],"136":[0,3,0,0,0.5474452555],"137":[0,3,0,0,0.5434782609],"138":[0,3,0,0,0.5395683453],"139":[0,3,0,0,0.5357142857],"140":[0,3,0,0,0.5319148936],"141":[0,3,0,0,0.5281690141],"142":[0,3,0,0,0.5244755245],"143":[0,3,0,0,0.5208333333],"144":[0,3,0,0,0.5172413793],"145":[0,3,0,0,0.5136986301],"146":[0,3,0,0,0.5102040816],"147":[0,3,0,0,0.5067567568],"148":[0,3,0,0,0.5033557047],"149":[0,3,0,0,0.5],"150":[0,3,0,0,0.4966887417],"151":[0,3,0,0,0.4934210526],"152":[0,3,0,0,0.4901960784],"153":[0,3,0,0,0.487012987],"154":[0,3,0,0,0.4838709677],"155":[0,3,0,0,0.4807692308],"156":[0,3,0,0,0.4777070064],"157":[0,3,0,0,0.4746835443],"158":[0,3,0,0,0.4716981132],"159":[0,3,0,0,0.46875],"160":[0,3,0,0,0.4658385093],"161":[0,3,0,0,0.462962963],"162":[0,3,0,0,0.4601226994],"163":[0,3,0,0,0.4573170732],"164":[0,3,0,0,0.4545454545],"165":[0,3,0,0,0.4578313253],"166":[0,3,0,0,0.4610778443],"167":[0,3,0,0,0.4642857143],"168":[0,3,0,0,0.4674556213],"169":[0,3,0,0,0.4705882353],"170":[0,3,0,0,0.4736842105],"171":[0,3,0,0,0.476744186],"172":[0,3,0,0,0.4797687861],"173":[0,3,0,0,0.4827586207],"174":[0,3,0,0,0.4857142857],"175":[0,3,0,0,0.4886363636],"176":[0,3,0,0,0.4915254237],"177":[0,3,0,0,0.4943820225],"178":[0,3,0,0,0.4972067039],"179":[0,3,0,0,0.5]},"1":{"0":null,"1":null,"2":null,"3":null,"4":null,"5":null,"6":null,"7":null,"8":null,"9":null,"10":null,"11":null,"12":null,"13":null,"14":null,"15":[0,4,0,0,0.0625],"16":[0,4,0,0,0.1176470588],"17":[0,4,0,0,0.1666666667],"18":[0,4,0,0,0.2105263158],"19":[0,4,0,0,0.25],"20":[0,4,0,0,0.2857142857],"21":[0,4,0,0,0.3181818182],"22":[0,4,0,0,0.347826087],"23":[0,4,0,0,0.375],"24":[0,4,0,0,0.4],"25":[0,4,0,0,0.4230769231],"26":[0,4,0,0,0.4444444444],"27":[0,4,0,0,0.4642857143],"28":[0,4,0,0,0.4827586207],"29":[0,4,0,0,0.5],"30":[0,4,0,0,0.5161290323],"31":[0,4,0,0,0.53125],"32":[0,4,0,0,0.5454545455],"33":[0,4,0,0,0.5588235294],"34":[0,4,0,0,0.5714285714],"35":[0,4,0,0,0.5833333333],"36":[0,4,0,0,0.5945945946],"37":[0,4,0,0,0.6052631579],"38":[0,4,0,0,0.6153846154],"39":[0,4,0,0,0.625],"40":[0,4,0,0,0.6341463415],"41":[0,4,0,0,0.6428571429],"42":[0,4,0,0,0.6511627907],"43":[0,4,0,0,0.6590909091],"44":[0,4,0,0,0.6666666667],"45":[0,4,0,0,0.652173913],"46":[0,4,0,0,0.6382978723],"47":[0,4,0,0,0.625],"48":[0,4,0,0,0.612244898],"49":[0,4,0,0,0.6],"50":[0,4,0,0,0.5882352941],"51":[0,4,0,0,0.5769230769],"52":[0,4,0,0,0.5660377358],"53":[0,4,0,0,0.5555555556],"54":[0,4,0,0,0.5454545455],"55":[0,4,0,0,0.5357142857],"56":[0,4,0,0,0.5263157895],"57":[0,4,0,0,0.5172413793],"58":[0,4,0,0,0.5084745763],"59":[0,4,0,0,0.5],"60":[0,4,0,0,0.4918032787],"61":[0,4,0,0,0.4838709677],"62":[0,4,0,0,0.4761904762],"63":[0,4,0,0,0.46875],"64":[0,4,0,0,0.4615384615],"65":[0,4,0,0,0.4545454545],"66":[0,4,0,0,0.447761194],"67":[0,4,0,0,0.4411764706],"68":[0,4,0,0,0.4347826087],"69":[0,4,0,0,0.4285714286],"70":[0,4,0,0,0.4225352113],"71":[0,4,0,0,0.4166666667],"72":[0,4,0,0,0.4109589041],"73":[0,4,0,0,0.4054054054],"74":[0,4,0,0,0.4],"75":[0,4,0,0,0.4078947368],"76":[0,4,0,0,0.4155844156],"77":[0,4,0,0,0.4230769231],"78":[0,4,0,0,0.4303797468],"79":[0,4,0,0,0.4375],"80":[0,4,0,0,0.4444444444],"81":[0,4,0,0,0.4512195122],"82":[0,4,0,0,0.4578313253],"83":[0,4,0,0,0.4642857143],"84":[0,4,0,0,0.4705882353],"85":[0,4,0,0,0.476744186],"86":[0,4,0,0,0.4827586207],"87":[0,4,0,0,0.4886363636],"88":[0,4,0,0,0.4943820225],"89":[0,4,0,0,0.5],"90":[0,4,0,0,0.5054945055],"91":[0,4,0,0,0.5108695652],"92":[0,4,0,0,0.5161290323],"93":[0,4,0,0,0.5212765957],"94":[0,4,0,0,0.5263157895],"95":[0,4,0,0,0.53125],"96":[0,4,0,0,0.5360824742],"97":[0,4,0,0,0.5408163265],"98":[0,4,0,0,0.5454545455],"99":[0,4,0,0,0.55],"100":[0,4,0,0,0.5544554455],"101":[0,4,0,0,0.5588235294],"102":[0,4,0,0,0.5631067961],"103":[0,4,0,0,0.5673076923],"104":[0,4,0,0,0.5714285714],"105":[0,4,0,0,0.5660377358],"106":[0,4,0,0,0.5607476636],"107":[0,4,0,0,0.5555555556],"108":[0,4,0,0,0.5504587156],"109":[0,4,0,0,0.5454545455],"110":[0,4,0,0,0.5405405405],"111":[0,4,0,0,0.5357142857],"112":[0,4,0,0,0.5309734513],"113":[0,4,0,0,0.5263157895],"114":[0,4,0,0,0.5217391304],"115":[0,4,0,0,0.5172413793],"116":[0,4,0,0,0.5128205128],"117":[0,4,0,0,0.5084745763],"118":[0,4,0,0,0.5042016807],"119":[0,4,0,0,0.5],"120":[0,4,0,0,0.4958677686],"121":[0,4,0,0,0.4918032787],"122":[0,4,0,0,0.487804878],"123":[0,4,0,0,0.4838709677],"124":[0,4,0,0,0.48],"125":[0,4,0,0,0.4761904762],"126":[0,4,0,0,0.4724409449],"127":[0,4,0,0,0.46875],