{"0":{"0":[2,0,0,0,1.0],"1":[2,0,0,0,1.0],"2":[2,0,0,0,1.0],"3":[2,0,0,0,1.0],"4":[2,0,0,0,1.0],"5":[2,0,0,0,1.0],"6":[2,0,0,0,0.8571428571],"7":[2,0,0,0,0.75],"8":[2,0,0,0,0.6666666667],"9":[2,0,0,0,0.6],"10":[2,0,0,0,0.5454545455],"11":[2,0,0,0,0.5],"12":[2,0,0,0,0.4615384615],"13":[2,0,0,0,0.4285714286],"14":[2,0,0,0,0.4],"15":[2,0,0,0,0.375],"16":[2,0,0,0,0.3529411765],"17":[2,0,0,0,0.3333333333],"18":[2,0,0,0,0.3157894737],"19":[2,0,0,0,0.3],"20":[2,0,0,0,0.2857142857],"21":[2,0,0,0,0.2727272727],"22":[2,0,0,0,0.2608695652],"23":[2,0,0,0,0.25],"24":[2,0,0,0,0.24],"25":[2,0,0,0,0.2307692308],"26":[2,0,0,0,0.2222222222],"27":[2,0,0,0,0.2142857143],"28":[2,0,0,0,0.2068965517],"29":[2,0,0,0,0.2],"30":[2,0,0,0,0.1935483871],"31":[2,0,0,0,0.21875],"32":[2,0,0,0,0.2424242424],"33":[2,0,0,0,0.2647058824],"34":[2,0,0,0,0.2857142857],"35":[2,0,0,0,0.3055555556],"36":[2,0,0,0,0.3243243243],"37":[2,0,0,0,0.3421052632],"38":[2,0,0,0,0.358974359],"39":[2,0,0,0,0.375],"40":[1,0,0,0,0.0243902439],"41":[1,0,0,0,0.0476190476],"42":[1,0,0,0,0.0465116279],"43":[1,0,0,0,0.0454545455],"44":[1,0,0,0,0.0444444444],"45":[1,0,0,0,0.0434782609],"46":[1,0,0,0,0.0425531915],"47":[1,0,0,0,0.0416666667],"48":[1,0,0,0,0.0408163265],"49":[1,0,0,0,0.04],"50":[1,0,0,0,0.0392156863],"51":[1,0,0,0,0.0384615385],"52":[1,0,0,0,0.0377358491],"53":[1,0,0,0,0.037037037],"54":[1,0,0,0,0.0363636364],"55":[1,0,0,0,0.0357142857],"56":[1,0,0,0,0.0350877193],"57":[1,0,0,0,0.0344827586],"58":[1,0,0,0,0.0338983051],"59":[1,0,0,0,0.0333333333],"60":[1,0,0,0,0.0327868852],"61":[1,0,0,0,0.0322580645],"62":[1,0,0,0,0.0317460317],"63":[1,0,0,0,0.03125],"64":[1,0,0,0,0.0307692308],"65":[1,0,0,0,0.0303030303],"66":[1,0,0,0,0.0298507463],"67":[1,0,0,0,0.0441176471],"68":[1,0,0,0,0.0579710145],"69":[1,0,0,0,0.0714285714],"70":[1,0,0,0,0.0845070423],"71":[1,0,0,0,0.0972222222],"72":[1,0,0,0,0.1095890411],"73":[1,0,0,0,0.1216216216],"74":[1,0,0,0,0.1333333333],"75":[1,0,0,0,0.1447368421],"76":[1,0,0,0,0.1558441558],"77":[1,0,0,0,0.1666666667],"78":[1,0,0,0,0.164556962],"79":[1,0,0,0,0.1625],"80":[1,0,0,0,0.1604938272],"81":[1,0,0,0,0.1585365854],"82":[1,0,0,0,0.156626506],"83":[1,0,0,0,0.1547619048],"84":[1,0,0,0,0.1529411765],"85":[1,0,0,0,0.1511627907],"86":[1,0,0,0,0.1494252874],"87":[1,0,0,0,0.1477272727],"88":[1,0,0,0,0.1460674157],"89":[1,0,0,0,0.1444444444],"90":[1,0,0,0,0.1428571429],"91":[1,0,0,0,0.1413043478],"92":[1,0,0,0,0.1397849462],"93":[1,0,0,0,0.1382978723],"94":[1,0,0,0,0.1368421053],"95":[1,0,0,0,0.1354166667],"96":[1,0,0,0,0.1340206186],"97":[1,0,0,0,0.1326530612],"98":[1,0,0,0,0.1313131313],"99":[1,0,0,0,0.13],"100":[1,0,0,0,0.1287128713],"101":[1,0,0,0,0.1274509804],"102":[1,0,0,0,0.1262135922],"103":[1,0,0,0,0.125],"104":[1,0,0,0,0.1333333333],"105":[1,0,0,0,0.141509434],"106":[1,0,0,0,0.1495327103],"107":[1,0,0,0,0.1574074074],"108":[1,0,0,0,0.1651376147],"109":[1,0,0,0,0.1727272727],"110":[1,0,0,0,0.1801801802],"111":[1,0,0,0,0.1875],"112":[1,0,0,0,0.1946902655],"113":[1,0,0,0,0.201754386],"114":[1,0,0,0,0.2],"115":[1,0,0,0,0.1982758621],"116":[1,0,0,0,0.1965811966],"117":[1,0,0,0,0.1949152542],"118":[1,0,0,0,0.1932773109],"119":[1,0,0,0,0.1916666667],"120":[1,0,0,0,0.1900826446],"121":[1,0,0,0,0.1885245902],"122":[1,0,0,0,0.1869918699],"123":[1,0,0,0,0.185483871],"124":[1,0,0,0,0.184],"125":[1,0,0,0,0.1825396825],"126":[1,0,0,0,0.1811023622],"127":[1,0,0,0,0.1796875],"128":[1,0,0,0,0.1782945736],"129":[1,0,0,0,0.1769230769],"130":[1,0,0,0,0.1755725191],"131":[1,0,0,0,0.1742424242],"132":[1,0,0,0,0.1729323308],"133":[1,0,0,0,0.171641791],"134":[1,0,0,0,0.1703703704],"135":[1,0,0,0,0.1691176471],"136":[1,0,0,0,0.1678832117],"137":[1,0,0,0,0.1666666667],"138":[1,0,0,0,0.1654676259],"139":[1,0,0,0,0.1642857143],"140":[1,0,0,0,0.1631205674],"141":[1,0,0,0,0.161971831],"142":[1,0,0,0,0.1608391608],"143":[1,0,0,0,0.1597222222],"144":[1,0,0,0,0.1586206897],"145":[1,0,0,0,0.1575342466],"146":[1,0,0,0,0.156462585],"147":[1,0,0,0,0.1554054054],"148":[1,0,0,0,0.1543624161],"149":[1,0,0,0,0.1533333333],"150":[1,0,0,0,0.1523178808],"151":[1,0,0,0,0.1513157895],"152":[1,0,0,0,0.1503267974],"153":[1,0,0,0,0.1493506494],"154":[1,0,0,0,0.1483870968],"155":[1,0,0,0,0.1474358974],"156":[1,0,0,0,0.1464968153],"157":[1,0,0,0,0.1455696203],"158":[1,0,0,0,0.1446540881],"159":[1,0,0,0,0.14375],"160":[1,0,0,0,0.1428571429],"161":[1,0,0,0,0.1419753086],"162":[1,0,0,0,0.1411042945],"163":[1,0,0,0,0.1402439024],"164":[1,0,0,0,0.1393939394],"165":[1,0,0,0,0.1385542169],"166":[1,0,0,0,0.1377245509],"167":[1,0,0,0,0.1369047619],"168":[1,0,0,0,0.1360946746],"169":[1,0,0,0,0.1352941176],"170":[1,0,0,0,0.134502924],"171":[1,0,0,0,0.1337209302],"172":[1,0,0,0,0.1329479769],"173":[1,0,0,0,0.132183908],"174":[1,0,0,0,0.1314285714],"175":[1,0,0,0,0.1306818182],"176":[1,0,0,0,0.1299435028],"177":[1,0,0,0,0.1292134831],"178":[1,0,0,0,0.1284916201],"179":[1,0,0,0,0.1277777778]},"1":{"0":null,"1":null,"2":null,"3":null,"4":null,"5":null,"6":[4,0,0,0,0.1428571429],"7":[4,0,0,0,0.25],"8":[4,0,0,0,0.3333333333],"9":[3,0,0,0,0.1],"10":[3,0,0,0,0.1818181818],"11":[3,0,0,0,0.25],"12":[3,0,0,0,0.3076923077],"13":[3,0,0,0,0.3571428571],"14":[3,0,0,0,0.4],"15":[3,0,0,0,0.375],"16":[3,0,0,0,0.3529411765],"17":[3,0,0,0,0.3333333333],"18":[3,0,0,0,0.3157894737],"19":[3,0,0,0,0.3],"20":[3,0,0,0,0.3333333333],"21":[3,0,0,0,0.3636363636],"22":[3,0,0,0,0.3913043478],"23":[3,0,0,0,0.4166666667],"24":[3,0,0,0,0.44],"25":[3,0,0,0,0.4230769231],"26":[3,0,0,0,0.4074074074],"27":[3,0,0,0,0.3928571429],"28":[3,0,0,0,0.3793103448],"29":[3,0,0,0,0.3666666667],"30":[3,0,0,0,0.3548387097],"31":[3,0,0,0,0.34375],"32":[3,0,0,0,0.3333333333],"33":[3,0,0,0,0.3235294118],"34":[3,0,0,0,0.3142857143],"35":[3,0,0,0,0.3055555556],"36":[3,0,0,0,0.2972972973],"37":[3,0,0,0,0.2894736842],"38":[3,0,0,0,0.2820512821],"39":[3,0,0,0,0.275],"40":[2,0,0,0,0.3658536585],"41":[2,0,0,0,0.3571428571],"42":[2,0,0,0,0.3488372093],"43":[2,0,0,0,0.3409090909],"44":[2,0,0,0,0.3333333333],"45":[2,0,0,0,0.3260869565],"46":[2,0,0,0,0.3191489362],"47":[2,0,0,0,0.3125],"48":[2,0,0,0,0.306122449],"49":[2,0,0,0,0.3],"50":[2,0,0,0,0.2941176471],"51":[2,0,0,0,0.2884615385],"52":[2,0,0,0,0.2830188679],"53":[2,0,0,0,0.2777777778],"54":[2,0,0,0,0.2727272727],"55":[2,0,0,0,0.2678571429],"56":[2,0,0,0,0.2631578947],"57":[2,0,0,0,0.2586206897],"58":[2,0,0,0,0.2542372881],"59":[2,0,0,0,0.25],"60":[2,0,0,0,0.2459016393],"61":[2,0,0,0,0.2419354839],"62":[2,0,0,0,0.2380952381],"63":[2,0,0,0,0.234375],"64":[2,0,0,0,0.2307692308],"65":[2,0,0,0,0.2272727273],"66":[2,0,0,0,0.223880597],"67":[2,0,0,0,0.2205882353],"68":[2,0,0,0,0.2173913043],"69":[2,0,0,0,0.2142857143],"70":[2,0,0,0,0.2112676056],"71":[2,0,0,0,0.2083333333],"72":[2,0,0,0,0.2054794521],"73":[2,0,0,0,0.2027027027],"74":[2,0,0,0,0.2],"75":[2,0,0,0,0.1973684211],"76":[2,0,0,0,0.1948051948],"77":[2,0,0,0,0.1923076923],"78":[2,0,0,0,0.1898734177],"79":[2,0,0,0,0.1875],"80":[2,0,0,0,0.1851851852],"81":[2,0,0,0,0.1829268293],"82":[2,0,0,0,0.1927710843],"83":[2,0,0,0,0.1904761905],"84":[2,0,0,0,0.1882352941],"85":[2,0,0,0,0.1860465116],"86":[2,0,0,0,0.183908046],"87":[2,0,0,0,0.1818181818],"88":[2,0,0,0,0.1797752809],"89":[2,0,0,0,0.1777777778],"90":[2,0,0,0,0.1758241758],"91":[2,0,0,0,0.1739130435],"92":[2,0,0,0,0.1720430108],"93":[2,0,0,0,0.170212766],"94":[2,0,0,0,0.1684210526],"95":[2,0,0,0,0.1666666667],"96":[2,0,0,0,0.1649484536],"97":[2,0,0,0,0.1632653061],"98":[2,0,0,0,0.1616161616],"99":[2,0,0,0,0.16],"100":[2,0,0,0,0.1584158416],"101":[2,0,0,0,0.1568627451],"102":[2,0,0,0,0.1553398058],"103":[2,0,0,0,0.1538461538],"104":[2,0,0,0,0.1523809524],"105":[2,0,0,0,0.1509433962],"106":[2,0,0,0,0.1495327103],"107":[2,0,0,0,0.1481481481],"108":[2,0,0,0,0.1467889908],"109":[2,0,0,0,0.1454545455],"110":[2,0,0,0,0.1441441441],"111":[2,0,0,0,0.1428571429],"112":[2,0,0,0,0.1415929204],"113":[2,0,0,0,0.1403508772],"114":[2,0,0,0,0.1391304348],"115":[2,0,0,0,0.1379310345],"116":[2,0,0,0,0.1367521368],"117":[2,0,0,0,0.1355932203],