{"0":{"0":[2,0,0,0,1.0],"1":[2,0,0,0,1.0],"2":[2,0,0,0,1.0],"3":[2,0,0,0,1.0],"4":[2,0,0,0,1.0],"5":[2,0,0,0,1.0],"6":[2,0,0,0,1.0],"7":[2,0,0,0,1.0],"8":[1,0,0,0,0.1111111111],"9":[1,0,0,0,0.2],"10":[1,0,0,0,0.2727272727],"11":[1,0,0,0,0.3333333333],"12":[1,0,0,0,0.3846153846],"13":[1,0,0,0,0.4285714286],"14":[1,0,0,0,0.4666666667],"15":[1,0,0,0,0.5],"16":[1,0,0,0,0.4705882353],"17":[1,0,0,0,0.4444444444],"18":[1,0,0,0,0.4210526316],"19":[1,0,0,0,0.4],"20":[1,0,0,0,0.380952381],"21":[1,0,0,0,0.3636363636],"22":[1,0,0,0,0.347826087],"23":[1,0,0,0,0.3333333333],"24":[1,0,0,0,0.32],"25":[1,0,0,0,0.3076923077],"26":[1,0,0,0,0.2962962963],"27":[1,0,0,0,0.2857142857],"28":[1,0,0,0,0.275862069],"29":[1,0,0,0,0.2666666667],"30":[1,0,0,0,0.2580645161],"31":[1,0,0,0,0.25],"32":[1,0,0,0,0.2424242424],"33":[1,0,0,0,0.2352941176],"34":[1,0,0,0,0.2285714286],"35":[1,0,0,0,0.2222222222],"36":[1,0,0,0,0.2162162162],"37":[1,0,0,0,0.2105263158],"38":[1,0,0,0,0.2051282051],"39":[1,0,0,0,0.2],"40":[1,0,0,0,0.1951219512],"41":[1,0,0,0,0.1904761905],"42":[1,0,0,0,0.2093023256],"43":[1,0,0,0,0.2272727273],"44":[1,0,0,0,0.2444444444],"45":[1,0,0,0,0.2608695652],"46":[1,0,0,0,0.2765957447],"47":[1,0,0,0,0.2916666667],"48":[1,0,0,0,0.306122449],"49":[1,0,0,0,0.32],"50":[1,0,0,0,0.3333333333],"51":[1,0,0,0,0.3461538462],"52":[1,0,0,0,0.358490566],"53":[1,0,0,0,0.3703703704],"54":[1,0,0,0,0.3636363636],"55":[1,0,0,0,0.3571428571],"56":[1,0,0,0,0.350877193],"57":[1,0,0,0,0.3448275862],"58":[1,0,0,0,0.3389830508],"59":[1,0,0,0,0.3333333333],"60":[1,0,0,0,0.3278688525],"61":[1,0,0,0,0.3225806452],"62":[1,0,0,0,0.3174603175],"63":[1,0,0,0,0.3125],"64":[1,0,0,0,0.3076923077],"65":[1,0,0,0,0.303030303],"66":[1,0,0,0,0.2985074627],"67":[1,0,0,0,0.2941176471],"68":[1,0,0,0,0.2898550725],"69":[1,0,0,0,0.3],"70":[1,0,0,0,0.3098591549],"71":[1,0,0,0,0.3194444444],"72":[1,0,0,0,0.3287671233],"73":[1,0,0,0,0.3378378378],"74":[1,0,0,0,0.3466666667],"75":[1,0,0,0,0.3552631579],"76":[1,0,0,0,0.3636363636],"77":[1,0,0,0,0.3717948718],"78":[1,0,0,0,0.3797468354],"79":[1,0,0,0,0.3875],"80":[1,0,0,0,0.3950617284],"81":[1,0,0,0,0.4024390244],"82":[1,0,0,0,0.4096385542],"83":[1,0,0,0,0.4166666667],"84":[1,0,0,0,0.4117647059],"85":[1,0,0,0,0.4069767442],"86":[1,0,0,0,0.4022988506],"87":[1,0,0,0,0.3977272727],"88":[1,0,0,0,0.393258427],"89":[1,0,0,0,0.3888888889],"90":[1,0,0,0,0.3846153846],"91":[1,0,0,0,0.3804347826],"92":[1,0,0,0,0.376344086],"93":[1,0,0,0,0.3723404255],"94":[1,0,0,0,0.3684210526],"95":[1,0,0,0,0.3645833333],"96":[1,0,0,0,0.3608247423],"97":[1,0,0,0,0.3571428571],"98":[1,0,0,0,0.3535353535],"99":[1,0,0,0,0.36],"100":[1,0,0,0,0.3663366337],"101":[1,0,0,0,0.3725490196],"102":[1,0,0,0,0.3786407767],"103":[1,0,0,0,0.3846153846],"104":[1,0,0,0,0.3904761905],"105":[1,0,0,0,0.3962264151],"106":[1,0,0,0,0.4018691589],"107":[1,0,0,0,0.4074074074],"108":[1,0,0,0,0.4128440367],"109":[1,0,0,0,0.4181818182],"110":[1,0,0,0,0.4234234234],"111":[1,0,0,0,0.4285714286],"112":[1,0,0,0,0.4336283186],"113":[1,0,0,0,0.4385964912],"114":[1,0,0,0,0.4347826087],"115":[1,0,0,0,0.4310344828],"116":[1,0,0,0,0.4273504274],"117":[1,0,0,0,0.4237288136],"118":[1,0,0,0,0.4201680672],"119":[1,0,0,0,0.4166666667],"120":[1,0,0,0,0.4132231405],"121":[1,0,0,0,0.4098360656],"122":[1,0,0,0,0.406504065],"123":[1,0,0,0,0.4032258065],"124":[1,0,0,0,0.4],"125":[1,0,0,0,0.3968253968],"126":[1,0,0,0,0.3937007874],"127":[1,0,0,0,0.390625],"128":[1,0,0,0,0.3875968992],"129":[1,0,0,0,0.3923076923],"130":[1,0,0,0,0.3969465649],"131":[1,0,0,0,0.4015151515],"132":[1,0,0,0,0.4060150376],"133":[1,0,0,0,0.4104477612],"134":[1,0,0,0,0.4148148148],"135":[1,0,0,0,0.4191176471],"136":[1,0,0,0,0.4233576642],"137":[1,0,0,0,0.4275362319],"138":[1,0,0,0,0.4316546763],"139":[1,0,0,0,0.4357142857],"140":[1,0,0,0,0.4397163121],"141":[1,0,0,0,0.4436619718],"142":[1,0,0,0,0.4475524476],"143":[1,0,0,0,0.4513888889],"144":[1,0,0,0,0.4482758621],"145":[1,0,0,0,0.4452054795],"146":[1,0,0,0,0.4421768707],"147":[1,0,0,0,0.4391891892],"148":[1,0,0,0,0.4362416107],"149":[1,0,0,0,0.4333333333],"150":[1,0,0,0,0.4304635762],"151":[1,0,0,0,0.4276315789],"152":[1,0,0,0,0.4248366013],"153":[1,0,0,0,0.4220779221],"154":[1,0,0,0,0.4193548387],"155":[1,0,0,0,0.4166666667],"156":[1,0,0,0,0.4140127389],"157":[1,0,0,0,0.4113924051],"158":[1,0,0,0,0.4088050314],"159":[1,0,0,0,0.4125],"160":[1,0,0,0,0.4161490683],"161":[1,0,0,0,0.4197530864],"162":[1,0,0,0,0.4233128834],"163":[1,0,0,0,0.4268292683],"164":[1,0,0,0,0.4303030303],"165":[1,0,0,0,0.4337349398],"166":[1,0,0,0,0.4311377246],"167":[1,0,0,0,0.4345238095],"168":[1,0,0,0,0.4378698225],"169":[1,0,0,0,0.4411764706],"170":[1,0,0,0,0.4444444444],"171":[1,0,0,0,0.4476744186],"172":[1,0,0,0,0.450867052],"173":[1,0,0,0,0.4540229885],"174":[1,0,0,0,0.4514285714],"175":[1,0,0,0,0.4488636364],"176":[1,0,0,0,0.4463276836],"177":[1,0,0,0,0.4438202247],"178":[1,0,0,0,0.4413407821],"179":[1,0,0,0,0.4388888889]},"1":{"0":null,"1":null,"2":null,"3":null,"4":null,"5":null,"6":null,"7":null,"8":[2,0,0,0,0.8888888889],"9":[2,0,0,0,0.8],"10":[2,0,0,0,0.7272727273],"11":[2,0,0,0,0.6666666667],"12":[2,0,0,0,0.6153846154],"13":[2,0,0,0,0.5714285714],"14":[2,0,0,0,0.5333333333],"15":[2,0,0,0,0.5],"16":[2,0,0,0,0.4705882353],"17":[2,0,0,0,0.4444444444],"18":[2,0,0,0,0.4210526316],"19":[2,0,0,0,0.4],"20":[2,0,0,0,0.4285714286],"21":[2,0,0,0,0.4090909091],"22":[2,0,0,0,0.3913043478],"23":[2,0,0,0,0.375],"24":[2,0,0,0,0.36],"25":[2,0,0,0,0.3461538462],"26":[2,0,0,0,0.3333333333],"27":[2,0,0,0,0.3214285714],"28":[2,0,0,0,0.3103448276],"29":[2,0,0,0,0.3],"30":[2,0,0,0,0.2903225806],"31":[2,0,0,0,0.28125],"32":[2,0,0,0,0.2727272727],"33":[2,0,0,0,0.2647058824],"34":[2,0,0,0,0.2571428571],"35":[2,0,0,0,0.25],"36":[2,0,0,0,0.2432432432],"37":[2,0,0,0,0.2368421053],"38":[2,0,0,0,0.2307692308],"39":[2,0,0,0,0.225],"40":[2,0,0,0,0.2195121951],"41":[2,0,0,0,0.2142857143],"42":[2,0,0,0,0.2093023256],"43":[2,0,0,0,0.2045454545],"44":[2,0,0,0,0.2],"45":[2,0,0,0,0.1956521739],"46":[2,0,0,0,0.1914893617],"47":[2,0,0,0,0.1875],"48":[2,0,0,0,0.1836734694],"49":[2,0,0,0,0.18],"50":[2,0,0,0,0.1764705882],"51":[2,0,0,0,0.1730769231],"52":[2,0,0,0,0.1698113208],"53":[2,0,0,0,0.1666666667],"54":[2,0,0,0,0.1818181818],"55":[2,0,0,0,0.1964285714],"56":[2,0,0,0,0.2105263158],"57":[2,0,0,0,0.224137931],"58":[2,0,0,0,0.2372881356],"59":[2,0,0,0,0.25],"60":[2,0,0,0,0.262295082],"61":[2,0,0,0,0.2741935484],"62":[2,0,0,0,0.2857142857],"63":[2,0,0,0,0.296875],"64":[2,0,0,0,0.3076923077],"65":[2,0,0,0,0.3181818182],"66":[2,0,0,0,0.328358209],"67":[2,0,0,0,0.3382352941],"68":[2,0,0,0,0.347826087],"69":[2,0,0,0,0.3428571429],"70":[2,0,0,0,0.338028169],"71":[2,0,0,0,0.3333333333],"72":[2,0,0,0,0.3287671233],"73":[2,0,0,0,0.3243243243],"74":[2,0,0,0,0.32],"75":[2,0,0,0,0.3157894737],"76":[2,0,0,0,0.3116883117],"77":[2,0,0,0,0.3076923077],"78":[2,0,0,0,0.3037974684],"79":[2,0,0,0,0.3],"80":[2,0,0,0,0.2962962963],"81":[2,0,0,0,0.2926829268],"82":[2,0,0,0,0.2891566265],"83":[2,0,0,0,0.2857142857],"84":[2,0,0,0,0.2941176471],"85":[2,0,0,0,0.3023255814],"86":[2,0,0,0,0.3103448276],"87":[2,0,0,0,0.3181818182],"88":[2,0,0,0,0.3258426966],"89":[2,0,0,0,0.3333333333],"90":[2,0,0,0,0.3406593407],"91":[2,0,0,0,0.347826087],"92":[2,0,0,0,0.3548387097],"93":[2,0,0,0,0.3617021277],"94":[2,0,0,0,0.3684210526],"95":[2,0,0,0,0.375],"96":[2,0,0,0,0.381443299],"97":[2,0,0,0,0.387755102],"98":[2,0,0,0,0.3939393939],"99":[2,0,0,0,0.39],"100":[2,0,0,0,0.3861386139],"101":[2,0,0,0,0.3823529412],"102":[2,0,0,0,0.3786407767],"103":[2,0,0,0,0.375],"104":[2,0,0,0,0.3714285714],"105":[2,0,0,0,0.3679245283],"106":[2,0,0,0,0.3644859813],"107":[2,0,0,0,0.3611111111],"108":[2,0,0,0,0.3577981651],"109":[2,0,0,0,0.3545454545],"110":[2,0,0,0,0.3513513514],"111":[2,0,0,0,0.3482142857],"112":[2,0,0,0,0.3451327434],"113":[2,0,0,0,0.3421052632],"114":[2,0,0,0,0.347826087],"115":[2,0,0,0,0.3534482759],"116":[2,0,0,0,0.358974359],"117":[2,0,0,0,0.3644067797],"118":[2,0,0,0,0.3697478992],"119":[2,0,0,0,0.375],