{"0":{"0":[0,3,0,0,1.0],"1":[0,3,0,0,1.0],"2":[0,3,0,0,1.0],"3":[0,3,0,0,1.0],"4":[0,3,0,0,1.0],"5":[0,3,0,0,1.0],"6":[0,3,0,0,1.0],"7":[0,3,0,0,1.0],"8":[0,3,0,0,1.0],"9":[0,3,0,0,1.0],"10":[0,3,0,0,1.0],"11":[0,3,0,0,1.0],"12":[0,3,0,0,1.0],"13":[0,3,0,0,1.0],"14":[0,3,0,0,1.0],"15":[0,3,0,0,0.9375],"16":[0,3,0,0,0.8823529412],"17":[0,3,0,0,0.8333333333],"18":[0,3,0,0,0.7894736842],"19":[0,3,0,0,0.75],"20":[0,3,0,0,0.7142857143],"21":[0,3,0,0,0.6818181818],"22":[0,3,0,0,0.652173913],"23":[0,3,0,0,0.625],"24":[0,3,0,0,0.6],"25":[0,3,0,0,0.5769230769],"26":[0,3,0,0,0.5555555556],"27":[0,3,0,0,0.5357142857],"28":[0,3,0,0,0.5172413793],"29":[0,3,0,0,0.5],"30":[0,3,0,0,0.4838709677],"31":[0,3,0,0,0.46875],"32":[0,3,0,0,0.4545454545],"33":[0,3,0,0,0.4411764706],"34":[0,3,0,0,0.4285714286],"35":[0,3,0,0,0.4444444444],"36":[0,3,0,0,0.4594594595],"37":[0,3,0,0,0.4736842105],"38":[0,3,0,0,0.4871794872],"39":[0,3,0,0,0.5],"40":[0,3,0,0,0.512195122],"41":[0,3,0,0,0.5238095238],"42":[0,3,0,0,0.5348837209],"43":[0,3,0,0,0.5454545455],"44":[0,3,0,0,0.5555555556],"45":[0,3,0,0,0.5652173913],"46":[0,3,0,0,0.5744680851],"47":[0,3,0,0,0.5833333333],"48":[0,3,0,0,0.5918367347],"49":[0,3,0,0,0.6],"50":[0,3,0,0,0.6078431373],"51":[0,3,0,0,0.6153846154],"52":[0,3,0,0,0.6226415094],"53":[0,3,0,0,0.6296296296],"54":[0,3,0,0,0.6363636364],"55":[0,3,0,0,0.6428571429],"56":[0,3,0,0,0.649122807],"57":[0,3,0,0,0.6551724138],"58":[0,3,0,0,0.6610169492],"59":[0,3,0,0,0.6666666667],"60":[0,3,0,0,0.6721311475],"61":[0,3,0,0,0.6774193548],"62":[0,3,0,0,0.6825396825],"63":[0,3,0,0,0.6875],"64":[0,3,0,0,0.6769230769],"65":[0,3,0,0,0.6666666667],"66":[0,3,0,0,0.6567164179],"67":[0,3,0,0,0.6470588235],"68":[0,3,0,0,0.6376811594],"69":[0,3,0,0,0.6285714286],"70":[0,3,0,0,0.6197183099],"71":[0,3,0,0,0.6111111111],"72":[0,3,0,0,0.602739726],"73":[0,3,0,0,0.5945945946],"74":[0,3,0,0,0.5866666667],"75":[0,3,0,0,0.5789473684],"76":[0,3,0,0,0.5714285714],"77":[0,3,0,0,0.5641025641],"78":[0,3,0,0,0.5569620253],"79":[0,3,0,0,0.55],"80":[0,3,0,0,0.5432098765],"81":[0,3,0,0,0.5365853659],"82":[0,3,0,0,0.5301204819],"83":[0,3,0,0,0.5238095238],"84":[0,3,0,0,0.5176470588],"85":[0,3,0,0,0.511627907],"86":[0,3,0,0,0.5057471264],"87":[0,3,0,0,0.5],"88":[0,3,0,0,0.4943820225],"89":[0,3,0,0,0.4888888889],"90":[0,3,0,0,0.4835164835],"91":[0,3,0,0,0.4782608696],"92":[0,3,0,0,0.4731182796],"93":[0,3,0,0,0.4680851064],"94":[0,3,0,0,0.4736842105],"95":[0,3,0,0,0.4791666667],"96":[0,3,0,0,0.4845360825],"97":[0,3,0,0,0.4897959184],"98":[0,3,0,0,0.4949494949],"99":[0,3,0,0,0.5],"100":[0,3,0,0,0.504950495],"101":[0,3,0,0,0.5098039216],"102":[0,3,0,0,0.5145631068],"103":[0,3,0,0,0.5192307692],"104":[0,3,0,0,0.5238095238],"105":[0,3,0,0,0.5283018868],"106":[0,3,0,0,0.5327102804],"107":[0,3,0,0,0.537037037],"108":[0,3,0,0,0.5412844037],"109":[0,3,0,0,0.5454545455],"110":[0,3,0,0,0.5495495495],"111":[0,3,0,0,0.5535714286],"112":[0,3,0,0,0.5575221239],"113":[0,3,0,0,0.5614035088],"114":[0,3,0,0,0.5652173913],"115":[0,3,0,0,0.5689655172],"116":[0,3,0,0,0.5726495726],"117":[0,3,0,0,0.5762711864],"118":[0,3,0,0,0.5798319328],"119":[0,3,0,0,0.5833333333],"120":[0,3,0,0,0.5867768595],"121":[0,3,0,0,0.5901639344],"122":[0,3,0,0,0.593495935],"123":[0,3,0,0,0.5967741935],"124":[0,0,0,0,0.008],"125":[0,0,0,0,0.0079365079],"126":[0,0,0,0,0.0078740157],"127":[0,0,0,0,0.0078125],"128":[0,0,0,0,0.007751938],"129":[0,0,0,0,0.0076923077],"130":[0,0,0,0,0.0076335878],"131":[0,0,0,0,0.0075757576],"132":[0,0,0,0,0.007518797],"133":[0,0,0,0,0.0074626866],"134":[0,0,0,0,0.0074074074],"135":[0,0,0,0,0.0073529412],"136":[0,0,0,0,0.0072992701],"137":[0,0,0,0,0.0072463768],"138":[0,0,0,0,0.0071942446],"139":[0,0,0,0,0.0071428571],"140":[0,0,0,0,0.0070921986],"141":[0,0,0,0,0.0070422535],"142":[0,0,0,0,0.006993007],"143":[0,0,0,0,0.0069444444],"144":[0,0,0,0,0.0068965517],"145":[0,0,0,0,0.0068493151],"146":[0,0,0,0,0.0068027211],"147":[0,0,0,0,0.0067567568],"148":[0,0,0,0,0.0067114094],"149":[0,0,0,0,0.0066666667],"150":[0,0,0,0,0.0066225166],"151":[0,0,0,0,0.0065789474],"152":[0,0,0,0,0.0065359477],"153":[0,0,0,0,0.0064935065],"154":[0,0,0,0,0.0064516129],"155":[0,0,0,0,0.0064102564],"156":[0,0,0,0,0.0063694268],"157":[0,0,0,0,0.0063291139],"158":[0,0,0,0,0.0062893082],"159":[0,0,0,0,0.00625],"160":[0,0,0,0,0.0062111801],"161":[0,0,0,0,0.0061728395],"162":[0,0,0,0,0.0061349693],"163":[0,0,0,0,0.006097561],"164":[0,0,0,0,0.0060606061],"165":[0,0,0,0,0.0060240964],"166":[0,0,0,0,0.005988024],"167":[0,0,0,0,0.005952381],"168":[0,0,0,0,0.0059171598],"169":[0,0,0,0,0.0058823529],"170":[0,0,0,0,0.0058479532],"171":[0,0,0,0,0.0058139535],"172":[0,0,0,0,0.0057803468],"173":[0,0,0,0,0.0057471264],"174":[0,0,0,0,0.0057142857],"175":[0,0,0,0,0.0056818182],"176":[0,0,0,0,0.0056497175],"177":[0,0,0,0,0.0056179775],"178":[0,0,0,0,0.0055865922],"179":[0,0,0,0,0.0055555556]},"1":{"0":null,"1":null,"2":null,"3":null,"4":null,"5":null,"6":null,"7":null,"8":null,"9":null,"10":null,"11":null,"12":null,"13":null,"14":null,"15":[0,4,0,0,0.0625],"16":[0,4,0,0,0.1176470588],"17":[0,4,0,0,0.1666666667],"18":[0,4,0,0,0.2105263158],"19":[0,4,0,0,0.25],"20":[0,4,0,0,0.2857142857],"21":[0,4,0,0,0.3181818182],"22":[0,4,0,0,0.347826087],"23":[0,4,0,0,0.375],"24":[0,4,0,0,0.4],"25":[0,4,0,0,0.4230769231],"26":[0,4,0,0,0.4444444444],"27":[0,4,0,0,0.4642857143],"28":[0,4,0,0,0.4827586207],"29":[0,4,0,0,0.5],"30":[0,4,0,0,0.5161290323],"31":[0,4,0,0,0.53125],"32":[0,4,0,0,0.5454545455],"33":[0,4,0,0,0.5588235294],"34":[0,4,0,0,0.5714285714],"35":[0,4,0,0,0.5555555556],"36":[0,4,0,0,0.5405405405],"37":[0,4,0,0,0.5263157895],"38":[0,4,0,0,0.5128205128],"39":[0,4,0,0,0.5],"40":[0,4,0,0,0.487804878],"41":[0,4,0,0,0.4761904762],"42":[0,4,0,0,0.4651162791],"43":[0,4,0,0,0.4545454545],"44":[0,4,0,0,0.4444444444],"45":[0,4,0,0,0.4347826087],"46":[0,4,0,0,0.4255319149],"47":[0,4,0,0,0.4166666667],"48":[0,4,0,0,0.4081632653],"49":[0,4,0,0,0.4],"50":[0,4,0,0,0.3921568627],"51":[0,4,0,0,0.3846153846],"52":[0,4,0,0,0.3773584906],"53":[0,4,0,0,0.3703703704],"54":[0,4,0,0,0.3636363636],"55":[0,4,0,0,0.3571428571],"56":[0,4,0,0,0.350877193],"57":[0,4,0,0,0.3448275862],"58":[0,4,0,0,0.3389830508],"59":[0,4,0,0,0.3333333333],"60":[0,4,0,0,0.3278688525],"61":[0,4,0,0,0.3225806452],"62":[0,4,0,0,0.3174603175],"63":[0,4,0,0,0.3125],"64":[0,4,0,0,0.3230769231],"65":[0,4,0,0,0.3333333333],"66":[0,4,0,0,0.3432835821],"67":[0,4,0,0,0.3529411765],"68":[0,4,0,0,0.3623188406],"69":[0,4,0,0,0.3714285714],"70":[0,4,0,0,0.3802816901],"71":[0,4,0,0,0.3888888889],"72":[0,4,0,0,0.397260274],"73":[0,4,0,0,0.4054054054],"74":[0,4,0,0,0.4133333333],"75":[0,4,0,0,0.4210526316],"76":[0,4,0,0,0.4285714286],"77":[0,4,0,0,0.4358974359],"78":[0,4,0,0,0.4430379747],"79":[0,4,0,0,0.45],"80":[0,4,0,0,0.4567901235],"81":[0,4,0,0,0.4634146341],"82":[0,4,0,0,0.4698795181],"83":[0,4,0,0,0.4761904762],"84":[0,4,0,0,0.4823529412],"85":[0,4,0,0,0.488372093],"86":[0,4,0,0,0.4942528736],"87":[0,4,0,0,0.5],"88":[0,4,0,0,0.5056179775],"89":[0,4,0,0,0.5111111111],"90":[0,4,0,0,0.5164835165],"91":[0,4,0,0,0.5217391304],"92":[0,4,0,0,0.5268817204],"93":[0,4,0,0,0.5319148936],"94":[0,4,0,0,0.5263157895],"95":[0,4,0,0,0.5208333333],"96":[0,4,0,0,0.5154639175],"97":[0,4,0,0,0.5102040816],"98":[0,4,0,0,0.5050505051],"99":[0,4,0,0,0.5],"100":[0,4,0,0,0.495049505],"101":[0,4,0,0,0.4901960784],"102":[0,4,0,0,0.4854368932],"103":[0,4,0,0,0.4807692308],"104":[0,4,0,0,0.4761904762],"105":[0,4,0,0,0.4716981132],"106":[0,4,0,0,0.4672897196],"107":[0,4,0,0,0.462962963],"108":[0,4,0,0,0.4587155963],"109":[0,4,0,0,0.4545454545],"110":[0,4,0,0,0.4504504505],"111":[0,4,0,0,0.4464285714],"112":[0,4,0,0,0.4424778761],"113":[0,4,0,0,0.4385964912],"114":[0,4,0,0,0.4347826087],"115":[0,4,0,0,0.4310344828],"116":[0,4,0,0,0.4273504274],"117":[0,4,0,0,0.4237288136],"118":[0,4,0,0,0.4201680672],"119":[0,4,0,0,0.4166666667],"120":[0,4,0,0,0.4132231405],"121":[0,4,0,0,0.4098360656],"122":[0,4,0,0,0.406504065],"123":[0,4,0,0,0.4032258065],"124":[0,3,0,0,0.592],