{"0":{"0":[2,0,0,0,1.0],"1":[2,0,0,0,1.0],"2":[2,0,0,0,1.0],"3":[2,0,0,0,1.0],"4":[2,0,0,0,1.0],"5":[2,0,0,0,1.0],"6":[2,0,0,0,1.0],"7":[2,0,0,0,1.0],"8":[1,0,0,0,0.1111111111],"9":[1,0,0,0,0.2],"10":[1,0,0,0,0.2727272727],"11":[1,0,0,0,0.3333333333],"12":[1,0,0,0,0.3846153846],"13":[1,0,0,0,0.4285714286],"14":[1,0,0,0,0.4666666667],"15":[1,0,0,0,0.5],"16":[1,0,0,0,0.5294117647],"17":[1,0,0,0,0.5555555556],"18":[1,0,0,0,0.5789473684],"19":[1,0,0,0,0.6],"20":[1,0,0,0,0.619047619],"21":[1,0,0,0,0.6363636364],"22":[1,0,0,0,0.652173913],"23":[1,0,0,0,0.625],"24":[1,0,0,0,0.6],"25":[1,0,0,0,0.5769230769],"26":[1,0,0,0,0.5555555556],"27":[1,0,0,0,0.5357142857],"28":[1,0,0,0,0.5172413793],"29":[1,0,0,0,0.5],"30":[1,0,0,0,0.4838709677],"31":[1,0,0,0,0.46875],"32":[1,0,0,0,0.4545454545],"33":[1,0,0,0,0.4411764706],"34":[1,0,0,0,0.4285714286],"35":[1,0,0,0,0.4166666667],"36":[1,0,0,0,0.4054054054],"37":[1,0,0,0,0.3947368421],"38":[1,0,0,0,0.4102564103],"39":[1,0,0,0,0.425],"40":[1,0,0,0,0.4390243902],"41":[1,0,0,0,0.4523809524],"42":[1,0,0,0,0.4651162791],"43":[1,0,0,0,0.4772727273],"44":[1,0,0,0,0.4888888889],"45":[1,0,0,0,0.5],"46":[1,0,0,0,0.5106382979],"47":[1,0,0,0,0.5208333333],"48":[1,0,0,0,0.5306122449],"49":[1,0,0,0,0.54],"50":[1,0,0,0,0.5490196078],"51":[1,0,0,0,0.5576923077],"52":[1,0,0,0,0.5660377358],"53":[1,0,0,0,0.5555555556],"54":[1,0,0,0,0.5454545455],"55":[1,0,0,0,0.5357142857],"56":[1,0,0,0,0.5263157895],"57":[1,0,0,0,0.5172413793],"58":[1,0,0,0,0.5084745763],"59":[1,0,0,0,0.5],"60":[1,0,0,0,0.4918032787],"61":[1,0,0,0,0.4838709677],"62":[1,0,0,0,0.4761904762],"63":[1,0,0,0,0.46875],"64":[1,0,0,0,0.4615384615],"65":[1,0,0,0,0.4545454545],"66":[1,0,0,0,0.447761194],"67":[1,0,0,0,0.4411764706],"68":[1,0,0,0,0.4492753623],"69":[1,0,0,0,0.4571428571],"70":[1,0,0,0,0.4647887324],"71":[1,0,0,0,0.4722222222],"72":[1,0,0,0,0.4794520548],"73":[1,0,0,0,0.4864864865],"74":[1,0,0,0,0.4933333333],"75":[1,0,0,0,0.5],"76":[1,0,0,0,0.5064935065],"77":[1,0,0,0,0.5128205128],"78":[1,0,0,0,0.5189873418],"79":[1,0,0,0,0.525],"80":[1,0,0,0,0.5308641975],"81":[1,0,0,0,0.5365853659],"82":[1,0,0,0,0.5421686747],"83":[1,0,0,0,0.5357142857],"84":[1,0,0,0,0.5294117647],"85":[1,0,0,0,0.523255814],"86":[1,0,0,0,0.5172413793],"87":[1,0,0,0,0.5113636364],"88":[1,0,0,0,0.5056179775],"89":[1,0,0,0,0.5],"90":[1,0,0,0,0.4945054945],"91":[1,0,0,0,0.4891304348],"92":[1,0,0,0,0.4838709677],"93":[1,0,0,0,0.4787234043],"94":[1,0,0,0,0.4736842105],"95":[1,0,0,0,0.46875],"96":[1,0,0,0,0.4639175258],"97":[1,0,0,0,0.4591836735],"98":[1,0,0,0,0.4646464646],"99":[1,0,0,0,0.47],"100":[1,0,0,0,0.4752475248],"101":[1,0,0,0,0.4803921569],"102":[1,0,0,0,0.4854368932],"103":[1,0,0,0,0.4903846154],"104":[1,0,0,0,0.4952380952],"105":[1,0,0,0,0.5],"106":[1,0,0,0,0.5046728972],"107":[1,0,0,0,0.5092592593],"108":[1,0,0,0,0.5137614679],"109":[1,0,0,0,0.5181818182],"110":[1,0,0,0,0.5225225225],"111":[1,0,0,0,0.5267857143],"112":[1,0,0,0,0.5309734513],"113":[1,0,0,0,0.5263157895],"114":[1,0,0,0,0.5217391304],"115":[1,0,0,0,0.5172413793],"116":[1,0,0,0,0.5128205128],"117":[1,0,0,0,0.5084745763],"118":[1,0,0,0,0.5042016807],"119":[1,0,0,0,0.5],"120":[1,0,0,0,0.4958677686],"121":[1,0,0,0,0.4918032787],"122":[1,0,0,0,0.487804878],"123":[1,0,0,0,0.4838709677],"124":[1,0,0,0,0.48],"125":[1,0,0,0,0.4761904762],"126":[1,0,0,0,0.4724409449],"127":[1,0,0,0,0.46875],"128":[1,0,0,0,0.4728682171],"129":[1,0,0,0,0.4769230769],"130":[1,0,0,0,0.4809160305],"131":[1,0,0,0,0.4848484848],"132":[1,0,0,0,0.4887218045],"133":[1,0,0,0,0.4925373134],"134":[1,0,0,0,0.4962962963],"135":[1,0,0,0,0.5],"136":[1,0,0,0,0.503649635],"137":[1,0,0,0,0.5072463768],"138":[1,0,0,0,0.5107913669],"139":[1,0,0,0,0.5142857143],"140":[1,0,0,0,0.5177304965],"141":[1,0,0,0,0.5211267606],"142":[1,0,0,0,0.5244755245],"143":[1,0,0,0,0.5208333333],"144":[1,0,0,0,0.5172413793],"145":[1,0,0,0,0.5136986301],"146":[1,0,0,0,0.5102040816],"147":[1,0,0,0,0.5067567568],"148":[1,0,0,0,0.5033557047],"149":[1,0,0,0,0.5],"150":[1,0,0,0,0.4966887417],"151":[1,0,0,0,0.4934210526],"152":[1,0,0,0,0.4901960784],"153":[1,0,0,0,0.487012987],"154":[1,0,0,0,0.4838709677],"155":[1,0,0,0,0.4807692308],"156":[1,0,0,0,0.4777070064],"157":[1,0,0,0,0.4746835443],"158":[1,0,0,0,0.4779874214],"159":[1,0,0,0,0.48125],"160":[1,0,0,0,0.4844720497],"161":[1,0,0,0,0.487654321],"162":[1,0,0,0,0.490797546],"163":[1,0,0,0,0.493902439],"164":[1,0,0,0,0.496969697],"165":[1,0,0,0,0.5],"166":[1,0,0,0,0.502994012],"167":[1,0,0,0,0.505952381],"168":[1,0,0,0,0.5088757396],"169":[1,0,0,0,0.5117647059],"170":[1,0,0,0,0.514619883],"171":[1,0,0,0,0.5174418605],"172":[1,0,0,0,0.5202312139],"173":[1,0,0,0,0.5172413793],"174":[1,0,0,0,0.5142857143],"175":[1,0,0,0,0.5113636364],"176":[1,0,0,0,0.5084745763],"177":[1,0,0,0,0.5056179775],"178":[1,0,0,0,0.5027932961],"179":[1,0,0,0,0.5]},"1":{"0":null,"1":null,"2":null,"3":null,"4":null,"5":null,"6":null,"7":null,"8":[2,0,0,0,0.8888888889],"9":[2,0,0,0,0.8],"10":[2,0,0,0,0.7272727273],"11":[2,0,0,0,0.6666666667],"12":[2,0,0,0,0.6153846154],"13":[2,0,0,0,0.5714285714],"14":[2,0,0,0,0.5333333333],"15":[2,0,0,0,0.5],"16":[2,0,0,0,0.4705882353],"17":[2,0,0,0,0.4444444444],"18":[2,0,0,0,0.4210526316],"19":[2,0,0,0,0.4],"20":[2,0,0,0,0.380952381],"21":[2,0,0,0,0.3636363636],"22":[2,0,0,0,0.347826087],"23":[2,0,0,0,0.375],"24":[2,0,0,0,0.4],"25":[2,0,0,0,0.4230769231],"26":[2,0,0,0,0.4444444444],"27":[2,0,0,0,0.4642857143],"28":[2,0,0,0,0.4827586207],"29":[2,0,0,0,0.5],"30":[2,0,0,0,0.5161290323],"31":[2,0,0,0,0.53125],"32":[2,0,0,0,0.5454545455],"33":[2,0,0,0,0.5588235294],"34":[2,0,0,0,0.5714285714],"35":[2,0,0,0,0.5833333333],"36":[2,0,0,0,0.5945945946],"37":[2,0,0,0,0.6052631579],"38":[2,0,0,0,0.5897435897],"39":[2,0,0,0,0.575],"40":[2,0,0,0,0.5609756098],"41":[2,0,0,0,0.5476190476],"42":[2,0,0,0,0.5348837209],"43":[2,0,0,0,0.5227272727],"44":[2,0,0,0,0.5111111111],"45":[2,0,0,0,0.5],"46":[2,0,0,0,0.4893617021],"47":[2,0,0,0,0.4791666667],"48":[2,0,0,0,0.4693877551],"49":[2,0,0,0,0.46],"50":[2,0,0,0,0.4509803922],"51":[2,0,0,0,0.4423076923],"52":[2,0,0,0,0.4339622642],"53":[2,0,0,0,0.4444444444],"54":[2,0,0,0,0.4545454545],"55":[2,0,0,0,0.4642857143],"56":[2,0,0,0,0.4736842105],"57":[2,0,0,0,0.4827586207],"58":[2,0,0,0,0.4915254237],"59":[2,0,0,0,0.5],"60":[2,0,0,0,0.5081967213],"61":[2,0,0,0,0.5161290323],"62":[2,0,0,0,0.5238095238],"63":[2,0,0,0,0.515625],"64":[2,0,0,0,0.5230769231],"65":[2,0,0,0,0.5303030303],"66":[2,0,0,0,0.5373134328],"67":[2,0,0,0,0.5441176471],"68":[2,0,0,0,0.5362318841],"69":[2,0,0,0,0.5285714286],"70":[2,0,0,0,0.5211267606],"71":[2,0,0,0,0.5138888889],"72":[2,0,0,0,0.5068493151],"73":[2,0,0,0,0.5],"74":[2,0,0,0,0.4933333333],"75":[2,0,0,0,0.4868421053],"76":[2,0,0,0,0.4805194805],"77":[2,0,0,0,0.4743589744],"78":[2,0,0,0,0.4683544304],"79":[2,0,0,0,0.4625],"80":[2,0,0,0,0.4567901235],"81":[2,0,0,0,0.4512195122],"82":[2,0,0,0,0.4457831325],"83":[2,0,0,0,0.4523809524],"84":[2,0,0,0,0.4588235294],"85":[2,0,0,0,0.4651162791],"86":[2,0,0,0,0.4712643678],"87":[2,0,0,0,0.4772727273],"88":[2,0,0,0,0.4831460674],"89":[2,0,0,0,0.4888888889],"90":[2,0,0,0,0.4945054945],"91":[2,0,0,0,0.5],"92":[2,0,0,0,0.5053763441],"93":[2,0,0,0,0.5106382979],"94":[2,0,0,0,0.5157894737],"95":[2,0,0,0,0.5208333333],"96":[2,0,0,0,0.5257731959],"97":[2,0,0,0,0.5306122449],"98":[2,0,0,0,0.5252525253],"99":[2,0,0,0,0.52],"100":[2,0,0,0,0.5148514851],"101":[2,0,0,0,0.5098039216],"102":[2,0,0,0,0.5048543689],"103":[2,0,0,0,0.5],"104":[2,0,0,0,0.4952380952],"105":[2,0,0,0,0.4905660377],"106":[2,0,0,0,0.4859813084],"107":[2,0,0,0,0.4814814815],"108":[2,0,0,0,0.4770642202],"109":[2,0,0,0,0.4727272727],"110":[2,0,0,0,0.4684684685],"111":[2,0,0,0,0.4642857143],"112":[2,0,0,0,0.4601769912],"113":[2,0,0,0,0.4649122807],"114":[2,0,0,0,0.4695652174],"115":[2,0,0,0,0.474137931],"116":[2,0,0,0,0.4786324786],"117":[2,0,0,0,0.4830508475],"118":[2,0,0,0,0.487394958],"119":[2,0,0,0,0.4916666667],"120":[2,0,0,0,0.4958677686],"121":[2,0,0,0,0.5],"122":[2,0,0,0,0.5040650407],