{"0":{"0":[0,0,2,0,1.0],"1":[0,0,2,0,1.0],"2":[0,0,2,0,1.0],"3":[0,0,2,0,1.0],"4":[0,0,2,0,1.0],"5":[0,0,2,0,1.0],"6":[0,0,2,0,1.0],"7":[0,0,1,0,0.015625],"8":[0,0,1,0,0.0385802469],"9":[0,0,1,0,0.0647222222],"10":[0,0,1,0,0.0918962351],"11":[0,0,1,0,0.1189604377],"12":[0,0,1,0,0.1453125934],"13":[0,0,1,0,0.1706474081],"14":[0,0,1,0,0.1948264698],"15":[0,0,1,0,0.2178060655],"16":[0,0,1,0,0.2395960201],"17":[0,0,1,0,0.2602357474],"18":[0,0,1,0,0.2797801263],"19":[0,0,1,0,0.29829112],"20":[0,0,1,0,0.3158328127],"21":[0,0,1,0,0.3304023956],"22":[0,0,1,0,0.3425021024],"23":[0,0,1,0,0.352536737],"24":[0,0,1,0,0.3608352675],"25":[0,0,1,0,0.3676670472],"26":[0,0,1,0,0.3732541387],"27":[0,0,1,0,0.3777807766],"28":[0,0,1,0,0.3814007023],"29":[0,0,1,0,0.3842429011],"30":[0,0,1,0,0.386416127],"31":[0,0,1,0,0.388012498],"32":[0,0,1,0,0.3891103746],"33":[0,0,1,0,0.3897766784],"34":[0,0,1,0,0.3900687733],"35":[0,0,1,0,0.3908076037],"36":[0,0,1,0,0.3919325991],"37":[0,0,1,0,0.3933914365],"38":[0,0,1,0,0.3951387961],"39":[0,0,1,0,0.3971353262],"40":[0,0,1,0,0.3993467787],"41":[0,0,1,0,0.401743284],"42":[0,0,1,0,0.4042987403],"43":[0,0,1,0,0.4069902979],"44":[0,0,1,0,0.4097979209],"45":[0,0,1,0,0.4127040152],"46":[0,0,1,0,0.4156931104],"47":[0,0,1,0,0.4187515873],"48":[0,0,1,0,0.4218674441],"49":[0,0,1,0,0.4246300952],"50":[0,0,1,0,0.4270691053],"51":[0,0,1,0,0.4292112674],"52":[0,0,1,0,0.4310809018],"53":[0,0,1,0,0.4327001169],"54":[0,0,1,0,0.4340890404],"55":[0,0,1,0,0.4352660218],"56":[0,0,1,0,0.4362478121],"57":[0,0,1,0,0.4370497226],"58":[0,0,1,0,0.4376857658],"59":[0,0,1,0,0.4381687808],"60":[0,0,1,0,0.438510545],"61":[0,0,1,0,0.4387218733],"62":[0,0,1,0,0.4388127078],"63":[0,0,1,0,0.4390363374],"64":[0,0,1,0,0.4393825239],"65":[0,0,1,0,0.4398418337],"66":[0,0,1,0,0.4404055666],"67":[0,0,1,0,0.4410656924],"68":[0,0,1,0,0.4418147928],"69":[0,0,1,0,0.4426460101],"70":[0,0,1,0,0.4435529994],"71":[0,0,1,0,0.4445298867],"72":[0,0,1,0,0.44557123],"73":[0,0,1,0,0.446671984],"74":[0,0,1,0,0.4478274687],"75":[0,0,1,0,0.4490333399],"76":[0,0,1,0,0.4502855634],"77":[0,0,1,0,0.4514160246],"78":[0,0,1,0,0.4524315885],"79":[0,0,1,0,0.4533386936],"80":[0,0,1,0,0.4541433828],"81":[0,0,1,0,0.4548513309],"82":[0,0,1,0,0.4554678702],"83":[0,0,1,0,0.4559980146],"84":[0,0,1,0,0.4564464809],"85":[0,0,1,0,0.4568177089],"86":[0,0,1,0,0.4571158803],"87":[0,0,1,0,0.4573449354],"88":[0,0,1,0,0.4575085891],"89":[0,0,1,0,0.4576103455],"90":[0,0,1,0,0.4576535116],"91":[0,0,1,0,0.4577593572],"92":[0,0,1,0,0.4579245069],"93":[0,0,1,0,0.4581457717],"94":[0,0,1,0,0.4584201376],"95":[0,0,1,0,0.4587447542],"96":[0,0,1,0,0.4591169254],"97":[0,0,1,0,0.4595340996],"98":[0,0,1,0,0.4599938613],"99":[0,0,1,0,0.4604939227],"100":[0,0,1,0,0.4610321164],"101":[0,0,1,0,0.4616063882],"102":[0,0,1,0,0.4622147907],"103":[0,0,1,0,0.4628554769],"104":[0,0,1,0,0.4635266946],"105":[0,0,1,0,0.4641377813],"106":[0,0,1,0,0.4646913019],"107":[0,0,1,0,0.465189702],"108":[0,0,1,0,0.4656353146],"109":[0,0,1,0,0.4660303654],"110":[0,0,1,0,0.4663769793],"111":[0,0,1,0,0.4666771848],"112":[0,0,1,0,0.4669329197],"113":[0,0,1,0,0.467146035],"114":[0,0,1,0,0.4673183001],"115":[0,0,1,0,0.4674514063],"116":[0,0,1,0,0.4675469711],"117":[0,0,1,0,0.4676065414],"118":[0,0,1,0,0.4676315976],"119":[0,0,0,0,0.0000694444],"120":[0,0,0,0,0.0001371719],"121":[0,0,0,0,0.0002032337],"122":[0,0,0,0,0.0002676797],"123":[0,0,0,0,0.0003305574],"124":[0,0,0,0,0.0003919129],"125":[0,0,0,0,0.0004517907],"126":[0,0,0,0,0.0005102334],"127":[0,0,0,0,0.0005672823],"128":[0,0,0,0,0.0006229773],"129":[0,0,0,0,0.0006773568],"130":[0,0,0,0,0.0007304578],"131":[0,0,0,0,0.0007823161],"132":[0,0,0,0,0.0008329664],"133":[0,0,0,0,0.0009381336],"134":[0,0,0,0,0.0010409238],"135":[0,0,0,0,0.0011414014],"136":[0,0,0,0,0.0012396287],"137":[0,0,0,0,0.0013356659],"138":[0,0,0,0,0.0014295711],"139":[0,0,0,0,0.0015214007],"140":[0,0,0,0,0.0016112092],"141":[0,0,0,0,0.0016990493],"142":[0,0,0,0,0.0017849721],"143":[0,0,0,0,0.0018690271],"144":[0,0,0,0,0.0019512621],"145":[0,0,0,0,0.0020317235],"146":[0,0,0,0,0.0021104563],"147":[0,0,0,0,0.002187504],"148":[0,0,0,0,0.0022629088],"149":[0,0,0,0,0.0023367116],"150":[0,0,0,0,0.0024089522],"151":[0,0,0,0,0.0024796689],"152":[0,0,0,0,0.0025488991],"153":[0,0,0,0,0.0026166791],"154":[0,0,0,0,0.0026830439],"155":[0,0,0,0,0.0027480277],"156":[0,0,0,0,0.0028116635],"157":[0,0,0,0,0.0028739835],"158":[0,0,0,0,0.002935019],"159":[0,0,0,0,0.0029948001],"160":[0,0,0,0,0.0030533564],"161":[0,0,0,0,0.0031107164],"162":[0,0,0,0,0.0031669079],"163":[0,0,0,0,0.003221958],"164":[0,0,0,0,0.0032758929],"165":[0,0,0,0,0.0033287381],"166":[0,0,0,0,0.0033805184],"167":[0,0,0,0,0.0034312579],"168":[0,0,0,0,0.0034809802],"169":[0,0,0,0,0.003529708],"170":[0,0,0,0,0.0035774635],"171":[0,0,0,0,0.0036242684],"172":[0,0,0,0,0.0036701437],"173":[0,0,0,0,0.0037151099],"174":[0,0,0,0,0.0037591868],"175":[0,0,0,0,0.0038023939],"176":[0,0,0,0,0.00384475],"177":[0,0,0,0,0.0038862737],"178":[0,0,0,0,0.0039269827],"179":[0,0,0,0,0.0039668945]},"1":{"0":null,"1":null,"2":null,"3":null,"4":null,"5":null,"6":null,"7":[0,0,2,0,0.984375],"8":[0,0,2,0,0.9614197531],"9":[0,0,2,0,0.9352777778],"10":[0,0,2,0,0.9081037649],"11":[0,0,2,0,0.8810395623],"12":[0,0,2,0,0.8546874066],"13":[0,0,2,0,0.8293525919],"14":[0,0,2,0,0.8051735302],"15":[0,0,2,0,0.7821939345],"16":[0,0,2,0,0.7604039799],"17":[0,0,2,0,0.7397642526],"18":[0,0,2,0,0.7202198737],"19":[0,0,2,0,0.70170888],"20":[0,0,2,0,0.6841671873],"21":[0,0,2,0,0.6695976044],"22":[0,0,2,0,0.6574978976],"23":[0,0,2,0,0.647463263],"24":[0,0,2,0,0.6391647325],"25":[0,0,2,0,0.6323329528],"26":[0,0,2,0,0.6267458613],"27":[0,0,2,0,0.6222192234],"28":[0,0,2,0,0.6185992977],"29":[0,0,2,0,0.6157570989],"30":[0,0,2,0,0.613583873],"31":[0,0,2,0,0.611987502],"32":[0,0,2,0,0.6108896254],"33":[0,0,2,0,0.6102233216],"34":[0,0,2,0,0.6099312267],"35":[0,0,2,0,0.6091923963],"36":[0,0,2,0,0.6080674009],"37":[0,0,2,0,0.6066085635],"38":[0,0,2,0,0.6048612039],"39":[0,0,2,0,0.6028646738],"40":[0,0,2,0,0.6006532213],"41":[0,0,2,0,0.598256716],"42":[0,0,2,0,0.5957012597],"43":[0,0,2,0,0.5930097021],"44":[0,0,2,0,0.5902020791],"45":[0,0,2,0,0.5872959848],"46":[0,0,2,0,0.5843068896],"47":[0,0,2,0,0.5812484127],"48":[0,0,2,0,0.5781325559],"49":[0,0,2,0,0.5753699048],"50":[0,0,2,0,0.5729308947],"51":[0,0,2,0,0.5707887326],"52":[0,0,2,0,0.5689190982],"53":[0,0,2,0,0.5672998831],"54":[0,0,2,0,0.5659109596],"55":[0,0,2,0,0.5647339782],"56":[0,0,2,0,0.5637521879],"57":[0,0,2,0,0.5629502774],"58":[0,0,2,0,0.5623142342],"59":[0,0,2,0,0.5618312192],"60":[0,0,2,0,0.561489455],"61":[0,0,2,0,0.5612781267],"62":[0,0,2,0,0.5611872922],"63":[0,0,2,0,0.5609636626],"64":[0,0,2,0,0.5606174761],"65":[0,0,2,0,0.5601581663],"66":[0,0,2,0,0.5595944334],"67":[0,0,2,0,0.5589343076],"68":[0,0,2,0,0.5581852072],"69":[0,0,2,0,0.5573539899],"70":[0,0,2,0,0.5564470006],"71":[0,0,2,0,0.5554701133],"72":[0,0,2,0,0.55442877],"73":[0,0,2,0,0.553328016],"74":[0,0,2,0,0.5521725313],"75":[0,0,2,0,0.5509666601],"76":[0,0,2,0,0.5497144366],"77":[0,0,2,0,0.5485839754],"78":[0,0,2,0,0.5475684115],"79":[0,0,2,0,0.5466613064],"80":[0,0,2,0,0.5458566172],"81":[0,0,2,0,0.5451486691],"82":[0,0,2,0,0.5445321298],"83":[0,0,2,0,0.5440019854],"84":[0,0,2,0,0.5435535191],"85":[0,0,2,0,0.5431822911],"86":[0,0,2,0,0.5428841197],"87":[0,0,2,0,0.5426550646],"88":[0,0,2,0,0.5424914109],"89":[0,0,2,0,0.5423896545],"90":[0,0,2,0,0.5423464884],"91":[0,0,2,0,0.5422406428],"92":[0,0,2,0,0.5420754931],"93":[0,0,2,0,0.5418542283],"94":[0,0,2,0,0.5415798624],"95":[0,0,2,0,0.5412552458],"96":[0,0,2,0,0.5408830746],"97":[0,0,2,0,0.5404659004],"98":[0,0,2,0,0.5400061387],"99":[0,0,2,0,0.5395060773],"100":[0,0,2,0,0.5389678836],"101":[0,0,2,0,0.5383936118],"102":[0,0,2,0,0.5377852093],"103":[0,0,2,0,0.5371445231],"104":[0,0,2,0,0.5364733054],"105":[0,0,2,0,0.5358622187],"106":[0,0,2,0,0.5353086981],"107":[0,0,2,0,0.534810298],"108":[0,0,2,0,0.5343646854],"109":[0,0,2,0,0.5339696346],