{"0":{"0":[0,3,0,0,1.0],"1":[0,3,0,0,1.0],"2":[0,3,0,0,1.0],"3":[0,3,0,0,1.0],"4":[0,3,0,0,1.0],"5":[0,3,0,0,1.0],"6":[0,3,0,0,1.0],"7":[0,3,0,0,1.0],"8":[0,3,0,0,1.0],"9":[0,3,0,0,1.0],"10":[0,3,0,0,1.0],"11":[0,3,0,0,1.0],"12":[0,3,0,0,1.0],"13":[0,3,0,0,1.0],"14":[0,3,0,0,1.0],"15":[0,3,0,0,0.99609375],"16":[0,3,0,0,0.9894031142],"17":[0,3,0,0,0.9807325708],"18":[0,3,0,0,0.9706663136],"19":[0,3,0,0,0.9596329979],"20":[0,3,0,0,0.947949794],"21":[0,3,0,0,0.9358529025],"22":[0,3,0,0,0.9235190334],"23":[0,3,0,0,0.9110807403],"24":[0,3,0,0,0.8986375107],"25":[0,3,0,0,0.8862638786],"26":[0,3,0,0,0.8740154222],"27":[0,3,0,0,0.8619332388],"28":[0,3,0,0,0.8500473126],"29":[0,3,0,0,0.8383790688],"30":[0,3,0,0,0.8269433236],"31":[0,3,0,0,0.8157497823],"32":[0,3,0,0,0.8048041966],"33":[0,3,0,0,0.7941092635],"34":[0,3,0,0,0.7836653253],"35":[0,3,0,0,0.7734709182],"36":[0,3,0,0,0.7635232016],"37":[0,3,0,0,0.7538182974],"38":[0,3,0,0,0.744351556],"39":[0,3,0,0,0.7351177671],"40":[0,3,0,0,0.7261113255],"41":[0,3,0,0,0.7173263619],"42":[0,3,0,0,0.7087568468],"43":[0,3,0,0,0.7003966705],"44":[0,3,0,0,0.6922397074],"45":[0,3,0,0,0.6847524548],"46":[0,3,0,0,0.6778790436],"47":[0,3,0,0,0.6715690635],"48":[0,3,0,0,0.6657769419],"49":[0,3,0,0,0.660461403],"50":[0,3,0,0,0.6555849972],"51":[0,3,0,0,0.6511136881],"52":[0,3,0,0,0.6470164914],"53":[0,3,0,0,0.6432651572],"54":[0,3,0,0,0.6398338899],"55":[0,3,0,0,0.636699101],"56":[0,3,0,0,0.6338391907],"57":[0,3,0,0,0.6312343533],"58":[0,3,0,0,0.6288664053],"59":[0,3,0,0,0.6267186319],"60":[0,3,0,0,0.6247756497],"61":[0,3,0,0,0.6230232849],"62":[0,3,0,0,0.6214484633],"63":[0,3,0,0,0.6200391123],"64":[0,3,0,0,0.6187840727],"65":[0,3,0,0,0.6176730193],"66":[0,3,0,0,0.6166963893],"67":[0,3,0,0,0.6158453178],"68":[0,3,0,0,0.6151115797],"69":[0,3,0,0,0.6144875367],"70":[0,3,0,0,0.6139660896],"71":[0,3,0,0,0.6135406346],"72":[0,3,0,0,0.6132050245],"73":[0,3,0,0,0.6129535322],"74":[0,3,0,0,0.6127808185],"75":[0,3,0,0,0.6125087717],"76":[0,3,0,0,0.6121439251],"77":[0,3,0,0,0.6116923758],"78":[0,3,0,0,0.6111598172],"79":[0,3,0,0,0.6105515695],"80":[0,3,0,0,0.6098726064],"81":[0,3,0,0,0.6091275806],"82":[0,3,0,0,0.6083208468],"83":[0,3,0,0,0.6074564829],"84":[0,3,0,0,0.6065383098],"85":[0,3,0,0,0.6055699087],"86":[0,3,0,0,0.6045546382],"87":[0,3,0,0,0.6034956496],"88":[0,3,0,0,0.6023959004],"89":[0,3,0,0,0.6012581682],"90":[0,3,0,0,0.6000850619],"91":[0,3,0,0,0.5988790333],"92":[0,3,0,0,0.5976423875],"93":[0,3,0,0,0.5963772919],"94":[0,3,0,0,0.5950857858],"95":[0,3,0,0,0.593769788],"96":[0,3,0,0,0.5924311049],"97":[0,3,0,0,0.5910714372],"98":[0,3,0,0,0.5896923869],"99":[0,3,0,0,0.588295463],"100":[0,3,0,0,0.5868820877],"101":[0,3,0,0,0.5854536013],"102":[0,3,0,0,0.5840112673],"103":[0,3,0,0,0.5825562773],"104":[0,3,0,0,0.5810897549],"105":[0,3,0,0,0.5797017597],"106":[0,3,0,0,0.5783891483],"107":[0,3,0,0,0.5771489196],"108":[0,3,0,0,0.5759782073],"109":[0,3,0,0,0.5748742732],"110":[0,3,0,0,0.5738345001],"111":[0,3,0,0,0.572856386],"112":[0,3,0,0,0.5719375378],"113":[0,3,0,0,0.5710756665],"114":[0,3,0,0,0.5702685814],"115":[0,3,0,0,0.5695141851],"116":[0,3,0,0,0.5688104698],"117":[0,3,0,0,0.5681555118],"118":[0,3,0,0,0.5675474681],"119":[0,3,0,0,0.5669845726],"120":[0,3,0,0,0.5664651317],"121":[0,3,0,0,0.5659875218],"122":[0,3,0,0,0.5655501852],"123":[0,3,0,0,0.5651516275],"124":[0,3,0,0,0.5647904145],"125":[0,3,0,0,0.5644651693],"126":[0,3,0,0,0.56417457],"127":[0,3,0,0,0.5639173468],"128":[0,3,0,0,0.5636922799],"129":[0,3,0,0,0.5634981973],"130":[0,3,0,0,0.5633339724],"131":[0,3,0,0,0.5631985222],"132":[0,3,0,0,0.5630908053],"133":[0,3,0,0,0.5630098203],"134":[0,3,0,0,0.5629546035],"135":[0,3,0,0,0.5628701622],"136":[0,3,0,0,0.5627575716],"137":[0,3,0,0,0.5626178665],"138":[0,3,0,0,0.5624520426],"139":[0,3,0,0,0.5622610586],"140":[0,3,0,0,0.5620458376],"141":[0,3,0,0,0.5618072684],"142":[0,3,0,0,0.5615462073],"143":[0,3,0,0,0.561263479],"144":[0,3,0,0,0.5609598783],"145":[0,3,0,0,0.5606361711],"146":[0,3,0,0,0.5602930957],"147":[0,3,0,0,0.5599313637],"148":[0,3,0,0,0.5595516612],"149":[0,3,0,0,0.5591546502],"150":[0,3,0,0,0.5587409687],"151":[0,3,0,0,0.5583112324],"152":[0,3,0,0,0.5578660353],"153":[0,3,0,0,0.5574059506],"154":[0,3,0,0,0.5569315313],"155":[0,3,0,0,0.5564433114],"156":[0,3,0,0,0.5559418063],"157":[0,3,0,0,0.5554275135],"158":[0,3,0,0,0.5549009135],"159":[0,3,0,0,0.5543624703],"160":[0,3,0,0,0.553812632],"161":[0,3,0,0,0.5532518316],"162":[0,3,0,0,0.5526804872],"163":[0,3,0,0,0.552099003],"164":[0,3,0,0,0.5515077694],"165":[0,3,0,0,0.5509434534],"166":[0,3,0,0,0.550405336],"167":[0,3,0,0,0.5498927192],"168":[0,3,0,0,0.5494049258],"169":[0,3,0,0,0.5489412982],"170":[0,3,0,0,0.5485011982],"171":[0,3,0,0,0.5480840063],"172":[0,3,0,0,0.5476891206],"173":[0,3,0,0,0.5473159568],"174":[0,3,0,0,0.5469639473],"175":[0,3,0,0,0.5466325406],"176":[0,3,0,0,0.5463212009],"177":[0,3,0,0,0.5460294078],"178":[0,3,0,0,0.5457566553],"179":[0,3,0,0,0.5455024516]},"1":{"0":null,"1":null,"2":null,"3":null,"4":null,"5":null,"6":null,"7":null,"8":null,"9":null,"10":null,"11":null,"12":null,"13":null,"14":null,"15":[0,4,0,0,0.00390625],"16":[0,4,0,0,0.0105968858],"17":[0,4,0,0,0.0192674292],"18":[0,4,0,0,0.0293336864],"19":[0,4,0,0,0.0403670021],"20":[0,4,0,0,0.052050206],"21":[0,4,0,0,0.0641470975],"22":[0,4,0,0,0.0764809666],"23":[0,4,0,0,0.0889192597],"24":[0,4,0,0,0.1013624893],"25":[0,4,0,0,0.1137361214],"26":[0,4,0,0,0.1259845778],"27":[0,4,0,0,0.1380667612],"28":[0,4,0,0,0.1499526874],"29":[0,4,0,0,0.1616209312],"30":[0,4,0,0,0.1730566764],"31":[0,4,0,0,0.1842502177],"32":[0,4,0,0,0.1951958034],"33":[0,4,0,0,0.2058907365],"34":[0,4,0,0,0.2163346747],"35":[0,4,0,0,0.2265290818],"36":[0,4,0,0,0.2364767984],"37":[0,4,0,0,0.2461817026],"38":[0,4,0,0,0.255648444],"39":[0,4,0,0,0.2648822329],"40":[0,4,0,0,0.2738886745],"41":[0,4,0,0,0.2826736381],"42":[0,4,0,0,0.2912431532],"43":[0,4,0,0,0.2996033295],"44":[0,4,0,0,0.3077602926],"45":[0,4,0,0,0.3152475452],"46":[0,4,0,0,0.3221209564],"47":[0,4,0,0,0.3284309365],"48":[0,4,0,0,0.3342230581],"49":[0,4,0,0,0.339538597],"50":[0,4,0,0,0.3444150028],"51":[0,4,0,0,0.3488863119],"52":[0,4,0,0,0.3529835086],"53":[0,4,0,0,0.3567348428],"54":[0,4,0,0,0.3601661101],"55":[0,4,0,0,0.363300899],"56":[0,4,0,0,0.3661608093],"57":[0,4,0,0,0.3687656467],"58":[0,4,0,0,0.3711335947],"59":[0,4,0,0,0.3732813681],"60":[0,4,0,0,0.3752243503],"61":[0,4,0,0,0.3769767151],"62":[0,4,0,0,0.3785515367],"63":[0,4,0,0,0.3799608877],"64":[0,4,0,0,0.3812159273],"65":[0,4,0,0,0.3823269807],"66":[0,4,0,0,0.3833036107],"67":[0,4,0,0,0.3841546822],"68":[0,4,0,0,0.3848884203],"69":[0,4,0,0,0.3855124633],"70":[0,4,0,0,0.3860339104],"71":[0,4,0,0,0.3864593654],"72":[0,4,0,0,0.3867949755],"73":[0,4,0,0,0.3870464678],"74":[0,4,0,0,0.3872191815],"75":[0,4,0,0,0.3874912283],"76":[0,4,0,0,0.3878560749],"77":[0,4,0,0,0.3883076242],"78":[0,4,0,0,0.3888401828],"79":[0,4,0,0,0.3894484305],"80":[0,4,0,0,0.3901273936],"81":[0,4,0,0,0.3908724194],"82":[0,4,0,0,0.3916791532],"83":[0,4,0,0,0.3925435171],"84":[0,4,0,0,0.3934616902],"85":[0,4,0,0,0.3944300913],"86":[0,4,0,0,0.3954453618],"87":[0,4,0,0,0.3965043504],"88":[0,4,0,0,0.3976040996],"89":[0,4,0,0,0.3987418318],"90":[0,4,0,0,0.3999149381],"91":[0,4,0,0,0.4011209667],"92":[0,4,0,0,0.4023576125],"93":[0,4,0,0,0.4036227081],"94":[0,4,0,0,0.4049142142],"95":[0,4,0,0,0.406230212],"96":[0,4,0,0,0.4075688951],"97":[0,4,0,0,0.4089285628],"98":[0,4,0,0,0.4103076131],"99":[0,4,0,0,0.411704537],"100":[0,4,0,0,0.4131179123],"101":[0,4,0,0,0.4145463987],"102":[0,4,0,0,0.4159887327],"103":[0,4,0,0,0.4174437227],"104":[0,4,0,0,0.4189102451],"105":[0,4,0,0,0.4202982403],"106":[0,4,0,0,0.4216108517],"107":[0,4,0,0,0.4228510804],"108":[0,4,0,0,0.4240217927],"109":[0,4,0,0,0.4251257268],"110":[0,4,0,0,0.4261654999],"111":[0,4,0,0,0.427143614],"112":[0,4,0,0,0.4280624622],"113":[0,4,0,0,0.4289243335],"114":[0,4,0,0,0.4297314186],"115":[0,4,0,0,0.4304858149],"116":[0,4,0,0,0.4311895302],