{"0":{"0":[0,1,0,0,1.0],"1":[0,1,0,0,1.0],"2":[0,1,0,0,1.0],"3":[0,1,0,0,1.0],"4":[0,1,0,0,1.0],"5":[0,1,0,0,1.0],"6":[0,1,0,0,1.0],"7":[0,1,0,0,1.0],"8":[0,1,0,0,0.987654321],"9":[0,1,0,0,0.9688888889],"10":[0,1,0,0,0.9469237833],"11":[0,1,0,0,0.9235690236],"12":[0,1,0,0,0.8998625306],"13":[0,1,0,0,0.8764029621],"14":[0,1,0,0,0.8535316535],"15":[0,1,0,0,0.8314359252],"16":[0,1,0,0,0.8102095905],"17":[0,1,0,0,0.7898893046],"18":[0,1,0,0,0.7704768481],"19":[0,1,0,0,0.7519530057],"20":[0,1,0,0,0.7342863093],"21":[0,1,0,0,0.7174385845],"22":[0,1,0,0,0.7013684759],"23":[0,1,0,0,0.6860336783],"24":[0,1,0,0,0.6713923312],"25":[0,1,0,0,0.6574038687],"26":[0,1,0,0,0.6440295142],"27":[0,1,0,0,0.6312325417],"28":[0,1,0,0,0.6189783875],"29":[0,1,0,0,0.6072346635],"30":[0,1,0,0,0.5959711103],"31":[0,1,0,0,0.5851595131],"32":[0,1,0,0,0.5747735959],"33":[0,1,0,0,0.5647889053],"34":[0,1,0,0,0.5551826917],"35":[0,1,0,0,0.5459337898],"36":[0,1,0,0,0.537022504],"37":[0,1,0,0,0.528430499],"38":[0,1,0,0,0.5201406966],"39":[0,1,0,0,0.5121371792],"40":[0,1,0,0,0.5044051005],"41":[0,1,0,0,0.4969306026],"42":[0,1,0,0,0.48970074],"43":[0,1,0,0,0.4827034092],"44":[0,1,0,0,0.475927284],"45":[0,1,0,0,0.4693617571],"46":[0,1,0,0,0.4629968849],"47":[0,1,0,0,0.4568233387],"48":[0,1,0,0,0.4508323584],"49":[0,1,0,0,0.4450157113],"50":[0,1,0,0,0.4393656531],"51":[0,1,0,0,0.4338748935],"52":[0,1,0,0,0.4285365634],"53":[0,1,0,0,0.4236871208],"54":[0,1,0,0,0.4192895038],"55":[0,1,0,0,0.4153098443],"56":[0,1,0,0,0.4117171508],"57":[0,1,0,0,0.4084830263],"58":[0,1,0,0,0.405581418],"59":[0,1,0,0,0.4029883944],"60":[0,1,0,0,0.4006819466],"61":[0,1,0,0,0.3986418112],"62":[0,1,0,0,0.3968493108],"63":[0,1,0,0,0.3952872121],"64":[0,1,0,0,0.3939395982],"65":[0,1,0,0,0.3927917531],"66":[0,1,0,0,0.3918300584],"67":[0,1,0,0,0.3910419001],"68":[0,1,0,0,0.3902055441],"69":[0,1,0,0,0.3893250567],"70":[0,1,0,0,0.388404192],"71":[0,1,0,0,0.3874464177],"72":[0,1,0,0,0.3864549393],"73":[0,1,0,0,0.3854327213],"74":[0,1,0,0,0.3843825073],"75":[0,1,0,0,0.3833068372],"76":[0,1,0,0,0.3822080639],"77":[0,1,0,0,0.3810883682],"78":[0,1,0,0,0.3799497716],"79":[0,1,0,0,0.3787941495],"80":[0,1,0,0,0.3776232417],"81":[0,1,0,0,0.3764386632],"82":[0,1,0,0,0.3752419134],"83":[0,1,0,0,0.374034385],"84":[0,1,0,0,0.3728173715],"85":[0,1,0,0,0.3715920748],"86":[0,1,0,0,0.3703596121],"87":[0,1,0,0,0.3691210214],"88":[0,1,0,0,0.367877268],"89":[0,1,0,0,0.366629249],"90":[0,1,0,0,0.3653777985],"91":[0,1,0,0,0.364123692],"92":[0,1,0,0,0.3628676504],"93":[0,1,0,0,0.361610344],"94":[0,1,0,0,0.3603523958],"95":[0,1,0,0,0.3590943848],"96":[0,1,0,0,0.3578368488],"97":[0,1,0,0,0.3565802879],"98":[0,1,0,0,0.3553251661],"99":[0,1,0,0,0.3540719145],"100":[0,1,0,0,0.3528209329],"101":[0,1,0,0,0.3515725923],"102":[0,1,0,0,0.3503272368],"103":[0,1,0,0,0.3490851849],"104":[0,1,0,0,0.3478467319],"105":[0,1,0,0,0.3466121508],"106":[0,1,0,0,0.345381694],"107":[0,1,0,0,0.3441555946],"108":[0,1,0,0,0.3429340678],"109":[0,1,0,0,0.3417173118],"110":[0,1,0,0,0.3405055091],"111":[0,1,0,0,0.3392988273],"112":[0,1,0,0,0.3380974201],"113":[0,1,0,0,0.3369783754],"114":[0,1,0,0,0.3359384878],"115":[0,1,0,0,0.3349746899],"116":[0,1,0,0,0.3340840449],"117":[0,1,0,0,0.3332637406],"118":[0,1,0,0,0.332511083],"119":[0,1,0,0,0.3318234906],"120":[0,1,0,0,0.3311984894],"121":[0,1,0,0,0.3306337074],"122":[0,1,0,0,0.3301268698],"123":[0,1,0,0,0.3296757946],"124":[0,1,0,0,0.3292783883],"125":[0,1,0,0,0.3289326414],"126":[0,1,0,0,0.3286366252],"127":[0,1,0,0,0.3283884875],"128":[0,1,0,0,0.3281263569],"129":[0,1,0,0,0.3278508287],"130":[0,1,0,0,0.3275624738],"131":[0,1,0,0,0.3272618398],"132":[0,1,0,0,0.3269494522],"133":[0,1,0,0,0.3266258152],"134":[0,1,0,0,0.3262914127],"135":[0,1,0,0,0.3259467094],"136":[0,1,0,0,0.3255921514],"137":[0,1,0,0,0.3252281671],"138":[0,1,0,0,0.324855168],"139":[0,1,0,0,0.3244735495],"140":[0,1,0,0,0.3240836913],"141":[0,1,0,0,0.3236859585],"142":[0,1,0,0,0.3232807019],"143":[0,1,0,0,0.3228682588],"144":[0,1,0,0,0.3224489533],"145":[0,1,0,0,0.3220230973],"146":[0,1,0,0,0.3215909905],"147":[0,1,0,0,0.3211529214],"148":[0,1,0,0,0.3207091672],"149":[0,1,0,0,0.320259995],"150":[0,1,0,0,0.3198056615],"151":[0,1,0,0,0.3193464137],"152":[0,1,0,0,0.3188824895],"153":[0,1,0,0,0.3184141178],"154":[0,1,0,0,0.3179415189],"155":[0,1,0,0,0.317464905],"156":[0,1,0,0,0.3169844802],"157":[0,1,0,0,0.3165004413],"158":[0,1,0,0,0.3160129775],"159":[0,1,0,0,0.3155222714],"160":[0,1,0,0,0.3150284986],"161":[0,1,0,0,0.3145318282],"162":[0,1,0,0,0.3140324234],"163":[0,1,0,0,0.313530441],"164":[0,1,0,0,0.3130260325],"165":[0,1,0,0,0.3125193435],"166":[0,1,0,0,0.3120105146],"167":[0,1,0,0,0.311499681],"168":[0,1,0,0,0.3109869732],"169":[0,1,0,0,0.310472517],"170":[0,1,0,0,0.3099564334],"171":[0,1,0,0,0.3094388392],"172":[0,1,0,0,0.308919847],"173":[0,1,0,0,0.3084325946],"174":[0,1,0,0,0.307976245],"175":[0,1,0,0,0.3075499854],"176":[0,1,0,0,0.3071530258],"177":[0,1,0,0,0.3067845989],"178":[0,1,0,0,0.306443959],"179":[0,1,0,0,0.3061303814]},"1":{"0":null,"1":null,"2":null,"3":null,"4":null,"5":null,"6":null,"7":null,"8":[0,3,0,0,0.012345679],"9":[0,3,0,0,0.0311111111],"10":[0,3,0,0,0.0530762167],"11":[0,3,0,0,0.0764309764],"12":[0,3,0,0,0.1001374694],"13":[0,3,0,0,0.1235970379],"14":[0,3,0,0,0.1464683465],"15":[0,3,0,0,0.1685640748],"16":[0,3,0,0,0.1897904095],"17":[0,3,0,0,0.2101106954],"18":[0,3,0,0,0.2295231519],"19":[0,3,0,0,0.2480469943],"20":[0,3,0,0,0.2657136907],"21":[0,3,0,0,0.2825614155],"22":[0,3,0,0,0.2967411649],"23":[0,3,0,0,0.3086825053],"24":[0,3,0,0,0.3187352051],"25":[0,3,0,0,0.3271862179],"26":[0,3,0,0,0.3342725994],"27":[0,3,0,0,0.3401914351],"28":[0,3,0,0,0.345107545],"29":[0,3,0,0,0.3491595157],"30":[0,3,0,0,0.3524644637],"31":[0,3,0,0,0.3551218242],"32":[0,3,0,0,0.3572163878],"33":[0,3,0,0,0.3588207501],"34":[0,3,0,0,0.3599973001],"35":[0,3,0,0,0.3607998443],"36":[0,3,0,0,0.3612749398],"37":[0,3,0,0,0.3614629954],"38":[0,3,0,0,0.3613991842],"39":[0,3,0,0,0.3611142046],"40":[0,3,0,0,0.361229801],"41":[0,3,0,0,0.3616993863],"42":[0,3,0,0,0.3624819316],"43":[0,3,0,0,0.3635412266],"44":[0,3,0,0,0.3648452487],"45":[0,3,0,0,0.3663656261],"46":[0,3,0,0,0.3680771768],"47":[0,3,0,0,0.3699575134],"48":[0,3,0,0,0.371986702],"49":[0,3,0,0,0.374146968],"50":[0,3,0,0,0.3764224407],"51":[0,3,0,0,0.3787989323],"52":[0,3,0,0,0.3812637441],"53":[0,3,0,0,0.3834625637],"54":[0,3,0,0,0.3854161369],"55":[0,3,0,0,0.3871433998],"56":[0,3,0,0,0.3886616596],"57":[0,3,0,0,0.3899867559],"58":[0,3,0,0,0.3911332027],"59":[0,3,0,0,0.392114316],"60":[0,3,0,0,0.3929423264],"61":[0,3,0,0,0.3936284803],"62":[0,3,0,0,0.3941831303],"63":[0,3,0,0,0.3946158158],"64":[0,3,0,0,0.3949353358],"65":[0,3,0,0,0.3951498141],"66":[0,3,0,0,0.3952667583],"67":[0,3,0,0,0.3952931122],"68":[0,3,0,0,0.395445344],"69":[0,3,0,0,0.3957144921],"70":[0,3,0,0,0.3960922487],"71":[0,3,0,0,0.3965709057],"72":[0,3,0,0,0.3971433066],"73":[0,3,0,0,0.3978028017],"74":[0,3,0,0,0.3985432088],"75":[0,3,0,0,0.399358776],"76":[0,3,0,0,0.4002441486],"77":[0,3,0,0,0.4011943387],"78":[0,3,0,0,0.4022046971],"79":[0,3,0,0,0.4032708884],"80":[0,3,0,0,0.4043888671],"81":[0,3,0,0,0.4055548565],"82":[0,3,0,0,0.4067653293],"83":[0,3,0,0,0.4078752658],"84":[0,3,0,0,0.4088898821],"85":[0,3,0,0,0.4098140938],"86":[0,3,0,0,0.4106525367],"87":[0,3,0,0,0.4114095843],"88":[0,3,0,0,0.4120893655],"89":[0,3,0,0,0.41269578],"90":[0,3,0,0,0.4132325127],"91":[0,3,0,0,0.4137030478],"92":[0,3,0,0,0.4141106807],"93":[0,3,0,0,0.4144585299],"94":[0,3,0,0,0.4147495482],"95":[0,3,0,0,0.414986532],"96":[0,3,0,0,0.4151721316],"97":[0,3,0,0,0.4153088591],"98":[0,3,0,0,0.4153990972],"99":[0,3,0,0,0.4154451062],"100":[0,3,0,0,0.4154490317],"101":[0,3,0,0,0.4155090277],"102":[0,3,0,0,0.4156223815],"103":[0,3,0,0,0.4157865154],"104":[0,3,0,0,0.4159989794],"105":[0,3,0,0,0.416257444],"106":[0,3,0,0,0.4165596935],"107":[0,3,0,0,0.4169036195],"108":[0,3,0,0,0.4172872156],"109":[0,3,0,0,0.4177085715],"110":[0,3,0,0,0.4181658679],