{"0":{"0":[0,0,0,1,1.0],"1":[0,0,0,1,1.0],"2":[0,0,0,1,1.0],"3":[0,0,0,1,1.0],"4":[0,0,0,1,1.0],"5":[0,0,0,1,0.9722222222],"6":[0,0,0,1,0.9353741497],"7":[0,0,0,1,0.896577381],"8":[0,0,0,1,0.858686067],"9":[0,0,0,1,0.8228174603],"10":[0,0,0,1,0.7893381871],"11":[0,0,0,1,0.7652266715],"12":[0,0,0,1,0.7477831997],"13":[0,0,0,1,0.7351864405],"14":[0,0,0,1,0.7261740112],"15":[0,0,0,1,0.7159443855],"16":[0,0,0,1,0.7049718784],"17":[0,0,0,1,0.6935845518],"18":[0,0,0,1,0.6820108496],"19":[0,0,0,1,0.6704103071],"20":[0,0,0,1,0.6611617438],"21":[0,0,0,1,0.65383621],"22":[0,0,0,1,0.6480928587],"23":[0,0,0,1,0.643658434],"24":[0,0,0,1,0.6403120966],"25":[0,0,0,1,0.6378740574],"26":[0,0,0,1,0.6361969661],"27":[0,0,0,1,0.6351593194],"28":[0,0,0,1,0.6346603654],"29":[0,0,0,1,0.6335050199],"30":[0,0,0,1,0.6317998632],"31":[0,0,0,1,0.6296342425],"32":[0,0,0,1,0.6270833426],"33":[0,0,0,1,0.6242106491],"34":[0,0,0,1,0.6210699367],"35":[0,0,0,1,0.6177068829],"36":[0,0,0,1,0.6141603857],"37":[0,0,0,1,0.6104636442],"38":[0,0,0,1,0.6066450498],"39":[0,0,0,1,0.6027289236],"40":[0,0,0,1,0.5993310141],"41":[0,0,0,1,0.5963990965],"42":[0,0,0,1,0.5938868406],"43":[0,0,0,1,0.5917530488],"44":[0,0,0,1,0.5899610057],"45":[0,0,0,1,0.5884779215],"46":[0,0,0,1,0.5872744528],"47":[0,0,0,1,0.5863242906],"48":[0,0,0,1,0.5856038032],"49":[0,0,0,1,0.5850917271],"50":[0,0,0,1,0.5847688982],"51":[0,0,0,1,0.584618017],"52":[0,0,0,1,0.5846234442],"53":[0,0,0,1,0.5844280855],"54":[0,0,0,1,0.5840500542],"55":[0,0,0,1,0.583505793],"56":[0,0,0,1,0.5828102467],"57":[0,0,0,1,0.5819770141],"58":[0,0,0,1,0.5810184838],"59":[0,0,0,1,0.5799459536],"60":[0,0,0,1,0.5787697366],"61":[0,0,0,1,0.577499257],"62":[0,0,0,1,0.5761431338],"63":[0,0,0,1,0.5747092567],"64":[0,0,0,1,0.5732048539],"65":[0,0,0,1,0.571866121],"66":[0,0,0,1,0.570682109],"67":[0,0,0,1,0.5696426662],"68":[0,0,0,1,0.5687383722],"69":[0,0,0,1,0.567960477],"70":[0,0,0,1,0.5673008472],"71":[0,0,0,1,0.5667519157],"72":[0,0,0,1,0.5663066371],"73":[0,0,0,1,0.5659584466],"74":[0,0,0,1,0.5657012229],"75":[0,0,0,1,0.5655292539],"76":[0,0,0,1,0.5654372059],"77":[0,0,0,1,0.5654200951],"78":[0,0,0,1,0.5653130309],"79":[0,0,0,1,0.565121618],"80":[0,0,0,1,0.5648511027],"81":[0,0,0,1,0.5645063986],"82":[0,0,0,1,0.5640921104],"83":[0,0,0,1,0.5636125558],"84":[0,0,0,1,0.5630717853],"85":[0,0,0,1,0.5624736006],"86":[0,0,0,1,0.5618215722],"87":[0,0,0,1,0.5611190543],"88":[0,0,0,1,0.5603692],"89":[0,0,0,1,0.5595749744],"90":[0,0,0,1,0.5588599251],"91":[0,0,0,1,0.5582201433],"92":[0,0,0,1,0.5576519304],"93":[0,0,0,1,0.5571517854],"94":[0,0,0,1,0.5567163927],"95":[0,0,0,1,0.5563426108],"96":[0,0,0,1,0.5560274622],"97":[0,0,0,1,0.5557681232],"98":[0,0,0,1,0.5555619153],"99":[0,0,0,1,0.5554062961],"100":[0,0,0,1,0.5552988522],"101":[0,0,0,1,0.5552372909],"102":[0,0,0,1,0.5552194343],"103":[0,0,0,1,0.5551507563],"104":[0,0,0,1,0.5550336743],"105":[0,0,0,1,0.5548704873],"106":[0,0,0,1,0.5546633825],"107":[0,0,0,1,0.5544144417],"108":[0,0,0,1,0.5541256467],"109":[0,0,0,1,0.5537988846],"110":[0,0,0,1,0.5534359533],"111":[0,0,0,1,0.553038566],"112":[0,0,0,1,0.5526083555],"113":[0,0,0,1,0.5521468787],"114":[0,0,0,1,0.5516556204],"115":[0,0,0,1,0.5512103133],"116":[0,0,0,1,0.550809144],"117":[0,0,0,1,0.5504503765],"118":[0,0,0,1,0.5501323484],"119":[0,0,0,1,0.5498534678],"120":[0,0,0,1,0.549612209],"121":[0,0,0,1,0.5494071103],"122":[0,0,0,1,0.5492367702],"123":[0,0,0,1,0.5490998452],"124":[0,0,0,1,0.5489950464],"125":[0,0,0,1,0.5489211376],"126":[0,0,0,1,0.5488769325],"127":[0,0,0,1,0.5488612924],"128":[0,0,0,1,0.5488130317],"129":[0,0,0,1,0.5487334048],"130":[0,0,0,1,0.5486236166],"131":[0,0,0,1,0.5484848242],"132":[0,0,0,1,0.5483181398],"133":[0,0,0,1,0.5481246317],"134":[0,0,0,1,0.5479053272],"135":[0,0,0,1,0.5476612136],"136":[0,0,0,1,0.5473932406],"137":[0,0,0,1,0.5471023213],"138":[0,0,0,1,0.5467893342],"139":[0,0,0,1,0.5464551247],"140":[0,0,0,1,0.5461005061],"141":[0,0,0,1,0.5457758546],"142":[0,0,0,1,0.5454801948],"143":[0,0,0,1,0.5452125854],"144":[0,0,0,1,0.5449721181],"145":[0,0,0,1,0.5447579162],"146":[0,0,0,1,0.5445691331],"147":[0,0,0,1,0.5444049516],"148":[0,0,0,1,0.5442645823],"149":[0,0,0,1,0.5441472629],"150":[0,0,0,1,0.5440522567],"151":[0,0,0,1,0.5439788519],"152":[0,0,0,1,0.5439263608],"153":[0,0,0,1,0.5438519529],"154":[0,0,0,1,0.5437563419],"155":[0,0,0,1,0.5436402181],"156":[0,0,0,1,0.5435042485],"157":[0,0,0,1,0.5433490782],"158":[0,0,0,1,0.543175331],"159":[0,0,0,1,0.5429836102],"160":[0,0,0,1,0.5427744994],"161":[0,0,0,1,0.5425485632],"162":[0,0,0,1,0.542306348],"163":[0,0,0,1,0.5420483825],"164":[0,0,0,1,0.5417751783],"165":[0,0,0,1,0.5414872309],"166":[0,0,0,1,0.5412208761],"167":[0,0,0,1,0.5409755138],"168":[0,0,0,1,0.5407505615],"169":[0,0,0,1,0.5405454544],"170":[0,0,0,1,0.5403596443],"171":[0,0,0,1,0.5401925993],"172":[0,0,0,1,0.5400438032],"173":[0,0,0,1,0.5399127548],"174":[0,0,0,1,0.5397989676],"175":[0,0,0,1,0.5397019693],"176":[0,0,0,1,0.5396213013],"177":[0,0,0,1,0.5395565181],"178":[0,0,0,1,0.539475977],"179":[0,0,0,1,0.5393801228]},"1":{"0":null,"1":null,"2":null,"3":null,"4":null,"5":[0,0,0,2,0.0277777778],"6":[0,0,0,2,0.0646258503],"7":[0,0,0,2,0.103422619],"8":[0,0,0,2,0.141313933],"9":[0,0,0,2,0.1771825397],"10":[0,0,0,2,0.2106618129],"11":[0,0,0,2,0.2347733285],"12":[0,0,0,2,0.2522168003],"13":[0,0,0,2,0.2648135595],"14":[0,0,0,2,0.2738259888],"15":[0,0,0,2,0.2840556145],"16":[0,0,0,2,0.2950281216],"17":[0,0,0,2,0.3064154482],"18":[0,0,0,2,0.3179891504],"19":[0,0,0,2,0.3295896929],"20":[0,0,0,2,0.3388382562],"21":[0,0,0,2,0.34616379],"22":[0,0,0,2,0.3519071413],"23":[0,0,0,2,0.356341566],"24":[0,0,0,2,0.3596879034],"25":[0,0,0,2,0.3621259426],"26":[0,0,0,2,0.3638030339],"27":[0,0,0,2,0.3648406806],"28":[0,0,0,2,0.3653396346],"29":[0,0,0,2,0.3664949801],"30":[0,0,0,2,0.3682001368],"31":[0,0,0,2,0.3703657575],"32":[0,0,0,2,0.3729166574],"33":[0,0,0,2,0.3757893509],"34":[0,0,0,2,0.3789300633],"35":[0,0,0,2,0.3822931171],"36":[0,0,0,2,0.3858396143],"37":[0,0,0,2,0.3895363558],"38":[0,0,0,2,0.3933549502],"39":[0,0,0,2,0.3972710764],"40":[0,0,0,2,0.4006689859],"41":[0,0,0,2,0.4036009035],"42":[0,0,0,2,0.4061131594],"43":[0,0,0,2,0.4082469512],"44":[0,0,0,2,0.4100389943],"45":[0,0,0,2,0.4115220785],"46":[0,0,0,2,0.4127255472],"47":[0,0,0,2,0.4136757094],"48":[0,0,0,2,0.4143961968],"49":[0,0,0,2,0.4149082729],"50":[0,0,0,2,0.4152311018],"51":[0,0,0,2,0.415381983],"52":[0,0,0,2,0.4153765558],"53":[0,0,0,2,0.4155719145],"54":[0,0,0,2,0.4159499458],"55":[0,0,0,2,0.416494207],"56":[0,0,0,2,0.4171897533],"57":[0,0,0,2,0.4180229859],"58":[0,0,0,2,0.4189815162],"59":[0,0,0,2,0.4200540464],"60":[0,0,0,2,0.4212302634],"61":[0,0,0,2,0.422500743],"62":[0,0,0,2,0.4238568662],"63":[0,0,0,2,0.4252907433],"64":[0,0,0,2,0.4267951461],"65":[0,0,0,2,0.428133879],"66":[0,0,0,2,0.429317891],"67":[0,0,0,2,0.4303573338],"68":[0,0,0,2,0.4312616278],"69":[0,0,0,2,0.432039523],"70":[0,0,0,2,0.4326991528],"71":[0,0,0,2,0.4332480843],"72":[0,0,0,2,0.4336933629],"73":[0,0,0,2,0.4340415534],"74":[0,0,0,2,0.4342987771],"75":[0,0,0,2,0.4344707461],"76":[0,0,0,2,0.4345627941],"77":[0,0,0,2,0.4345799049],"78":[0,0,0,2,0.4346869691],"79":[0,0,0,2,0.434878382],"80":[0,0,0,2,0.4351488973],"81":[0,0,0,2,0.4354936014],"82":[0,0,0,2,0.4359078896],"83":[0,0,0,2,0.4363874442],"84":[0,0,0,2,0.4369282147],"85":[0,0,0,2,0.4375263994],"86":[0,0,0,2,0.4381784278],"87":[0,0,0,2,0.4388809457],"88":[0,0,0,2,0.4396308],"89":[0,0,0,2,0.4404250256],"90":[0,0,0,2,0.4411400749],"91":[0,0,0,2,0.4417798567],"92":[0,0,0,2,0.4423480696],"93":[0,0,0,2,0.4428482146],"94":[0,0,0,2,0.4432836073],"95":[0,0,0,2,0.4436573892],"96":[0,0,0,2,0.4439725378],"97":[0,0,0,2,0.4442318768],"98":[0,0,0,2,0.4444380847],"99":[0,0,0,2,0.4445937039],"100":[0,0,0,2,0.4447011478],"101":[0,0,0,2,0.4447627091],"102":[0,0,0,2,0.4447805657],"103":[0,0,0,2,0.4448492437],"104":[0,0,0,2,0.4449663257],"105":[0,0,0,2,0.4451295127],"106":[0,0,0,2,0.4453366175],"107":[0,0,0,2,0.4455855583],