{"S1_pitch":{"correlation":0.0,"p-value":1.0},"S1_yaw":{"correlation":-0.139250069,"p-value":0.5582037583},"S1_roll":{"correlation":-0.139250069,"p-value":0.5582037583},"S1_surge":{"correlation":0.338178739,"p-value":0.1447371605},"S1_heave":{"correlation":null,"p-value":null},"S1_sway":{"correlation":-0.0578073313,"p-value":0.80871967},"S2_pitch":{"correlation":-0.0289036657,"p-value":0.903720558},"S2_yaw":{"correlation":-0.2405818076,"p-value":0.3069019014},"S2_roll":{"correlation":-0.5653142493,"p-value":0.0093895358},"S2_surge":{"correlation":0.2118622331,"p-value":0.3698739317},"S2_heave":{"correlation":null,"p-value":null},"S2_sway":{"correlation":0.3764010145,"p-value":0.101894781},"S3_pitch":{"correlation":0.1734219939,"p-value":0.4646587777},"S3_yaw":{"correlation":-0.2601329909,"p-value":0.2680134673},"S3_roll":{"correlation":0.338178739,"p-value":0.1447371605},"S3_surge":{"correlation":-0.230697396,"p-value":0.3277954897},"S3_heave":{"correlation":null,"p-value":null},"S3_sway":{"correlation":-0.0454489116,"p-value":0.8491023063},"S4":{"correlation":-0.0779531871,"p-value":0.5538353406},"S5":{"correlation":0.1507735125,"p-value":0.2501822303},"S6":{"correlation":-0.0674644624,"p-value":0.6085329587}}