{"S1_pitch":{"correlation":-0.3400423899,"p-value":0.0078542676},"S1_yaw":{"correlation":0.2539039687,"p-value":0.0502805581},"S1_roll":{"correlation":-0.1435109388,"p-value":0.2739896321},"S1_surge":{"correlation":-0.0640279573,"p-value":0.6269496924},"S1_heave":{"correlation":null,"p-value":null},"S1_sway":{"correlation":-0.0545351003,"p-value":0.6789846177},"S2_pitch":{"correlation":0.206305455,"p-value":0.1137673363},"S2_yaw":{"correlation":-0.3164322055,"p-value":0.0137716147},"S2_roll":{"correlation":0.4534878842,"p-value":0.000273879},"S2_surge":{"correlation":0.0801986769,"p-value":0.5424377486},"S2_heave":{"correlation":null,"p-value":null},"S2_sway":{"correlation":0.0875944758,"p-value":0.5057231611},"S3_pitch":{"correlation":0.3079629192,"p-value":0.016675505},"S3_yaw":{"correlation":0.3175867604,"p-value":0.0134116131},"S3_roll":{"correlation":-0.2671511322,"p-value":0.0390669466},"S3_surge":{"correlation":-0.0822600421,"p-value":0.5320760098},"S3_heave":{"correlation":null,"p-value":null},"S3_sway":{"correlation":-0.5135060154,"p-value":0.0000271812},"S4":{"correlation":0.3653241691,"p-value":0.0000004593},"S5":{"correlation":0.0121174149,"p-value":0.8717425259},"S6":{"correlation":-0.1959289114,"p-value":0.0083902729}}