{"S1_pitch":{"correlation":-0.125137682,"p-value":0.3407554847},"S1_yaw":{"correlation":0.2607834186,"p-value":0.0441675652},"S1_roll":{"correlation":-0.1914752606,"p-value":0.1427683202},"S1_surge":{"correlation":-0.0490147785,"p-value":0.7099644495},"S1_heave":{"correlation":0.0,"p-value":1.0},"S1_sway":{"correlation":-0.0418511943,"p-value":0.7508659919},"S2_pitch":{"correlation":0.3160724455,"p-value":0.013885476},"S2_yaw":{"correlation":-0.3712584,"p-value":0.0034956305},"S2_roll":{"correlation":0.5861913982,"p-value":0.0000008608},"S2_surge":{"correlation":0.0626772457,"p-value":0.6342516515},"S2_heave":{"correlation":0.0,"p-value":1.0},"S2_sway":{"correlation":0.0321059814,"p-value":0.8076001735},"S3_pitch":{"correlation":0.3028180265,"p-value":0.018683516},"S3_yaw":{"correlation":0.4487784368,"p-value":0.000322631},"S3_roll":{"correlation":-0.1434743588,"p-value":0.2741132357},"S3_surge":{"correlation":-0.0136409785,"p-value":0.9176101042},"S3_heave":{"correlation":0.0,"p-value":1.0},"S3_sway":{"correlation":-0.4696251171,"p-value":0.0001533968},"S4":{"correlation":0.2898067485,"p-value":0.0000794345},"S5":{"correlation":-0.0484885639,"p-value":0.5180264531},"S6":{"correlation":-0.1133556784,"p-value":0.1297423761}}