{"S1_pitch":{"correlation":-0.1405317721,"p-value":0.5545505937},"S1_yaw":{"correlation":-0.085265239,"p-value":0.7207797755},"S1_roll":{"correlation":-0.2221039739,"p-value":0.346627465},"S1_surge":{"correlation":0.3831357449,"p-value":0.0954267909},"S1_heave":{"correlation":0.0,"p-value":1.0},"S1_sway":{"correlation":-0.1075263235,"p-value":0.651829992},"S2_pitch":{"correlation":0.017713011,"p-value":0.9409150795},"S2_yaw":{"correlation":-0.1986723226,"p-value":0.4010775439},"S2_roll":{"correlation":-0.4298620995,"p-value":0.0585346538},"S2_surge":{"correlation":0.1371644138,"p-value":0.5641711233},"S2_heave":{"correlation":0.0,"p-value":1.0},"S2_sway":{"correlation":0.2669122775,"p-value":0.2552880622},"S3_pitch":{"correlation":0.1817458398,"p-value":0.4431543453},"S3_yaw":{"correlation":-0.2638183598,"p-value":0.2610471713},"S3_roll":{"correlation":0.4088101527,"p-value":0.0735049183},"S3_surge":{"correlation":-0.2357236808,"p-value":0.3170679525},"S3_heave":{"correlation":0.0,"p-value":1.0},"S3_sway":{"correlation":-0.0888549404,"p-value":0.7095034276},"S4":{"correlation":-0.003336452,"p-value":0.9798153161},"S5":{"correlation":0.1302731061,"p-value":0.3211488385},"S6":{"correlation":-0.0818696931,"p-value":0.5340306339}}