{"0":{"0":[0,0,0,1,1.0],"1":[0,0,0,1,1.0],"2":[0,0,0,1,1.0],"3":[0,0,0,1,1.0],"4":[0,0,0,1,1.0],"5":[0,0,0,1,1.0],"6":[0,0,0,1,1.0],"7":[0,0,0,1,1.0],"8":[0,0,0,1,1.0],"9":[0,0,0,1,0.9],"10":[0,0,0,1,0.8181818182],"11":[0,0,0,1,0.75],"12":[0,0,0,1,0.6923076923],"13":[0,0,0,1,0.6428571429],"14":[0,0,0,1,0.6],"15":[0,0,0,1,0.5625],"16":[0,0,0,1,0.5882352941],"17":[0,0,0,1,0.6111111111],"18":[0,0,0,1,0.6315789474],"19":[0,0,0,1,0.65],"20":[0,0,0,1,0.6666666667],"21":[0,0,0,1,0.6818181818],"22":[0,0,0,1,0.6956521739],"23":[0,0,0,1,0.7083333333],"24":[0,0,0,1,0.72],"25":[0,0,0,1,0.7307692308],"26":[0,0,0,1,0.7407407407],"27":[0,0,0,1,0.75],"28":[0,0,0,1,0.7586206897],"29":[0,0,0,1,0.7333333333],"30":[0,0,0,1,0.7096774194],"31":[0,0,0,1,0.6875],"32":[0,0,0,1,0.6666666667],"33":[0,0,0,1,0.6470588235],"34":[0,0,0,1,0.6285714286],"35":[0,0,0,1,0.6111111111],"36":[0,0,0,1,0.5945945946],"37":[0,0,0,1,0.6052631579],"38":[0,0,0,1,0.6153846154],"39":[0,0,0,1,0.625],"40":[0,0,0,1,0.6341463415],"41":[0,0,0,1,0.6428571429],"42":[0,0,0,1,0.6511627907],"43":[0,0,0,1,0.6590909091],"44":[0,0,0,1,0.6444444444],"45":[0,0,0,1,0.6304347826],"46":[0,0,0,1,0.6170212766],"47":[0,0,0,1,0.6041666667],"48":[0,0,0,1,0.5918367347],"49":[0,0,0,1,0.58],"50":[0,0,0,1,0.568627451],"51":[0,0,0,1,0.5576923077],"52":[0,0,0,1,0.5471698113],"53":[0,0,0,1,0.537037037],"54":[0,0,0,1,0.5272727273],"55":[0,0,0,1,0.5178571429],"56":[0,0,0,1,0.5087719298],"57":[0,0,0,1,0.5],"58":[0,0,0,1,0.4915254237],"59":[0,0,0,1,0.5],"60":[0,0,0,1,0.5081967213],"61":[0,0,0,1,0.5161290323],"62":[0,0,0,1,0.5238095238],"63":[0,0,0,1,0.53125],"64":[0,0,0,1,0.5384615385],"65":[0,0,0,1,0.5303030303],"66":[0,0,0,1,0.5223880597],"67":[0,0,0,1,0.5147058824],"68":[0,0,0,1,0.5072463768],"69":[0,0,0,1,0.5],"70":[0,0,0,1,0.4929577465],"71":[0,0,0,1,0.4861111111],"72":[0,0,0,1,0.4794520548],"73":[0,0,0,1,0.472972973],"74":[0,0,0,1,0.4666666667],"75":[0,0,0,1,0.4605263158],"76":[0,0,0,1,0.4545454545],"77":[0,0,0,1,0.4487179487],"78":[0,0,0,1,0.4430379747],"79":[0,0,0,1,0.4375],"80":[0,0,0,1,0.4444444444],"81":[0,0,0,1,0.4512195122],"82":[0,0,0,1,0.4578313253],"83":[0,0,0,1,0.4642857143],"84":[0,0,0,1,0.4705882353],"85":[0,0,0,1,0.476744186],"86":[0,0,0,1,0.4827586207],"87":[0,0,0,1,0.4772727273],"88":[0,0,0,1,0.4719101124],"89":[0,0,0,1,0.4666666667],"90":[0,0,0,1,0.4615384615],"91":[0,0,0,1,0.4565217391],"92":[0,0,0,1,0.4516129032],"93":[0,0,0,1,0.4468085106],"94":[0,0,0,1,0.4421052632],"95":[0,0,0,1,0.4375],"96":[0,0,0,1,0.4329896907],"97":[0,0,0,1,0.4285714286],"98":[0,0,0,1,0.4242424242],"99":[0,0,0,1,0.43],"100":[0,0,0,1,0.4356435644],"101":[0,0,0,1,0.4411764706],"102":[0,0,0,1,0.4466019417],"103":[0,0,0,1,0.4519230769],"104":[0,0,0,1,0.4571428571],"105":[0,0,0,1,0.4622641509],"106":[0,0,0,1,0.4672897196],"107":[0,0,0,1,0.4722222222],"108":[0,0,0,1,0.4770642202],"109":[0,0,0,1,0.4727272727],"110":[0,0,0,1,0.4684684685],"111":[0,0,0,1,0.4642857143],"112":[0,0,0,1,0.4601769912],"113":[0,0,0,1,0.4561403509],"114":[0,0,0,1,0.452173913],"115":[0,0,0,1,0.4568965517],"116":[0,0,0,1,0.4615384615],"117":[0,0,0,1,0.4661016949],"118":[0,0,0,1,0.4705882353],"119":[0,0,0,1,0.475],"120":[0,0,0,1,0.479338843],"121":[0,0,0,1,0.4836065574],"122":[0,0,0,1,0.487804878],"123":[0,0,0,1,0.4919354839],"124":[0,0,0,1,0.496],"125":[0,0,0,1,0.5],"126":[0,0,0,1,0.5039370079],"127":[0,0,0,1,0.5078125],"128":[0,0,0,1,0.511627907],"129":[0,0,0,1,0.5153846154],"130":[0,0,0,1,0.5114503817],"131":[0,0,0,1,0.5075757576],"132":[0,0,0,1,0.5037593985],"133":[0,0,0,1,0.5],"134":[0,0,0,1,0.4962962963],"135":[0,0,0,1,0.4926470588],"136":[0,0,0,1,0.496350365],"137":[0,0,0,1,0.5],"138":[0,0,0,1,0.5035971223],"139":[0,0,0,1,0.5071428571],"140":[0,0,0,1,0.5106382979],"141":[0,0,0,1,0.514084507],"142":[0,0,0,1,0.5174825175],"143":[0,0,0,1,0.5208333333],"144":[0,0,0,1,0.524137931],"145":[0,0,0,1,0.5273972603],"146":[0,0,0,1,0.5306122449],"147":[0,0,0,1,0.5337837838],"148":[0,0,0,1,0.5369127517],"149":[0,0,0,1,0.54],"150":[0,0,0,1,0.5430463576],"151":[0,0,0,1,0.5394736842],"152":[0,0,0,1,0.5359477124],"153":[0,0,0,1,0.5324675325],"154":[0,0,0,1,0.5290322581],"155":[0,0,0,1,0.5256410256],"156":[0,0,0,1,0.5222929936],"157":[0,0,0,1,0.5189873418],"158":[0,0,0,1,0.5220125786],"159":[0,0,0,1,0.525],"160":[0,0,0,1,0.5279503106],"161":[0,0,0,1,0.5308641975],"162":[0,0,0,1,0.5337423313],"163":[0,0,0,1,0.5365853659],"164":[0,0,0,1,0.5393939394],"165":[0,0,0,1,0.5421686747],"166":[0,0,0,1,0.5389221557],"167":[0,0,0,1,0.5357142857],"168":[0,0,0,1,0.5325443787],"169":[0,0,0,1,0.5294117647],"170":[0,0,0,1,0.5263157895],"171":[0,0,0,1,0.523255814],"172":[0,0,0,1,0.5202312139],"173":[0,0,0,1,0.5172413793],"174":[0,0,0,1,0.5142857143],"175":[0,0,0,1,0.5113636364],"176":[0,0,0,1,0.5084745763],"177":[0,0,0,1,0.5056179775],"178":[0,0,0,1,0.5027932961],"179":[0,0,0,1,0.5]},"1":{"0":null,"1":null,"2":null,"3":null,"4":null,"5":null,"6":null,"7":null,"8":null,"9":[0,0,0,2,0.1],"10":[0,0,0,2,0.1818181818],"11":[0,0,0,2,0.25],"12":[0,0,0,2,0.3076923077],"13":[0,0,0,2,0.3571428571],"14":[0,0,0,2,0.4],"15":[0,0,0,2,0.4375],"16":[0,0,0,2,0.4117647059],"17":[0,0,0,2,0.3888888889],"18":[0,0,0,2,0.3684210526],"19":[0,0,0,2,0.35],"20":[0,0,0,2,0.3333333333],"21":[0,0,0,2,0.3181818182],"22":[0,0,0,2,0.3043478261],"23":[0,0,0,2,0.2916666667],"24":[0,0,0,2,0.28],"25":[0,0,0,2,0.2692307692],"26":[0,0,0,2,0.2592592593],"27":[0,0,0,2,0.25],"28":[0,0,0,2,0.2413793103],"29":[0,0,0,2,0.2666666667],"30":[0,0,0,2,0.2903225806],"31":[0,0,0,2,0.3125],"32":[0,0,0,2,0.3333333333],"33":[0,0,0,2,0.3529411765],"34":[0,0,0,2,0.3714285714],"35":[0,0,0,2,0.3888888889],"36":[0,0,0,2,0.4054054054],"37":[0,0,0,2,0.3947368421],"38":[0,0,0,2,0.3846153846],"39":[0,0,0,2,0.375],"40":[0,0,0,2,0.3658536585],"41":[0,0,0,2,0.3571428571],"42":[0,0,0,2,0.3488372093],"43":[0,0,0,2,0.3409090909],"44":[0,0,0,2,0.3555555556],"45":[0,0,0,2,0.3695652174],"46":[0,0,0,2,0.3829787234],"47":[0,0,0,2,0.3958333333],"48":[0,0,0,2,0.4081632653],"49":[0,0,0,2,0.42],"50":[0,0,0,2,0.431372549],"51":[0,0,0,2,0.4423076923],"52":[0,0,0,2,0.4528301887],"53":[0,0,0,2,0.462962963],"54":[0,0,0,2,0.4727272727],"55":[0,0,0,2,0.4821428571],"56":[0,0,0,2,0.4912280702],"57":[0,0,0,2,0.5],"58":[0,0,0,2,0.5084745763],"59":[0,0,0,2,0.5],"60":[0,0,0,2,0.4918032787],"61":[0,0,0,2,0.4838709677],"62":[0,0,0,2,0.4761904762],"63":[0,0,0,2,0.46875],"64":[0,0,0,2,0.4615384615],"65":[0,0,0,2,0.4696969697],"66":[0,0,0,2,0.4776119403],"67":[0,0,0,2,0.4852941176],"68":[0,0,0,2,0.4927536232],"69":[0,0,0,2,0.5],"70":[0,0,0,2,0.5070422535],"71":[0,0,0,2,0.5138888889],"72":[0,0,0,2,0.5205479452],"73":[0,0,0,2,0.527027027],"74":[0,0,0,2,0.5333333333],"75":[0,0,0,2,0.5394736842],"76":[0,0,0,2,0.5454545455],"77":[0,0,0,2,0.5512820513],"78":[0,0,0,2,0.5569620253],"79":[0,0,0,2,0.5625],"80":[0,0,0,2,0.5555555556],"81":[0,0,0,2,0.5487804878],"82":[0,0,0,2,0.5421686747],"83":[0,0,0,2,0.5357142857],"84":[0,0,0,2,0.5294117647],"85":[0,0,0,2,0.523255814],"86":[0,0,0,2,0.5172413793],"87":[0,0,0,2,0.5227272727],"88":[0,0,0,2,0.5280898876],"89":[0,0,0,2,0.5333333333],"90":[0,0,0,2,0.5384615385],"91":[0,0,0,2,0.5434782609],"92":[0,0,0,2,0.5483870968],"93":[0,0,0,2,0.5531914894],"94":[0,0,0,2,0.5578947368],"95":[0,0,0,2,0.5625],"96":[0,0,0,2,0.5670103093],"97":[0,0,0,2,0.5714285714],"98":[0,0,0,2,0.5757575758],"99":[0,0,0,2,0.57],"100":[0,0,0,2,0.5643564356],"101":[0,0,0,2,0.5588235294],"102":[0,0,0,2,0.5533980583],"103":[0,0,0,2,0.5480769231],"104":[0,0,0,2,0.5428571429],"105":[0,0,0,2,0.5377358491],"106":[0,0,0,2,0.5327102804],"107":[0,0,0,2,0.5277777778],"108":[0,0,0,2,0.5229357798],"109":[0,0,0,2,0.5272727273],"110":[0,0,0,2,0.5315315315],"111":[0,0,0,2,0.5357142857],"112":[0,0,0,2,0.5398230088],"113":[0,0,0,2,0.5438596491],"114":[0,0,0,2,0.547826087],"115":[0,0,0,2,0.5431034483],"116":[0,0,0,2,0.5384615385],"117":[0,0,0,2,0.5338983051],"118":[0,0,0,2,0.5294117647],"119":[0,0,0,2,0.525],"120":[0,0,0,2,0.520661157],"121":[0,0,0,2,0.5163934426],"122":[0,0,0,2,0.512195122],