{"0":{"0":[0,0,2,0,1.0],"1":[0,0,2,0,1.0],"2":[0,0,2,0,1.0],"3":[0,0,2,0,1.0],"4":[0,0,2,0,1.0],"5":[0,0,2,0,1.0],"6":[0,0,2,0,1.0],"7":[0,0,2,0,1.0],"8":[0,0,2,0,1.0],"9":[0,0,1,0,0.1],"10":[0,0,1,0,0.1818181818],"11":[0,0,1,0,0.1666666667],"12":[0,0,1,0,0.1538461538],"13":[0,0,1,0,0.1428571429],"14":[0,0,1,0,0.1333333333],"15":[0,0,1,0,0.125],"16":[0,0,1,0,0.1176470588],"17":[0,0,1,0,0.1111111111],"18":[0,0,1,0,0.1052631579],"19":[0,0,1,0,0.1],"20":[0,0,1,0,0.0952380952],"21":[0,0,1,0,0.1363636364],"22":[0,0,1,0,0.1739130435],"23":[0,0,1,0,0.2083333333],"24":[0,0,1,0,0.24],"25":[0,0,1,0,0.2692307692],"26":[0,0,1,0,0.2962962963],"27":[0,0,1,0,0.3214285714],"28":[0,0,1,0,0.3448275862],"29":[0,0,1,0,0.3666666667],"30":[0,0,1,0,0.3870967742],"31":[0,0,1,0,0.40625],"32":[0,0,1,0,0.4242424242],"33":[0,0,1,0,0.4411764706],"34":[0,0,1,0,0.4571428571],"35":[0,0,1,0,0.4722222222],"36":[0,0,1,0,0.4594594595],"37":[0,0,1,0,0.4473684211],"38":[0,0,1,0,0.4358974359],"39":[0,0,1,0,0.425],"40":[0,0,1,0,0.4146341463],"41":[0,0,1,0,0.4047619048],"42":[0,0,1,0,0.3953488372],"43":[0,0,1,0,0.3863636364],"44":[0,0,1,0,0.3777777778],"45":[0,0,1,0,0.3695652174],"46":[0,0,1,0,0.3617021277],"47":[0,0,1,0,0.3541666667],"48":[0,0,1,0,0.3469387755],"49":[0,0,1,0,0.34],"50":[0,0,1,0,0.3333333333],"51":[0,0,1,0,0.3269230769],"52":[0,0,1,0,0.320754717],"53":[0,0,1,0,0.3148148148],"54":[0,0,1,0,0.3090909091],"55":[0,0,1,0,0.3035714286],"56":[0,0,1,0,0.298245614],"57":[0,0,1,0,0.2931034483],"58":[0,0,1,0,0.2881355932],"59":[0,0,1,0,0.2833333333],"60":[0,0,1,0,0.2786885246],"61":[0,0,1,0,0.2741935484],"62":[0,0,1,0,0.2698412698],"63":[0,0,1,0,0.28125],"64":[0,0,1,0,0.2923076923],"65":[0,0,1,0,0.303030303],"66":[0,0,1,0,0.3134328358],"67":[0,0,1,0,0.3235294118],"68":[0,0,1,0,0.3333333333],"69":[0,0,1,0,0.3285714286],"70":[0,0,1,0,0.323943662],"71":[0,0,1,0,0.3194444444],"72":[0,0,1,0,0.3150684932],"73":[0,0,1,0,0.3108108108],"74":[0,0,1,0,0.3066666667],"75":[0,0,1,0,0.3026315789],"76":[0,0,1,0,0.2987012987],"77":[0,0,1,0,0.2948717949],"78":[0,0,1,0,0.3037974684],"79":[0,0,1,0,0.3125],"80":[0,0,1,0,0.3209876543],"81":[0,0,1,0,0.3292682927],"82":[0,0,1,0,0.3373493976],"83":[0,0,1,0,0.3452380952],"84":[0,0,1,0,0.3529411765],"85":[0,0,1,0,0.3604651163],"86":[0,0,1,0,0.3563218391],"87":[0,0,1,0,0.3522727273],"88":[0,0,1,0,0.3483146067],"89":[0,0,1,0,0.3444444444],"90":[0,0,1,0,0.3406593407],"91":[0,0,1,0,0.3369565217],"92":[0,0,1,0,0.3333333333],"93":[0,0,1,0,0.329787234],"94":[0,0,1,0,0.3263157895],"95":[0,0,1,0,0.3229166667],"96":[0,0,1,0,0.3195876289],"97":[0,0,1,0,0.3163265306],"98":[0,0,1,0,0.3131313131],"99":[0,0,1,0,0.31],"100":[0,0,1,0,0.3069306931],"101":[0,0,1,0,0.3039215686],"102":[0,0,1,0,0.3009708738],"103":[0,0,1,0,0.2980769231],"104":[0,0,1,0,0.2952380952],"105":[0,0,1,0,0.2924528302],"106":[0,0,1,0,0.2897196262],"107":[0,0,1,0,0.287037037],"108":[0,0,1,0,0.2844036697],"109":[0,0,1,0,0.2818181818],"110":[0,0,1,0,0.2792792793],"111":[0,0,1,0,0.2767857143],"112":[0,0,1,0,0.2831858407],"113":[0,0,1,0,0.2894736842],"114":[0,0,1,0,0.2956521739],"115":[0,0,1,0,0.3017241379],"116":[0,0,1,0,0.3076923077],"117":[0,0,1,0,0.313559322],"118":[0,0,1,0,0.3193277311],"119":[0,0,1,0,0.325],"120":[0,0,1,0,0.3305785124],"121":[0,0,1,0,0.3360655738],"122":[0,0,1,0,0.3414634146],"123":[0,0,1,0,0.3467741935],"124":[0,0,1,0,0.352],"125":[0,0,1,0,0.3571428571],"126":[0,0,1,0,0.3622047244],"127":[0,0,1,0,0.359375],"128":[0,0,1,0,0.3565891473],"129":[0,0,1,0,0.3538461538],"130":[0,0,1,0,0.3511450382],"131":[0,0,1,0,0.3484848485],"132":[0,0,1,0,0.3533834586],"133":[0,0,1,0,0.3507462687],"134":[0,0,1,0,0.3481481481],"135":[0,0,1,0,0.3455882353],"136":[0,0,1,0,0.3430656934],"137":[0,0,1,0,0.347826087],"138":[0,0,1,0,0.3525179856],"139":[0,0,1,0,0.35],"140":[0,0,1,0,0.3475177305],"141":[0,0,1,0,0.3450704225],"142":[0,0,1,0,0.3426573427],"143":[0,0,1,0,0.3402777778],"144":[0,0,1,0,0.3379310345],"145":[0,0,1,0,0.3356164384],"146":[0,0,1,0,0.3333333333],"147":[0,0,1,0,0.3310810811],"148":[0,0,1,0,0.3288590604],"149":[0,0,1,0,0.3266666667],"150":[0,0,1,0,0.3245033113],"151":[0,0,1,0,0.3223684211],"152":[0,0,1,0,0.3202614379],"153":[0,0,1,0,0.3181818182],"154":[0,0,1,0,0.3161290323],"155":[0,0,1,0,0.3205128205],"156":[0,0,1,0,0.3184713376],"157":[0,0,1,0,0.3164556962],"158":[0,0,1,0,0.3144654088],"159":[0,0,1,0,0.3125],"160":[0,0,1,0,0.3105590062],"161":[0,0,1,0,0.3086419753],"162":[0,0,1,0,0.3067484663],"163":[0,0,1,0,0.3048780488],"164":[0,0,1,0,0.303030303],"165":[0,0,1,0,0.3012048193],"166":[0,0,1,0,0.3053892216],"167":[0,0,1,0,0.3095238095],"168":[0,0,1,0,0.3136094675],"169":[0,0,1,0,0.3176470588],"170":[0,0,1,0,0.3216374269],"171":[0,0,1,0,0.3255813953],"172":[0,0,1,0,0.3294797688],"173":[0,0,1,0,0.3333333333],"174":[0,0,1,0,0.3371428571],"175":[0,0,1,0,0.3409090909],"176":[0,0,1,0,0.3446327684],"177":[0,0,1,0,0.3483146067],"178":[0,0,1,0,0.3519553073],"179":[0,0,1,0,0.3555555556]},"1":{"0":null,"1":null,"2":null,"3":null,"4":null,"5":null,"6":null,"7":null,"8":null,"9":[0,0,2,0,0.9],"10":[0,0,2,0,0.8181818182],"11":[0,0,2,0,0.75],"12":[0,0,2,0,0.6923076923],"13":[0,0,2,0,0.6428571429],"14":[0,0,2,0,0.6],"15":[0,0,2,0,0.5625],"16":[0,0,2,0,0.5294117647],"17":[0,0,2,0,0.5],"18":[0,0,2,0,0.4736842105],"19":[0,0,2,0,0.45],"20":[0,0,2,0,0.4761904762],"21":[0,0,2,0,0.4545454545],"22":[0,0,2,0,0.4347826087],"23":[0,0,2,0,0.4166666667],"24":[0,0,2,0,0.4],"25":[0,0,2,0,0.3846153846],"26":[0,0,2,0,0.3703703704],"27":[0,0,2,0,0.3571428571],"28":[0,0,2,0,0.3448275862],"29":[0,0,2,0,0.3333333333],"30":[0,0,2,0,0.3225806452],"31":[0,0,2,0,0.3125],"32":[0,0,2,0,0.303030303],"33":[0,0,2,0,0.2941176471],"34":[0,0,2,0,0.2857142857],"35":[0,0,2,0,0.2777777778],"36":[0,0,2,0,0.2972972973],"37":[0,0,2,0,0.3157894737],"38":[0,0,2,0,0.3333333333],"39":[0,0,2,0,0.35],"40":[0,0,2,0,0.3414634146],"41":[0,0,2,0,0.3333333333],"42":[0,0,2,0,0.3255813953],"43":[0,0,2,0,0.3181818182],"44":[0,0,2,0,0.3111111111],"45":[0,0,2,0,0.3043478261],"46":[0,0,2,0,0.2978723404],"47":[0,0,2,0,0.2916666667],"48":[0,0,2,0,0.2857142857],"49":[0,0,2,0,0.28],"50":[0,0,2,0,0.2941176471],"51":[0,0,2,0,0.3076923077],"52":[0,0,2,0,0.320754717],"53":[0,0,2,0,0.3333333333],"54":[0,0,2,0,0.3454545455],"55":[0,0,2,0,0.3571428571],"56":[0,0,2,0,0.3684210526],"57":[0,0,2,0,0.3793103448],"58":[0,0,2,0,0.3898305085],"59":[0,0,2,0,0.4],"60":[0,0,2,0,0.4098360656],"61":[0,0,2,0,0.4193548387],"62":[0,0,2,0,0.4285714286],"63":[0,0,2,0,0.421875],"64":[0,0,2,0,0.4153846154],"65":[0,0,2,0,0.4090909091],"66":[0,0,2,0,0.4029850746],"67":[0,0,2,0,0.3970588235],"68":[0,0,2,0,0.3913043478],"69":[0,0,2,0,0.3857142857],"70":[0,0,2,0,0.3802816901],"71":[0,0,2,0,0.375],"72":[0,0,2,0,0.3698630137],"73":[0,0,2,0,0.3648648649],"74":[0,0,2,0,0.36],"75":[0,0,2,0,0.3552631579],"76":[0,0,2,0,0.3506493506],"77":[0,0,2,0,0.3461538462],"78":[0,0,2,0,0.3417721519],"79":[0,0,2,0,0.3375],"80":[0,0,2,0,0.3333333333],"81":[0,0,2,0,0.3292682927],"82":[0,0,2,0,0.3253012048],"83":[0,0,2,0,0.3214285714],"84":[0,0,2,0,0.3176470588],"85":[0,0,2,0,0.3139534884],"86":[0,0,2,0,0.3218390805],"87":[0,0,2,0,0.3295454545],"88":[0,0,2,0,0.3370786517],"89":[0,0,2,0,0.3444444444],"90":[0,0,2,0,0.3516483516],"91":[0,0,2,0,0.3586956522],"92":[0,0,2,0,0.3655913978],"93":[0,0,2,0,0.3723404255],"94":[0,0,2,0,0.3789473684],"95":[0,0,2,0,0.3854166667],"96":[0,0,2,0,0.3917525773],"97":[0,0,2,0,0.3979591837],"98":[0,0,2,0,0.3939393939],"99":[0,0,2,0,0.39],"100":[0,0,2,0,0.3861386139],"101":[0,0,2,0,0.3823529412],"102":[0,0,2,0,0.3786407767],"103":[0,0,2,0,0.375],"104":[0,0,2,0,0.3714285714],"105":[0,0,2,0,0.3679245283],"106":[0,0,2,0,0.3644859813],"107":[0,0,2,0,0.3703703704],"108":[0,0,2,0,0.376146789],"109":[0,0,2,0,0.3818181818],"110":[0,0,2,0,0.3873873874],"111":[0,0,2,0,0.3928571429],"112":[0,0,2,0,0.389380531],"113":[0,0,2,0,0.3859649123],"114":[0,0,2,0,0.3826086957],"115":[0,0,2,0,0.3793103448],"116":[0,0,2,0,0.3760683761],"117":[0,0,2,0,0.3728813559],"118":[0,0,2,0,0.3697478992],