{"0":{"0":[0,1,0,0,1.0],"1":[0,1,0,0,1.0],"2":[0,1,0,0,1.0],"3":[0,1,0,0,1.0],"4":[0,1,0,0,1.0],"5":[0,1,0,0,1.0],"6":[0,1,0,0,1.0],"7":[0,1,0,0,1.0],"8":[0,1,0,0,0.8888888889],"9":[0,1,0,0,0.8],"10":[0,1,0,0,0.7272727273],"11":[0,1,0,0,0.6666666667],"12":[0,1,0,0,0.6153846154],"13":[0,1,0,0,0.5714285714],"14":[0,1,0,0,0.5333333333],"15":[0,1,0,0,0.5],"16":[0,1,0,0,0.4705882353],"17":[0,1,0,0,0.4444444444],"18":[0,1,0,0,0.4210526316],"19":[0,1,0,0,0.4],"20":[0,1,0,0,0.380952381],"21":[0,1,0,0,0.3636363636],"22":[0,1,0,0,0.347826087],"23":[0,1,0,0,0.3333333333],"24":[0,1,0,0,0.32],"25":[0,1,0,0,0.3076923077],"26":[0,1,0,0,0.2962962963],"27":[0,1,0,0,0.2857142857],"28":[0,1,0,0,0.275862069],"29":[0,1,0,0,0.2666666667],"30":[0,1,0,0,0.2580645161],"31":[0,1,0,0,0.25],"32":[0,1,0,0,0.2424242424],"33":[0,1,0,0,0.2352941176],"34":[0,1,0,0,0.2285714286],"35":[0,1,0,0,0.2222222222],"36":[0,1,0,0,0.2162162162],"37":[0,1,0,0,0.2105263158],"38":[0,1,0,0,0.2051282051],"39":[0,1,0,0,0.2],"40":[0,1,0,0,0.1951219512],"41":[0,1,0,0,0.1904761905],"42":[0,1,0,0,0.1860465116],"43":[0,1,0,0,0.1818181818],"44":[0,1,0,0,0.1777777778],"45":[0,1,0,0,0.1739130435],"46":[0,1,0,0,0.170212766],"47":[0,1,0,0,0.1666666667],"48":[0,1,0,0,0.1632653061],"49":[0,1,0,0,0.16],"50":[0,1,0,0,0.1568627451],"51":[0,1,0,0,0.1538461538],"52":[0,1,0,0,0.1509433962],"53":[0,1,0,0,0.1666666667],"54":[0,1,0,0,0.1818181818],"55":[0,1,0,0,0.1964285714],"56":[0,1,0,0,0.2105263158],"57":[0,1,0,0,0.224137931],"58":[0,1,0,0,0.2372881356],"59":[0,1,0,0,0.25],"60":[0,1,0,0,0.262295082],"61":[0,1,0,0,0.2741935484],"62":[0,1,0,0,0.2857142857],"63":[0,1,0,0,0.296875],"64":[0,1,0,0,0.3076923077],"65":[0,1,0,0,0.3181818182],"66":[0,1,0,0,0.328358209],"67":[0,1,0,0,0.3382352941],"68":[0,1,0,0,0.3333333333],"69":[0,1,0,0,0.3285714286],"70":[0,1,0,0,0.323943662],"71":[0,1,0,0,0.3194444444],"72":[0,1,0,0,0.3150684932],"73":[0,1,0,0,0.3108108108],"74":[0,1,0,0,0.3066666667],"75":[0,1,0,0,0.3026315789],"76":[0,1,0,0,0.2987012987],"77":[0,1,0,0,0.2948717949],"78":[0,1,0,0,0.2911392405],"79":[0,1,0,0,0.2875],"80":[0,1,0,0,0.2839506173],"81":[0,1,0,0,0.2804878049],"82":[0,1,0,0,0.2771084337],"83":[0,1,0,0,0.2738095238],"84":[0,1,0,0,0.2705882353],"85":[0,1,0,0,0.2674418605],"86":[0,1,0,0,0.2643678161],"87":[0,1,0,0,0.2613636364],"88":[0,1,0,0,0.2584269663],"89":[0,1,0,0,0.2555555556],"90":[0,1,0,0,0.2527472527],"91":[0,1,0,0,0.25],"92":[0,1,0,0,0.247311828],"93":[0,1,0,0,0.2446808511],"94":[0,1,0,0,0.2421052632],"95":[0,1,0,0,0.2395833333],"96":[0,1,0,0,0.2371134021],"97":[0,1,0,0,0.2346938776],"98":[0,1,0,0,0.2323232323],"99":[0,1,0,0,0.23],"100":[0,1,0,0,0.2277227723],"101":[0,1,0,0,0.2254901961],"102":[0,1,0,0,0.2233009709],"103":[0,1,0,0,0.2211538462],"104":[0,1,0,0,0.219047619],"105":[0,1,0,0,0.2169811321],"106":[0,1,0,0,0.214953271],"107":[0,1,0,0,0.212962963],"108":[0,1,0,0,0.2110091743],"109":[0,1,0,0,0.2090909091],"110":[0,1,0,0,0.2072072072],"111":[0,1,0,0,0.2053571429],"112":[0,1,0,0,0.203539823],"113":[0,1,0,0,0.2105263158],"114":[0,1,0,0,0.2173913043],"115":[0,1,0,0,0.224137931],"116":[0,1,0,0,0.2307692308],"117":[0,1,0,0,0.2372881356],"118":[0,1,0,0,0.243697479],"119":[0,1,0,0,0.25],"120":[0,1,0,0,0.2561983471],"121":[0,1,0,0,0.262295082],"122":[0,1,0,0,0.2682926829],"123":[0,1,0,0,0.2741935484],"124":[0,1,0,0,0.28],"125":[0,1,0,0,0.2857142857],"126":[0,1,0,0,0.2913385827],"127":[0,1,0,0,0.296875],"128":[0,1,0,0,0.2945736434],"129":[0,1,0,0,0.2923076923],"130":[0,1,0,0,0.2900763359],"131":[0,1,0,0,0.2878787879],"132":[0,1,0,0,0.2857142857],"133":[0,1,0,0,0.2835820896],"134":[0,1,0,0,0.2814814815],"135":[0,1,0,0,0.2794117647],"136":[0,1,0,0,0.2773722628],"137":[0,1,0,0,0.2753623188],"138":[0,1,0,0,0.273381295],"139":[0,1,0,0,0.2714285714],"140":[0,1,0,0,0.2695035461],"141":[0,1,0,0,0.2676056338],"142":[0,1,0,0,0.2657342657],"143":[0,1,0,0,0.2638888889],"144":[0,1,0,0,0.2620689655],"145":[0,1,0,0,0.2602739726],"146":[0,1,0,0,0.2585034014],"147":[0,1,0,0,0.2567567568],"148":[0,1,0,0,0.255033557],"149":[0,1,0,0,0.2533333333],"150":[0,1,0,0,0.2516556291],"151":[0,1,0,0,0.25],"152":[0,1,0,0,0.2483660131],"153":[0,1,0,0,0.2467532468],"154":[0,1,0,0,0.2451612903],"155":[0,1,0,0,0.2435897436],"156":[0,1,0,0,0.2420382166],"157":[0,1,0,0,0.2405063291],"158":[0,1,0,0,0.2389937107],"159":[0,1,0,0,0.2375],"160":[0,1,0,0,0.2360248447],"161":[0,1,0,0,0.2345679012],"162":[0,1,0,0,0.2331288344],"163":[0,1,0,0,0.2317073171],"164":[0,1,0,0,0.2303030303],"165":[0,1,0,0,0.2289156627],"166":[0,1,0,0,0.2275449102],"167":[0,1,0,0,0.2261904762],"168":[0,1,0,0,0.224852071],"169":[0,1,0,0,0.2235294118],"170":[0,1,0,0,0.2222222222],"171":[0,1,0,0,0.2209302326],"172":[0,1,0,0,0.2196531792],"173":[0,1,0,0,0.224137931],"174":[0,1,0,0,0.2285714286],"175":[0,1,0,0,0.2329545455],"176":[0,1,0,0,0.2372881356],"177":[0,1,0,0,0.2415730337],"178":[0,1,0,0,0.2458100559],"179":[0,1,0,0,0.25]},"1":{"0":null,"1":null,"2":null,"3":null,"4":null,"5":null,"6":null,"7":null,"8":[0,3,0,0,0.1111111111],"9":[0,3,0,0,0.2],"10":[0,3,0,0,0.2727272727],"11":[0,3,0,0,0.3333333333],"12":[0,3,0,0,0.3846153846],"13":[0,3,0,0,0.4285714286],"14":[0,3,0,0,0.4666666667],"15":[0,3,0,0,0.5],"16":[0,3,0,0,0.5294117647],"17":[0,3,0,0,0.5555555556],"18":[0,3,0,0,0.5789473684],"19":[0,3,0,0,0.6],"20":[0,3,0,0,0.619047619],"21":[0,3,0,0,0.6363636364],"22":[0,3,0,0,0.6086956522],"23":[0,3,0,0,0.5833333333],"24":[0,3,0,0,0.56],"25":[0,3,0,0,0.5384615385],"26":[0,3,0,0,0.5185185185],"27":[0,3,0,0,0.5],"28":[0,3,0,0,0.4827586207],"29":[0,3,0,0,0.4666666667],"30":[0,3,0,0,0.4516129032],"31":[0,3,0,0,0.4375],"32":[0,3,0,0,0.4242424242],"33":[0,3,0,0,0.4117647059],"34":[0,3,0,0,0.4],"35":[0,3,0,0,0.3888888889],"36":[0,3,0,0,0.3783783784],"37":[0,3,0,0,0.3684210526],"38":[0,3,0,0,0.358974359],"39":[0,3,0,0,0.35],"40":[0,3,0,0,0.3658536585],"41":[0,3,0,0,0.380952381],"42":[0,3,0,0,0.3953488372],"43":[0,3,0,0,0.4090909091],"44":[0,3,0,0,0.4222222222],"45":[0,3,0,0,0.4347826087],"46":[0,3,0,0,0.4468085106],"47":[0,3,0,0,0.4583333333],"48":[0,3,0,0,0.4693877551],"49":[0,3,0,0,0.48],"50":[0,3,0,0,0.4901960784],"51":[0,3,0,0,0.5],"52":[0,3,0,0,0.5094339623],"53":[0,3,0,0,0.5],"54":[0,3,0,0,0.4909090909],"55":[0,3,0,0,0.4821428571],"56":[0,3,0,0,0.4736842105],"57":[0,3,0,0,0.4655172414],"58":[0,3,0,0,0.4576271186],"59":[0,3,0,0,0.45],"60":[0,3,0,0,0.4426229508],"61":[0,3,0,0,0.435483871],"62":[0,3,0,0,0.4285714286],"63":[0,3,0,0,0.421875],"64":[0,3,0,0,0.4153846154],"65":[0,3,0,0,0.4090909091],"66":[0,3,0,0,0.4029850746],"67":[0,3,0,0,0.3970588235],"68":[0,3,0,0,0.4057971014],"69":[0,3,0,0,0.4142857143],"70":[0,3,0,0,0.4225352113],"71":[0,3,0,0,0.4305555556],"72":[0,3,0,0,0.4383561644],"73":[0,3,0,0,0.4459459459],"74":[0,3,0,0,0.4533333333],"75":[0,3,0,0,0.4605263158],"76":[0,3,0,0,0.4675324675],"77":[0,3,0,0,0.4743589744],"78":[0,3,0,0,0.4810126582],"79":[0,3,0,0,0.4875],"80":[0,3,0,0,0.4938271605],"81":[0,3,0,0,0.5],"82":[0,3,0,0,0.5060240964],"83":[0,3,0,0,0.5],"84":[0,3,0,0,0.4941176471],"85":[0,3,0,0,0.488372093],"86":[0,3,0,0,0.4827586207],"87":[0,3,0,0,0.4772727273],"88":[0,3,0,0,0.4719101124],"89":[0,3,0,0,0.4666666667],"90":[0,3,0,0,0.4615384615],"91":[0,3,0,0,0.4565217391],"92":[0,3,0,0,0.4516129032],"93":[0,3,0,0,0.4468085106],"94":[0,3,0,0,0.4421052632],"95":[0,3,0,0,0.4375],"96":[0,3,0,0,0.4329896907],"97":[0,3,0,0,0.4285714286],"98":[0,3,0,0,0.4242424242],"99":[0,3,0,0,0.42],"100":[0,3,0,0,0.4158415842],"101":[0,3,0,0,0.4215686275],"102":[0,3,0,0,0.427184466],"103":[0,3,0,0,0.4326923077],"104":[0,3,0,0,0.4380952381],"105":[0,3,0,0,0.4433962264],"106":[0,3,0,0,0.4485981308],"107":[0,3,0,0,0.4537037037],"108":[0,3,0,0,0.4587155963],"109":[0,3,0,0,0.4636363636],"110":[0,3,0,0,0.4684684685],"111":[0,3,0,0,0.4732142857],"112":[0,3,0,0,0.4778761062],"113":[0,3,0,0,0.4736842105],"114":[0,3,0,0,0.4695652174],"115":[0,3,0,0,0.4655172414],"116":[0,3,0,0,0.4615384615],"117":[0,3,0,0,0.4576271186],"118":[0,3,0,0,0.4537815126],"119":[0,3,0,0,0.45],"120":[0,3,0,0,0.4462809917],