{"0":{"0":[0,0,0,1,1.0],"1":[0,0,0,1,1.0],"2":[0,0,0,1,1.0],"3":[0,0,0,1,1.0],"4":[0,0,0,1,1.0],"5":[0,0,0,1,0.8333333333],"6":[0,0,0,1,0.7142857143],"7":[0,0,0,1,0.625],"8":[0,0,0,1,0.5555555556],"9":[0,0,0,1,0.5],"10":[0,0,0,1,0.4545454545],"11":[0,0,0,1,0.5],"12":[0,0,0,1,0.5384615385],"13":[0,0,0,1,0.5714285714],"14":[0,0,0,1,0.6],"15":[0,0,0,1,0.5625],"16":[0,0,0,1,0.5294117647],"17":[0,0,0,1,0.5],"18":[0,0,0,1,0.4736842105],"19":[0,0,0,1,0.45],"20":[0,0,0,1,0.4761904762],"21":[0,0,0,1,0.5],"22":[0,0,0,1,0.5217391304],"23":[0,0,0,1,0.5416666667],"24":[0,0,0,1,0.56],"25":[0,0,0,1,0.5769230769],"26":[0,0,0,1,0.5925925926],"27":[0,0,0,1,0.6071428571],"28":[0,0,0,1,0.6206896552],"29":[0,0,0,1,0.6],"30":[0,0,0,1,0.5806451613],"31":[0,0,0,1,0.5625],"32":[0,0,0,1,0.5454545455],"33":[0,0,0,1,0.5294117647],"34":[0,0,0,1,0.5142857143],"35":[0,0,0,1,0.5],"36":[0,0,0,1,0.4864864865],"37":[0,0,0,1,0.4736842105],"38":[0,0,0,1,0.4615384615],"39":[0,0,0,1,0.45],"40":[0,0,0,1,0.4634146341],"41":[0,0,0,1,0.4761904762],"42":[0,0,0,1,0.488372093],"43":[0,0,0,1,0.5],"44":[0,0,0,1,0.5111111111],"45":[0,0,0,1,0.5217391304],"46":[0,0,0,1,0.5319148936],"47":[0,0,0,1,0.5416666667],"48":[0,0,0,1,0.5510204082],"49":[0,0,0,1,0.56],"50":[0,0,0,1,0.568627451],"51":[0,0,0,1,0.5769230769],"52":[0,0,0,1,0.5849056604],"53":[0,0,0,1,0.5740740741],"54":[0,0,0,1,0.5636363636],"55":[0,0,0,1,0.5535714286],"56":[0,0,0,1,0.5438596491],"57":[0,0,0,1,0.5344827586],"58":[0,0,0,1,0.5254237288],"59":[0,0,0,1,0.5166666667],"60":[0,0,0,1,0.5081967213],"61":[0,0,0,1,0.5],"62":[0,0,0,1,0.4920634921],"63":[0,0,0,1,0.484375],"64":[0,0,0,1,0.4769230769],"65":[0,0,0,1,0.4848484848],"66":[0,0,0,1,0.4925373134],"67":[0,0,0,1,0.5],"68":[0,0,0,1,0.5072463768],"69":[0,0,0,1,0.5142857143],"70":[0,0,0,1,0.5211267606],"71":[0,0,0,1,0.5277777778],"72":[0,0,0,1,0.5342465753],"73":[0,0,0,1,0.5405405405],"74":[0,0,0,1,0.5466666667],"75":[0,0,0,1,0.5526315789],"76":[0,0,0,1,0.5584415584],"77":[0,0,0,1,0.5641025641],"78":[0,0,0,1,0.5569620253],"79":[0,0,0,1,0.55],"80":[0,0,0,1,0.5432098765],"81":[0,0,0,1,0.5365853659],"82":[0,0,0,1,0.5301204819],"83":[0,0,0,1,0.5238095238],"84":[0,0,0,1,0.5176470588],"85":[0,0,0,1,0.511627907],"86":[0,0,0,1,0.5057471264],"87":[0,0,0,1,0.5],"88":[0,0,0,1,0.4943820225],"89":[0,0,0,1,0.4888888889],"90":[0,0,0,1,0.4945054945],"91":[0,0,0,1,0.5],"92":[0,0,0,1,0.5053763441],"93":[0,0,0,1,0.5106382979],"94":[0,0,0,1,0.5157894737],"95":[0,0,0,1,0.5208333333],"96":[0,0,0,1,0.5257731959],"97":[0,0,0,1,0.5306122449],"98":[0,0,0,1,0.5353535354],"99":[0,0,0,1,0.54],"100":[0,0,0,1,0.5445544554],"101":[0,0,0,1,0.5490196078],"102":[0,0,0,1,0.5533980583],"103":[0,0,0,1,0.5480769231],"104":[0,0,0,1,0.5428571429],"105":[0,0,0,1,0.5377358491],"106":[0,0,0,1,0.5327102804],"107":[0,0,0,1,0.5277777778],"108":[0,0,0,1,0.5229357798],"109":[0,0,0,1,0.5181818182],"110":[0,0,0,1,0.5135135135],"111":[0,0,0,1,0.5089285714],"112":[0,0,0,1,0.5044247788],"113":[0,0,0,1,0.5],"114":[0,0,0,1,0.4956521739],"115":[0,0,0,1,0.5],"116":[0,0,0,1,0.5042735043],"117":[0,0,0,1,0.5084745763],"118":[0,0,0,1,0.512605042],"119":[0,0,0,1,0.5166666667],"120":[0,0,0,1,0.520661157],"121":[0,0,0,1,0.5245901639],"122":[0,0,0,1,0.5284552846],"123":[0,0,0,1,0.5322580645],"124":[0,0,0,1,0.536],"125":[0,0,0,1,0.5396825397],"126":[0,0,0,1,0.5433070866],"127":[0,0,0,1,0.546875],"128":[0,0,0,1,0.5426356589],"129":[0,0,0,1,0.5384615385],"130":[0,0,0,1,0.534351145],"131":[0,0,0,1,0.5303030303],"132":[0,0,0,1,0.5263157895],"133":[0,0,0,1,0.5223880597],"134":[0,0,0,1,0.5185185185],"135":[0,0,0,1,0.5147058824],"136":[0,0,0,1,0.5109489051],"137":[0,0,0,1,0.5072463768],"138":[0,0,0,1,0.5035971223],"139":[0,0,0,1,0.5],"140":[0,0,0,1,0.4964539007],"141":[0,0,0,1,0.5],"142":[0,0,0,1,0.5034965035],"143":[0,0,0,1,0.5069444444],"144":[0,0,0,1,0.5103448276],"145":[0,0,0,1,0.5136986301],"146":[0,0,0,1,0.5170068027],"147":[0,0,0,1,0.5202702703],"148":[0,0,0,1,0.5234899329],"149":[0,0,0,1,0.5266666667],"150":[0,0,0,1,0.5298013245],"151":[0,0,0,1,0.5328947368],"152":[0,0,0,1,0.5359477124],"153":[0,0,0,1,0.5324675325],"154":[0,0,0,1,0.5290322581],"155":[0,0,0,1,0.5256410256],"156":[0,0,0,1,0.5222929936],"157":[0,0,0,1,0.5189873418],"158":[0,0,0,1,0.5157232704],"159":[0,0,0,1,0.5125],"160":[0,0,0,1,0.5093167702],"161":[0,0,0,1,0.5061728395],"162":[0,0,0,1,0.5030674847],"163":[0,0,0,1,0.5],"164":[0,0,0,1,0.496969697],"165":[0,0,0,1,0.4939759036],"166":[0,0,0,1,0.497005988],"167":[0,0,0,1,0.5],"168":[0,0,0,1,0.5029585799],"169":[0,0,0,1,0.5058823529],"170":[0,0,0,1,0.5087719298],"171":[0,0,0,1,0.511627907],"172":[0,0,0,1,0.5144508671],"173":[0,0,0,1,0.5172413793],"174":[0,0,0,1,0.52],"175":[0,0,0,1,0.5227272727],"176":[0,0,0,1,0.5254237288],"177":[0,0,0,1,0.5280898876],"178":[0,0,0,1,0.5251396648],"179":[0,0,0,1,0.5222222222]},"1":{"0":null,"1":null,"2":null,"3":null,"4":null,"5":[0,0,0,2,0.1666666667],"6":[0,0,0,2,0.2857142857],"7":[0,0,0,2,0.375],"8":[0,0,0,2,0.4444444444],"9":[0,0,0,2,0.5],"10":[0,0,0,2,0.5454545455],"11":[0,0,0,2,0.5],"12":[0,0,0,2,0.4615384615],"13":[0,0,0,2,0.4285714286],"14":[0,0,0,2,0.4],"15":[0,0,0,2,0.4375],"16":[0,0,0,2,0.4705882353],"17":[0,0,0,2,0.5],"18":[0,0,0,2,0.5263157895],"19":[0,0,0,2,0.55],"20":[0,0,0,2,0.5238095238],"21":[0,0,0,2,0.5],"22":[0,0,0,2,0.4782608696],"23":[0,0,0,2,0.4583333333],"24":[0,0,0,2,0.44],"25":[0,0,0,2,0.4230769231],"26":[0,0,0,2,0.4074074074],"27":[0,0,0,2,0.3928571429],"28":[0,0,0,2,0.3793103448],"29":[0,0,0,2,0.4],"30":[0,0,0,2,0.4193548387],"31":[0,0,0,2,0.4375],"32":[0,0,0,2,0.4545454545],"33":[0,0,0,2,0.4705882353],"34":[0,0,0,2,0.4857142857],"35":[0,0,0,2,0.5],"36":[0,0,0,2,0.5135135135],"37":[0,0,0,2,0.5263157895],"38":[0,0,0,2,0.5384615385],"39":[0,0,0,2,0.55],"40":[0,0,0,2,0.5365853659],"41":[0,0,0,2,0.5238095238],"42":[0,0,0,2,0.511627907],"43":[0,0,0,2,0.5],"44":[0,0,0,2,0.4888888889],"45":[0,0,0,2,0.4782608696],"46":[0,0,0,2,0.4680851064],"47":[0,0,0,2,0.4583333333],"48":[0,0,0,2,0.4489795918],"49":[0,0,0,2,0.44],"50":[0,0,0,2,0.431372549],"51":[0,0,0,2,0.4230769231],"52":[0,0,0,2,0.4150943396],"53":[0,0,0,2,0.4259259259],"54":[0,0,0,2,0.4363636364],"55":[0,0,0,2,0.4464285714],"56":[0,0,0,2,0.4561403509],"57":[0,0,0,2,0.4655172414],"58":[0,0,0,2,0.4745762712],"59":[0,0,0,2,0.4833333333],"60":[0,0,0,2,0.4918032787],"61":[0,0,0,2,0.5],"62":[0,0,0,2,0.5079365079],"63":[0,0,0,2,0.515625],"64":[0,0,0,2,0.5230769231],"65":[0,0,0,2,0.5151515152],"66":[0,0,0,2,0.5074626866],"67":[0,0,0,2,0.5],"68":[0,0,0,2,0.4927536232],"69":[0,0,0,2,0.4857142857],"70":[0,0,0,2,0.4788732394],"71":[0,0,0,2,0.4722222222],"72":[0,0,0,2,0.4657534247],"73":[0,0,0,2,0.4594594595],"74":[0,0,0,2,0.4533333333],"75":[0,0,0,2,0.4473684211],"76":[0,0,0,2,0.4415584416],"77":[0,0,0,2,0.4358974359],"78":[0,0,0,2,0.4430379747],"79":[0,0,0,2,0.45],"80":[0,0,0,2,0.4567901235],"81":[0,0,0,2,0.4634146341],"82":[0,0,0,2,0.4698795181],"83":[0,0,0,2,0.4761904762],"84":[0,0,0,2,0.4823529412],"85":[0,0,0,2,0.488372093],"86":[0,0,0,2,0.4942528736],"87":[0,0,0,2,0.5],"88":[0,0,0,2,0.5056179775],"89":[0,0,0,2,0.5111111111],"90":[0,0,0,2,0.5054945055],"91":[0,0,0,2,0.5],"92":[0,0,0,2,0.4946236559],"93":[0,0,0,2,0.4893617021],"94":[0,0,0,2,0.4842105263],"95":[0,0,0,2,0.4791666667],"96":[0,0,0,2,0.4742268041],"97":[0,0,0,2,0.4693877551],"98":[0,0,0,2,0.4646464646],"99":[0,0,0,2,0.46],"100":[0,0,0,2,0.4554455446],"101":[0,0,0,2,0.4509803922],"102":[0,0,0,2,0.4466019417],"103":[0,0,0,2,0.4519230769],"104":[0,0,0,2,0.4571428571],"105":[0,0,0,2,0.4622641509],"106":[0,0,0,2,0.4672897196],"107":[0,0,0,2,0.4722222222],"108":[0,0,0,2,0.4770642202],"109":[0,0,0,2,0.4818181818],"110":[0,0,0,2,0.4864864865],"111":[0,0,0,2,0.4910714286],"112":[0,0,0,2,0.4955752212],"113":[0,0,0,2,0.5],"114":[0,0,0,2,0.5043478261],"115":[0,0,0,2,0.5],"116":[0,0,0,2,0.4957264957],"117":[0,0,0,2,0.4915254237],"118":[0,0,0,2,0.487394958],"119":[0,0,0,2,0.4833333333],"120":[0,0,0,2,0.479338843],"121":[0,0,0,2,0.4754098361],"122":[0,0,0,2,0.4715447154],