{"0":{"0":[0,0,2,0,1.0],"1":[0,0,2,0,1.0],"2":[0,0,2,0,1.0],"3":[0,0,2,0,1.0],"4":[0,0,2,0,1.0],"5":[0,0,2,0,1.0],"6":[0,0,2,0,1.0],"7":[0,0,1,0,0.125],"8":[0,0,1,0,0.2222222222],"9":[0,0,1,0,0.3],"10":[0,0,1,0,0.3636363636],"11":[0,0,1,0,0.4166666667],"12":[0,0,1,0,0.4615384615],"13":[0,0,1,0,0.5],"14":[0,0,1,0,0.5333333333],"15":[0,0,1,0,0.5625],"16":[0,0,1,0,0.5882352941],"17":[0,0,1,0,0.6111111111],"18":[0,0,1,0,0.6315789474],"19":[0,0,1,0,0.65],"20":[0,0,1,0,0.619047619],"21":[0,0,1,0,0.5909090909],"22":[0,0,1,0,0.5652173913],"23":[0,0,1,0,0.5416666667],"24":[0,0,1,0,0.52],"25":[0,0,1,0,0.5],"26":[0,0,1,0,0.4814814815],"27":[0,0,1,0,0.4642857143],"28":[0,0,1,0,0.4827586207],"29":[0,0,1,0,0.5],"30":[0,0,1,0,0.5161290323],"31":[0,0,1,0,0.53125],"32":[0,0,1,0,0.5454545455],"33":[0,0,1,0,0.5588235294],"34":[0,0,1,0,0.5714285714],"35":[0,0,1,0,0.5833333333],"36":[0,0,1,0,0.5945945946],"37":[0,0,1,0,0.6052631579],"38":[0,0,1,0,0.5897435897],"39":[0,0,1,0,0.575],"40":[0,0,1,0,0.5609756098],"41":[0,0,1,0,0.5476190476],"42":[0,0,1,0,0.5348837209],"43":[0,0,1,0,0.5227272727],"44":[0,0,1,0,0.5111111111],"45":[0,0,1,0,0.5],"46":[0,0,1,0,0.4893617021],"47":[0,0,1,0,0.4791666667],"48":[0,0,1,0,0.4897959184],"49":[0,0,1,0,0.5],"50":[0,0,1,0,0.5098039216],"51":[0,0,1,0,0.5192307692],"52":[0,0,1,0,0.5283018868],"53":[0,0,1,0,0.537037037],"54":[0,0,1,0,0.5454545455],"55":[0,0,1,0,0.5535714286],"56":[0,0,1,0,0.5614035088],"57":[0,0,1,0,0.5689655172],"58":[0,0,1,0,0.5762711864],"59":[0,0,1,0,0.5833333333],"60":[0,0,1,0,0.5901639344],"61":[0,0,1,0,0.5967741935],"62":[0,0,1,0,0.5873015873],"63":[0,0,1,0,0.578125],"64":[0,0,1,0,0.5692307692],"65":[0,0,1,0,0.5606060606],"66":[0,0,1,0,0.552238806],"67":[0,0,1,0,0.5441176471],"68":[0,0,1,0,0.5362318841],"69":[0,0,1,0,0.5285714286],"70":[0,0,1,0,0.5211267606],"71":[0,0,1,0,0.5138888889],"72":[0,0,1,0,0.5068493151],"73":[0,0,1,0,0.5],"74":[0,0,1,0,0.4933333333],"75":[0,0,1,0,0.4868421053],"76":[0,0,1,0,0.4935064935],"77":[0,0,1,0,0.5],"78":[0,0,1,0,0.5063291139],"79":[0,0,1,0,0.5125],"80":[0,0,1,0,0.5185185185],"81":[0,0,1,0,0.5243902439],"82":[0,0,1,0,0.5301204819],"83":[0,0,1,0,0.5357142857],"84":[0,0,1,0,0.5411764706],"85":[0,0,1,0,0.5465116279],"86":[0,0,1,0,0.5517241379],"87":[0,0,1,0,0.5568181818],"88":[0,0,1,0,0.5617977528],"89":[0,0,1,0,0.5666666667],"90":[0,0,1,0,0.5604395604],"91":[0,0,1,0,0.5543478261],"92":[0,0,1,0,0.5483870968],"93":[0,0,1,0,0.5425531915],"94":[0,0,1,0,0.5368421053],"95":[0,0,1,0,0.53125],"96":[0,0,1,0,0.5257731959],"97":[0,0,1,0,0.5204081633],"98":[0,0,1,0,0.5151515152],"99":[0,0,1,0,0.51],"100":[0,0,1,0,0.504950495],"101":[0,0,1,0,0.5],"102":[0,0,1,0,0.4951456311],"103":[0,0,1,0,0.4903846154],"104":[0,0,1,0,0.4952380952],"105":[0,0,1,0,0.5],"106":[0,0,1,0,0.5046728972],"107":[0,0,1,0,0.5092592593],"108":[0,0,1,0,0.5137614679],"109":[0,0,1,0,0.5181818182],"110":[0,0,1,0,0.5225225225],"111":[0,0,1,0,0.5267857143],"112":[0,0,1,0,0.5309734513],"113":[0,0,1,0,0.5350877193],"114":[0,0,1,0,0.5391304348],"115":[0,0,1,0,0.5431034483],"116":[0,0,1,0,0.547008547],"117":[0,0,1,0,0.5508474576],"118":[0,0,1,0,0.5546218487],"119":[0,0,1,0,0.55],"120":[0,0,1,0,0.5454545455],"121":[0,0,1,0,0.5409836066],"122":[0,0,1,0,0.5365853659],"123":[0,0,1,0,0.5322580645],"124":[0,0,1,0,0.528],"125":[0,0,1,0,0.5238095238],"126":[0,0,1,0,0.5196850394],"127":[0,0,1,0,0.515625],"128":[0,0,1,0,0.511627907],"129":[0,0,1,0,0.5076923077],"130":[0,0,1,0,0.5038167939],"131":[0,0,1,0,0.5],"132":[0,0,1,0,0.4962406015],"133":[0,0,1,0,0.5],"134":[0,0,1,0,0.5037037037],"135":[0,0,1,0,0.5073529412],"136":[0,0,1,0,0.5109489051],"137":[0,0,1,0,0.5144927536],"138":[0,0,1,0,0.5179856115],"139":[0,0,1,0,0.5214285714],"140":[0,0,1,0,0.524822695],"141":[0,0,1,0,0.5281690141],"142":[0,0,1,0,0.5314685315],"143":[0,0,1,0,0.5347222222],"144":[0,0,1,0,0.5379310345],"145":[0,0,1,0,0.5410958904],"146":[0,0,1,0,0.5442176871],"147":[0,0,1,0,0.5405405405],"148":[0,0,1,0,0.5369127517],"149":[0,0,1,0,0.5333333333],"150":[0,0,1,0,0.5298013245],"151":[0,0,1,0,0.5263157895],"152":[0,0,1,0,0.522875817],"153":[0,0,1,0,0.5194805195],"154":[0,0,1,0,0.5161290323],"155":[0,0,1,0,0.5128205128],"156":[0,0,1,0,0.5095541401],"157":[0,0,1,0,0.5063291139],"158":[0,0,1,0,0.5031446541],"159":[0,0,1,0,0.5],"160":[0,0,1,0,0.4968944099],"161":[0,0,1,0,0.5],"162":[0,0,1,0,0.5030674847],"163":[0,0,1,0,0.506097561],"164":[0,0,1,0,0.5090909091],"165":[0,0,1,0,0.5120481928],"166":[0,0,1,0,0.5149700599],"167":[0,0,1,0,0.5178571429],"168":[0,0,1,0,0.5207100592],"169":[0,0,1,0,0.5235294118],"170":[0,0,1,0,0.5263157895],"171":[0,0,1,0,0.5290697674],"172":[0,0,1,0,0.5317919075],"173":[0,0,1,0,0.5344827586],"174":[0,0,1,0,0.5371428571],"175":[0,0,1,0,0.5340909091],"176":[0,0,1,0,0.5310734463],"177":[0,0,1,0,0.5280898876],"178":[0,0,1,0,0.5251396648],"179":[0,0,1,0,0.5222222222]},"1":{"0":null,"1":null,"2":null,"3":null,"4":null,"5":null,"6":null,"7":[0,0,2,0,0.875],"8":[0,0,2,0,0.7777777778],"9":[0,0,2,0,0.7],"10":[0,0,2,0,0.6363636364],"11":[0,0,2,0,0.5833333333],"12":[0,0,2,0,0.5384615385],"13":[0,0,2,0,0.5],"14":[0,0,2,0,0.4666666667],"15":[0,0,2,0,0.4375],"16":[0,0,2,0,0.4117647059],"17":[0,0,2,0,0.3888888889],"18":[0,0,2,0,0.3684210526],"19":[0,0,2,0,0.35],"20":[0,0,2,0,0.380952381],"21":[0,0,2,0,0.4090909091],"22":[0,0,2,0,0.4347826087],"23":[0,0,2,0,0.4583333333],"24":[0,0,2,0,0.48],"25":[0,0,2,0,0.5],"26":[0,0,2,0,0.4814814815],"27":[0,0,2,0,0.4642857143],"28":[0,0,2,0,0.4482758621],"29":[0,0,2,0,0.4333333333],"30":[0,0,2,0,0.4193548387],"31":[0,0,2,0,0.40625],"32":[0,0,2,0,0.3939393939],"33":[0,0,2,0,0.3823529412],"34":[0,0,2,0,0.3714285714],"35":[0,0,2,0,0.3611111111],"36":[0,0,2,0,0.3513513514],"37":[0,0,2,0,0.3421052632],"38":[0,0,2,0,0.358974359],"39":[0,0,2,0,0.35],"40":[0,0,2,0,0.3414634146],"41":[0,0,2,0,0.3571428571],"42":[0,0,2,0,0.3720930233],"43":[0,0,2,0,0.3863636364],"44":[0,0,2,0,0.4],"45":[0,0,2,0,0.4130434783],"46":[0,0,2,0,0.4255319149],"47":[0,0,2,0,0.4375],"48":[0,0,2,0,0.4285714286],"49":[0,0,2,0,0.42],"50":[0,0,2,0,0.4117647059],"51":[0,0,2,0,0.4038461538],"52":[0,0,2,0,0.3962264151],"53":[0,0,2,0,0.3888888889],"54":[0,0,2,0,0.3818181818],"55":[0,0,2,0,0.375],"56":[0,0,2,0,0.3684210526],"57":[0,0,2,0,0.3620689655],"58":[0,0,2,0,0.3559322034],"59":[0,0,2,0,0.35],"60":[0,0,2,0,0.3442622951],"61":[0,0,2,0,0.3387096774],"62":[0,0,2,0,0.3492063492],"63":[0,0,2,0,0.359375],"64":[0,0,2,0,0.3692307692],"65":[0,0,2,0,0.3787878788],"66":[0,0,2,0,0.3880597015],"67":[0,0,2,0,0.3970588235],"68":[0,0,2,0,0.4057971014],"69":[0,0,2,0,0.4142857143],"70":[0,0,2,0,0.4225352113],"71":[0,0,2,0,0.4305555556],"72":[0,0,2,0,0.4383561644],"73":[0,0,2,0,0.4459459459],"74":[0,0,2,0,0.4533333333],"75":[0,0,2,0,0.4605263158],"76":[0,0,2,0,0.4545454545],"77":[0,0,2,0,0.4487179487],"78":[0,0,2,0,0.4430379747],"79":[0,0,2,0,0.4375],"80":[0,0,2,0,0.4320987654],"81":[0,0,2,0,0.4268292683],"82":[0,0,2,0,0.421686747],"83":[0,0,2,0,0.4166666667],"84":[0,0,2,0,0.4117647059],"85":[0,0,2,0,0.4069767442],"86":[0,0,2,0,0.4022988506],"87":[0,0,2,0,0.3977272727],"88":[0,0,2,0,0.393258427],"89":[0,0,2,0,0.3888888889],"90":[0,0,2,0,0.3956043956],"91":[0,0,2,0,0.402173913],"92":[0,0,2,0,0.4086021505],"93":[0,0,2,0,0.414893617],"94":[0,0,2,0,0.4210526316],"95":[0,0,2,0,0.4270833333],"96":[0,0,2,0,0.4329896907],"97":[0,0,2,0,0.4387755102],"98":[0,0,2,0,0.4444444444],"99":[0,0,2,0,0.45],"100":[0,0,2,0,0.4554455446],"101":[0,0,2,0,0.4607843137],"102":[0,0,2,0,0.4660194175],"103":[0,0,2,0,0.4711538462],"104":[0,0,2,0,0.4666666667],"105":[0,0,2,0,0.4622641509],"106":[0,0,2,0,0.4579439252],"107":[0,0,2,0,0.4537037037],"108":[0,0,2,0,0.4495412844],"109":[0,0,2,0,0.4454545455],"110":[0,0,2,0,0.4414414414],"111":[0,0,2,0,0.4375],"112":[0,0,2,0,0.4336283186],"113":[0,0,2,0,0.4298245614],"114":[0,0,2,0,0.4260869565],"115":[0,0,2,0,0.4224137931],"116":[0,0,2,0,0.4188034188],"117":[0,0,2,0,0.4152542373],"118":[0,0,2,0,0.4117647059],"119":[0,0,2,0,0.4166666667],"120":[0,0,2,0,0.4214876033],