{"S1_pitch":{"correlation":-0.2799475833,"p-value":0.0090036595},"S1_yaw":{"correlation":0.209032181,"p-value":0.0511435426},"S1_roll":{"correlation":-0.1181486241,"p-value":0.2703189106},"S1_surge":{"correlation":-0.052712463,"p-value":0.6228550296},"S1_heave":{"correlation":null,"p-value":null},"S1_sway":{"correlation":-0.0448972539,"p-value":0.6752950248},"S2_pitch":{"correlation":0.1706328111,"p-value":0.1070925184},"S2_yaw":{"correlation":-0.2492238838,"p-value":0.0181357619},"S2_roll":{"correlation":0.3717155353,"p-value":0.0003477731},"S2_surge":{"correlation":0.0660253734,"p-value":0.5378828209},"S2_heave":{"correlation":null,"p-value":null},"S2_sway":{"correlation":0.072114132,"p-value":0.5010580359},"S3_pitch":{"correlation":0.2535374339,"p-value":0.018005351},"S3_yaw":{"correlation":0.2614604787,"p-value":0.0147104445},"S3_roll":{"correlation":-0.2199382079,"p-value":0.0401670595},"S3_surge":{"correlation":-0.0648529168,"p-value":0.5378757269},"S3_heave":{"correlation":null,"p-value":null},"S3_sway":{"correlation":-0.4227554337,"p-value":0.0000800286},"S4":{"correlation":0.293312347,"p-value":0.0000011638},"S5":{"correlation":0.0099212726,"p-value":0.8712113869},"S6":{"correlation":-0.1610876116,"p-value":0.0079957656}}