{"motion vector":{"0":[0,0,0,0,1,0],"1":[0,0,0,0,1,0],"2":[0,0,0,0,1,0],"3":[0,0,0,0,1,0],"4":[0,0,0,0,1,0],"5":[0,0,0,0,1,0],"6":[0,0,0,0,2,0],"7":[0,0,0,0,2,0],"8":[0,0,0,0,2,0],"9":[0,0,0,0,2,0],"10":[0,0,0,0,2,0],"11":[0,0,0,0,2,0],"12":[0,0,0,0,2,0],"13":[0,0,0,0,2,0],"14":[0,0,0,0,2,0],"15":[0,0,0,0,2,0],"16":[0,0,0,0,2,0],"17":[0,0,0,0,1,0],"18":[0,0,0,0,1,0],"19":[0,0,0,0,1,0],"20":[0,0,0,0,1,0],"21":[0,0,0,0,1,0],"22":[0,0,0,0,1,0],"23":[0,0,0,0,1,0],"24":[0,0,0,0,1,0],"25":[0,0,0,0,1,0],"26":[0,0,0,0,1,0],"27":[0,0,0,0,1,0],"28":[0,0,0,0,0,0],"29":[0,0,0,0,2,0]},"probability":{"0":0.5666666667,"1":0.5666666667,"2":0.5666666667,"3":0.5666666667,"4":0.5666666667,"5":0.5666666667,"6":0.4,"7":0.4,"8":0.4,"9":0.4,"10":0.4,"11":0.4,"12":0.4,"13":0.4,"14":0.4,"15":0.4,"16":0.4,"17":0.5666666667,"18":0.5666666667,"19":0.5666666667,"20":0.5666666667,"21":0.5666666667,"22":0.5666666667,"23":0.5666666667,"24":0.5666666667,"25":0.5666666667,"26":0.5666666667,"27":0.5666666667,"28":0.0333333333,"29":0.4}}