{"motion vector":{"0":[2,0,0,0,0,0],"1":[2,0,0,0,0,0],"2":[2,0,0,0,0,0],"3":[2,0,0,0,0,0],"4":[2,0,0,0,0,0],"5":[2,0,0,0,0,0],"6":[2,0,0,0,0,0],"7":[0,0,0,0,0,0],"8":[1,0,0,0,0,0],"9":[1,0,0,0,0,0],"10":[1,0,0,0,0,0],"11":[1,0,0,0,0,0],"12":[1,0,0,0,0,0],"13":[1,0,0,0,0,0],"14":[1,0,0,0,0,0],"15":[1,0,0,0,0,0],"16":[1,0,0,0,0,0],"17":[1,0,0,0,0,0],"18":[1,0,0,0,0,0],"19":[1,0,0,0,0,0],"20":[1,0,0,0,0,0],"21":[1,0,0,0,0,0],"22":[0,0,0,0,0,0],"23":[2,0,0,0,0,0],"24":[2,0,0,0,0,0],"25":[2,0,0,0,0,0],"26":[2,0,0,0,0,0],"27":[2,0,0,0,0,0],"28":[2,0,0,0,0,0],"29":[2,0,0,0,0,0],"30":[2,0,0,0,0,0],"31":[2,0,0,0,0,0],"32":[2,0,0,0,0,0],"33":[2,0,0,0,0,0],"34":[2,0,0,0,0,0],"35":[2,0,0,0,0,0],"36":[2,0,0,0,0,0],"37":[0,0,0,0,0,0],"38":[1,0,0,0,0,0],"39":[1,0,0,0,0,0],"40":[1,0,0,0,0,0],"41":[1,0,0,0,0,0],"42":[1,0,0,0,0,0],"43":[1,0,0,0,0,0],"44":[1,0,0,0,0,0],"45":[1,0,0,0,0,0],"46":[1,0,0,0,0,0],"47":[1,0,0,0,0,0],"48":[1,0,0,0,0,0],"49":[1,0,0,0,0,0],"50":[1,0,0,0,0,0],"51":[1,0,0,0,0,0],"52":[0,0,0,0,0,0],"53":[2,0,0,0,0,0],"54":[2,0,0,0,0,0],"55":[2,0,0,0,0,0],"56":[2,0,0,0,0,0],"57":[2,0,0,0,0,0],"58":[2,0,0,0,0,0],"59":[2,0,0,0,0,0]},"probability":{"0":0.4666666667,"1":0.4666666667,"2":0.4666666667,"3":0.4666666667,"4":0.4666666667,"5":0.4666666667,"6":0.4666666667,"7":0.0666666667,"8":0.4666666667,"9":0.4666666667,"10":0.4666666667,"11":0.4666666667,"12":0.4666666667,"13":0.4666666667,"14":0.4666666667,"15":0.4666666667,"16":0.4666666667,"17":0.4666666667,"18":0.4666666667,"19":0.4666666667,"20":0.4666666667,"21":0.4666666667,"22":0.0666666667,"23":0.4666666667,"24":0.4666666667,"25":0.4666666667,"26":0.4666666667,"27":0.4666666667,"28":0.4666666667,"29":0.4666666667,"30":0.4666666667,"31":0.4666666667,"32":0.4666666667,"33":0.4666666667,"34":0.4666666667,"35":0.4666666667,"36":0.4666666667,"37":0.0666666667,"38":0.4666666667,"39":0.4666666667,"40":0.4666666667,"41":0.4666666667,"42":0.4666666667,"43":0.4666666667,"44":0.4666666667,"45":0.4666666667,"46":0.4666666667,"47":0.4666666667,"48":0.4666666667,"49":0.4666666667,"50":0.4666666667,"51":0.4666666667,"52":0.0666666667,"53":0.4666666667,"54":0.4666666667,"55":0.4666666667,"56":0.4666666667,"57":0.4666666667,"58":0.4666666667,"59":0.4666666667}}