{"motion vector":{"0":[0,0,0,0,0,1],"1":[0,0,0,0,0,1],"2":[0,0,0,0,0,1],"3":[0,0,0,0,0,1],"4":[0,0,0,0,0,1],"5":[0,0,0,0,0,1],"6":[0,0,0,0,0,1],"7":[0,0,0,0,0,1],"8":[0,0,0,0,0,1],"9":[0,0,0,0,0,1],"10":[0,0,0,0,0,1],"11":[0,0,0,0,0,1],"12":[0,0,0,0,0,1],"13":[0,0,0,0,0,1],"14":[0,0,0,0,0,1],"15":[0,0,0,0,0,1],"16":[0,0,0,0,0,1],"17":[0,0,0,0,0,1],"18":[0,0,0,0,0,1],"19":[0,0,0,0,0,2],"20":[0,0,0,0,0,2],"21":[0,0,0,0,0,2],"22":[0,0,0,0,0,2],"23":[0,0,0,0,0,2],"24":[0,0,0,0,0,2],"25":[0,0,0,0,0,2],"26":[0,0,0,0,0,2],"27":[0,0,0,0,0,2],"28":[0,0,0,0,0,2],"29":[0,0,0,0,0,2],"30":[0,0,0,0,0,2],"31":[0,0,0,0,0,2],"32":[0,0,0,0,0,2],"33":[0,0,0,0,0,2],"34":[0,0,0,0,0,2],"35":[0,0,0,0,0,2],"36":[0,0,0,0,0,2],"37":[0,0,0,0,0,2],"38":[0,0,0,0,0,2],"39":[0,0,0,0,0,2],"40":[0,0,0,0,0,2],"41":[0,0,0,0,0,2],"42":[0,0,0,0,0,2],"43":[0,0,0,0,0,2],"44":[0,0,0,0,0,2],"45":[0,0,0,0,0,2],"46":[0,0,0,0,0,2],"47":[0,0,0,0,0,2],"48":[0,0,0,0,0,1],"49":[0,0,0,0,0,1],"50":[0,0,0,0,0,1],"51":[0,0,0,0,0,1],"52":[0,0,0,0,0,1],"53":[0,0,0,0,0,1],"54":[0,0,0,0,0,1],"55":[0,0,0,0,0,1],"56":[0,0,0,0,0,1],"57":[0,0,0,0,0,1],"58":[0,0,0,0,0,1],"59":[0,0,0,0,0,1]},"probability":{"0":0.5166666667,"1":0.5166666667,"2":0.5166666667,"3":0.5166666667,"4":0.5166666667,"5":0.5166666667,"6":0.5166666667,"7":0.5166666667,"8":0.5166666667,"9":0.5166666667,"10":0.5166666667,"11":0.5166666667,"12":0.5166666667,"13":0.5166666667,"14":0.5166666667,"15":0.5166666667,"16":0.5166666667,"17":0.5166666667,"18":0.5166666667,"19":0.4833333333,"20":0.4833333333,"21":0.4833333333,"22":0.4833333333,"23":0.4833333333,"24":0.4833333333,"25":0.4833333333,"26":0.4833333333,"27":0.4833333333,"28":0.4833333333,"29":0.4833333333,"30":0.4833333333,"31":0.4833333333,"32":0.4833333333,"33":0.4833333333,"34":0.4833333333,"35":0.4833333333,"36":0.4833333333,"37":0.4833333333,"38":0.4833333333,"39":0.4833333333,"40":0.4833333333,"41":0.4833333333,"42":0.4833333333,"43":0.4833333333,"44":0.4833333333,"45":0.4833333333,"46":0.4833333333,"47":0.4833333333,"48":0.5166666667,"49":0.5166666667,"50":0.5166666667,"51":0.5166666667,"52":0.5166666667,"53":0.5166666667,"54":0.5166666667,"55":0.5166666667,"56":0.5166666667,"57":0.5166666667,"58":0.5166666667,"59":0.5166666667}}