{"motion vector":{"0":[0,0,0,0,0,0],"1":[0,0,0,0,0,0],"2":[0,0,0,0,0,0],"3":[0,0,0,0,1,0],"4":[0,0,0,0,1,0],"5":[0,0,0,0,1,0],"6":[0,0,0,0,1,0],"7":[0,0,0,0,1,0],"8":[0,0,0,0,1,0],"9":[0,0,0,0,2,0],"10":[0,0,0,0,2,0],"11":[0,0,0,0,4,0],"12":[0,0,0,0,4,0],"13":[0,0,0,0,4,0],"14":[0,0,0,0,4,0],"15":[0,0,0,0,1,0],"16":[0,0,0,0,3,0],"17":[0,0,0,0,1,0],"18":[0,0,0,0,1,0],"19":[0,0,0,0,1,0],"20":[0,0,0,0,1,0],"21":[0,0,0,0,1,0],"22":[0,0,0,0,0,0],"23":[0,0,0,0,0,0],"24":[0,0,0,0,0,0],"25":[0,0,0,0,0,0],"26":[0,0,0,0,0,0],"27":[0,0,0,0,1,0],"28":[0,0,0,0,0,0],"29":[0,0,0,0,2,0]},"probability":{"0":0.3,"1":0.3,"2":0.3,"3":0.4333333333,"4":0.4333333333,"5":0.4333333333,"6":0.4333333333,"7":0.4333333333,"8":0.4333333333,"9":0.1,"10":0.1,"11":0.1333333333,"12":0.1333333333,"13":0.1333333333,"14":0.1333333333,"15":0.4333333333,"16":0.0333333333,"17":0.4333333333,"18":0.4333333333,"19":0.4333333333,"20":0.4333333333,"21":0.4333333333,"22":0.3,"23":0.3,"24":0.3,"25":0.3,"26":0.3,"27":0.4333333333,"28":0.3,"29":0.1}}