{"motion vector":{"0":[0,0,0,0,0,0],"1":[0,0,0,0,0,0],"2":[0,0,0,0,0,0],"3":[0,0,0,0,0,1],"4":[0,0,0,0,0,1],"5":[0,0,0,0,0,1],"6":[0,0,0,0,0,1],"7":[0,0,0,0,0,1],"8":[0,0,0,0,0,1],"9":[0,0,0,0,0,1],"10":[0,0,0,0,0,1],"11":[0,0,0,0,0,3],"12":[0,0,0,0,0,3],"13":[0,0,0,0,0,3],"14":[0,0,0,0,0,3],"15":[0,0,0,0,0,3],"16":[0,0,0,0,0,1],"17":[0,0,0,0,0,1],"18":[0,0,0,0,0,1],"19":[0,0,0,0,0,1],"20":[0,0,0,0,0,1],"21":[0,0,0,0,0,1],"22":[0,0,0,0,0,1],"23":[0,0,0,0,0,0],"24":[0,0,0,0,0,0],"25":[0,0,0,0,0,0],"26":[0,0,0,0,0,0],"27":[0,0,0,0,0,2],"28":[0,0,0,0,0,2],"29":[0,0,0,0,0,2],"30":[0,0,0,0,0,2],"31":[0,0,0,0,0,2],"32":[0,0,0,0,0,2],"33":[0,0,0,0,0,2],"34":[0,0,0,0,0,4],"35":[0,0,0,0,0,4],"36":[0,0,0,0,0,4],"37":[0,0,0,0,0,4],"38":[0,0,0,0,0,4],"39":[0,0,0,0,0,2],"40":[0,0,0,0,0,2],"41":[0,0,0,0,0,2],"42":[0,0,0,0,0,2],"43":[0,0,0,0,0,2],"44":[0,0,0,0,0,2],"45":[0,0,0,0,0,2],"46":[0,0,0,0,0,0],"47":[0,0,0,0,0,0],"48":[0,0,0,0,0,0],"49":[0,0,0,0,0,0],"50":[0,0,0,0,0,0],"51":[0,0,0,0,0,0],"52":[0,0,0,0,0,1],"53":[0,0,0,0,0,1],"54":[0,0,0,0,0,1],"55":[0,0,0,0,0,1],"56":[0,0,0,0,0,1],"57":[0,0,0,0,0,1],"58":[0,0,0,0,0,1],"59":[0,0,0,0,0,1]},"probability":{"0":0.2166666667,"1":0.2166666667,"2":0.2166666667,"3":0.3833333333,"4":0.3833333333,"5":0.3833333333,"6":0.3833333333,"7":0.3833333333,"8":0.3833333333,"9":0.3833333333,"10":0.3833333333,"11":0.0833333333,"12":0.0833333333,"13":0.0833333333,"14":0.0833333333,"15":0.0833333333,"16":0.3833333333,"17":0.3833333333,"18":0.3833333333,"19":0.3833333333,"20":0.3833333333,"21":0.3833333333,"22":0.3833333333,"23":0.2166666667,"24":0.2166666667,"25":0.2166666667,"26":0.2166666667,"27":0.2333333333,"28":0.2333333333,"29":0.2333333333,"30":0.2333333333,"31":0.2333333333,"32":0.2333333333,"33":0.2333333333,"34":0.0833333333,"35":0.0833333333,"36":0.0833333333,"37":0.0833333333,"38":0.0833333333,"39":0.2333333333,"40":0.2333333333,"41":0.2333333333,"42":0.2333333333,"43":0.2333333333,"44":0.2333333333,"45":0.2333333333,"46":0.2166666667,"47":0.2166666667,"48":0.2166666667,"49":0.2166666667,"50":0.2166666667,"51":0.2166666667,"52":0.3833333333,"53":0.3833333333,"54":0.3833333333,"55":0.3833333333,"56":0.3833333333,"57":0.3833333333,"58":0.3833333333,"59":0.3833333333}}