{"motion vector":{"0":[0,0,0,0,1,0],"1":[0,0,0,0,1,0],"2":[0,0,0,0,1,0],"3":[0,0,0,0,1,0],"4":[0,0,0,0,1,0],"5":[0,0,0,0,4,0],"6":[0,0,0,0,4,0],"7":[0,0,0,0,4,0],"8":[0,0,0,0,4,0],"9":[0,0,0,0,4,0],"10":[0,0,0,0,2,0],"11":[0,0,0,0,3,0],"12":[0,0,0,0,3,0],"13":[0,0,0,0,3,0],"14":[0,0,0,0,3,0],"15":[0,0,0,0,4,0],"16":[0,0,0,0,4,0],"17":[0,0,0,0,4,0],"18":[0,0,0,0,4,0],"19":[0,0,0,0,2,0],"20":[0,0,0,0,3,0],"21":[0,0,0,0,1,0],"22":[0,0,0,0,1,0],"23":[0,0,0,0,1,0],"24":[0,0,0,0,1,0],"25":[0,0,0,0,1,0],"26":[0,0,0,0,1,0],"27":[0,0,0,0,1,0],"28":[0,0,0,0,0,0],"29":[0,0,0,0,4,0]},"probability":{"0":0.4,"1":0.4,"2":0.4,"3":0.4,"4":0.4,"5":0.3333333333,"6":0.3333333333,"7":0.3333333333,"8":0.3333333333,"9":0.3333333333,"10":0.0666666667,"11":0.1666666667,"12":0.1666666667,"13":0.1666666667,"14":0.1666666667,"15":0.3333333333,"16":0.3333333333,"17":0.3333333333,"18":0.3333333333,"19":0.0666666667,"20":0.1666666667,"21":0.4,"22":0.4,"23":0.4,"24":0.4,"25":0.4,"26":0.4,"27":0.4,"28":0.0333333333,"29":0.3333333333}}