{"motion vector":{"0":[0,0,2,0,0,0],"1":[0,0,2,0,0,0],"2":[0,0,2,0,0,0],"3":[0,0,2,0,0,0],"4":[0,0,2,0,0,0],"5":[0,0,2,0,0,0],"6":[0,0,2,0,0,0],"7":[0,0,1,0,0,0],"8":[0,0,1,0,0,0],"9":[0,0,1,0,0,0],"10":[0,0,1,0,0,0],"11":[0,0,1,0,0,0],"12":[0,0,1,0,0,0],"13":[0,0,1,0,0,0],"14":[0,0,1,0,0,0],"15":[0,0,1,0,0,0],"16":[0,0,1,0,0,0],"17":[0,0,1,0,0,0],"18":[0,0,1,0,0,0],"19":[0,0,1,0,0,0],"20":[0,0,2,0,0,0],"21":[0,0,2,0,0,0],"22":[0,0,2,0,0,0],"23":[0,0,2,0,0,0],"24":[0,0,2,0,0,0],"25":[0,0,2,0,0,0],"26":[0,0,2,0,0,0],"27":[0,0,2,0,0,0],"28":[0,0,1,0,0,0],"29":[0,0,1,0,0,0],"30":[0,0,1,0,0,0],"31":[0,0,1,0,0,0],"32":[0,0,1,0,0,0],"33":[0,0,1,0,0,0],"34":[0,0,1,0,0,0],"35":[0,0,1,0,0,0],"36":[0,0,1,0,0,0],"37":[0,0,0,0,0,0],"38":[0,0,2,0,0,0],"39":[0,0,2,0,0,0],"40":[0,0,2,0,0,0],"41":[0,0,2,0,0,0],"42":[0,0,2,0,0,0],"43":[0,0,2,0,0,0],"44":[0,0,2,0,0,0],"45":[0,0,2,0,0,0],"46":[0,0,2,0,0,0],"47":[0,0,0,0,0,0],"48":[0,0,1,0,0,0],"49":[0,0,1,0,0,0],"50":[0,0,1,0,0,0],"51":[0,0,1,0,0,0],"52":[0,0,1,0,0,0],"53":[0,0,1,0,0,0],"54":[0,0,1,0,0,0],"55":[0,0,1,0,0,0],"56":[0,0,1,0,0,0],"57":[0,0,1,0,0,0],"58":[0,0,1,0,0,0],"59":[0,0,1,0,0,0]},"probability":{"0":0.4,"1":0.4,"2":0.4,"3":0.4,"4":0.4,"5":0.4,"6":0.4,"7":0.5666666667,"8":0.5666666667,"9":0.5666666667,"10":0.5666666667,"11":0.5666666667,"12":0.5666666667,"13":0.5666666667,"14":0.5666666667,"15":0.5666666667,"16":0.5666666667,"17":0.5666666667,"18":0.5666666667,"19":0.5666666667,"20":0.4,"21":0.4,"22":0.4,"23":0.4,"24":0.4,"25":0.4,"26":0.4,"27":0.4,"28":0.5666666667,"29":0.5666666667,"30":0.5666666667,"31":0.5666666667,"32":0.5666666667,"33":0.5666666667,"34":0.5666666667,"35":0.5666666667,"36":0.5666666667,"37":0.0333333333,"38":0.4,"39":0.4,"40":0.4,"41":0.4,"42":0.4,"43":0.4,"44":0.4,"45":0.4,"46":0.4,"47":0.0333333333,"48":0.5666666667,"49":0.5666666667,"50":0.5666666667,"51":0.5666666667,"52":0.5666666667,"53":0.5666666667,"54":0.5666666667,"55":0.5666666667,"56":0.5666666667,"57":0.5666666667,"58":0.5666666667,"59":0.5666666667}}