{"motion vector":{"0":[0,0,0,0,0,0],"1":[0,0,0,0,0,0],"2":[0,0,0,0,0,0],"3":[0,0,0,0,0,1],"4":[0,0,0,0,0,1],"5":[0,0,0,0,0,1],"6":[0,0,0,0,0,1],"7":[0,0,0,0,0,1],"8":[0,0,0,0,0,1],"9":[0,0,0,0,0,1],"10":[0,0,0,0,0,1],"11":[0,0,0,0,0,3],"12":[0,0,0,0,0,3],"13":[0,0,0,0,0,3],"14":[0,0,0,0,0,3],"15":[0,0,0,0,0,3],"16":[0,0,0,0,0,1],"17":[0,0,0,0,0,1],"18":[0,0,0,0,0,1],"19":[0,0,0,0,0,1],"20":[0,0,0,0,0,1],"21":[0,0,0,0,0,1],"22":[0,0,0,0,0,1],"23":[0,0,0,0,0,0],"24":[0,0,0,0,0,0],"25":[0,0,0,0,0,0],"26":[0,0,0,0,0,0],"27":[0,0,0,0,0,2],"28":[0,0,0,0,0,2],"29":[0,0,0,0,0,2],"30":[0,0,0,0,0,2],"31":[0,0,0,0,0,2],"32":[0,0,0,0,0,2],"33":[0,0,0,0,0,2],"34":[0,0,0,0,0,2],"35":[0,0,0,0,0,2],"36":[0,0,0,0,0,2],"37":[0,0,0,0,0,2],"38":[0,0,0,0,0,2],"39":[0,0,0,0,0,2],"40":[0,0,0,0,0,2],"41":[0,0,0,0,0,2],"42":[0,0,0,0,0,2],"43":[0,0,0,0,0,2],"44":[0,0,0,0,0,2],"45":[0,0,0,0,0,2],"46":[0,0,0,0,0,2],"47":[0,0,0,0,0,2],"48":[0,0,0,0,0,2],"49":[0,0,0,0,0,2],"50":[0,0,0,0,0,2],"51":[0,0,0,0,0,2],"52":[0,0,0,0,0,2],"53":[0,0,0,0,0,2],"54":[0,0,0,0,0,2],"55":[0,0,0,0,0,2],"56":[0,0,0,0,0,2],"57":[0,0,0,0,0,2],"58":[0,0,0,0,0,2],"59":[0,0,0,0,0,2]},"probability":{"0":0.1166666667,"1":0.1166666667,"2":0.1166666667,"3":0.25,"4":0.25,"5":0.25,"6":0.25,"7":0.25,"8":0.25,"9":0.25,"10":0.25,"11":0.0833333333,"12":0.0833333333,"13":0.0833333333,"14":0.0833333333,"15":0.0833333333,"16":0.25,"17":0.25,"18":0.25,"19":0.25,"20":0.25,"21":0.25,"22":0.25,"23":0.1166666667,"24":0.1166666667,"25":0.1166666667,"26":0.1166666667,"27":0.55,"28":0.55,"29":0.55,"30":0.55,"31":0.55,"32":0.55,"33":0.55,"34":0.55,"35":0.55,"36":0.55,"37":0.55,"38":0.55,"39":0.55,"40":0.55,"41":0.55,"42":0.55,"43":0.55,"44":0.55,"45":0.55,"46":0.55,"47":0.55,"48":0.55,"49":0.55,"50":0.55,"51":0.55,"52":0.55,"53":0.55,"54":0.55,"55":0.55,"56":0.55,"57":0.55,"58":0.55,"59":0.55}}