{"0":{"0":209756.1820990824,"1":224499.0261946869,"2":221377.1342069235,"3":211134.1343938531,"4":216165.8102872811,"5":215484.6933449028,"6":205232.2912005007,"7":215743.4584006932,"8":216892.2851214505,"9":203133.1848865201,"10":207900.1755994757,"11":184238.191783213,"12":193929.4395333068,"13":191372.2510457976,"14":167772.9528176474,"15":172984.2603858292,"16":194290.8031572113,"17":223496.0456824101,"18":207309.3193507845,"19":221598.1683352655,"20":228424.0790460052,"21":224281.502005168,"22":228286.6693123374,"23":219229.8573911838,"24":249490.865279731,"25":182229.6388559647,"26":210200.9522358636,"27":212523.7837855036,"28":212784.0463167509,"29":213884.169506973,"30":199742.804721054,"31":203119.5276485181,"32":203565.9979084636,"33":196627.6417042601,"34":182809.3836244869,"35":176001.2218014302,"36":175398.7929831109,"37":197024.8460084697,"38":185276.6320233817,"39":187115.7980032011,"40":202852.3898852878,"41":203651.7684275758,"42":195655.9156463758,"43":208846.9499990409,"44":206690.9450870129,"45":198197.6164629822,"46":213312.5974385714,"47":219144.2704447189,"48":217814.3684008676,"49":208606.3752541456,"50":216440.666398548,"51":209482.8603773685,"52":215647.8402208961,"53":213654.9137543959,"54":206358.9016602625,"55":213675.7313921355,"56":213987.0149911641,"57":203014.2792893613,"58":215059.1499620894,"59":212267.6785153126}}