{"0":{"0":217896.1949121256,"1":195878.5024578833,"2":194052.1761128531,"3":214693.8261526702,"4":233969.0262650463,"5":250281.8601390773,"6":249516.4230228315,"7":252954.454971291,"8":257149.4010407494,"9":251818.5382192483,"10":260918.9373927116,"11":255802.4033773438,"12":239803.0436855942,"13":237680.1423589645,"14":236119.9983520242,"15":233545.1748125825,"16":219453.38032862,"17":170865.8363505812,"18":159204.5138461864,"19":130604.0109779629,"20":124594.2434133416,"21":214391.4785216183,"22":130669.3899948905,"23":130947.9634823985,"24":132332.8294061739,"25":134409.3802062242,"26":101678.9053394437,"27":123353.2316587116,"28":110615.5524458919,"29":112040.3250252171,"30":110661.1772170784,"31":120535.4574460513,"32":115191.5341950415,"33":116577.5570484477,"34":124296.1868840557,"35":120346.9554474027,"36":124562.9291442705,"37":121234.4506824397,"38":121125.3111687109,"39":132465.9307063058,"40":152134.0951647814,"41":156198.7730396034,"42":174282.6878602956,"43":182929.3422374642,"44":230096.3735738997,"45":234408.9356355906,"46":235550.67073668,"47":247809.1634123133,"48":264131.2792245981,"49":256297.7327682998,"50":256552.7617125446,"51":247211.2567345602,"52":245635.3951193924,"53":246066.7632107313,"54":241933.3563639834,"55":244875.8381207293,"56":213497.7993803821,"57":199614.1631256217,"58":191813.4312099038,"59":213311.8684721346}}