{"0":{"0":161549.7931414362,"1":159375.8363331204,"2":159503.7262205627,"3":159568.8001741501,"4":160286.0840739599,"5":158753.778755616,"6":161267.6833577791,"7":162138.8730412629,"8":162602.9277671435,"9":162340.1678065971,"10":162369.5684946296,"11":160440.337833954,"12":163914.5153691117,"13":161941.0646708845,"14":161899.0828714911,"15":161184.8279656248,"16":160082.3935806234,"17":155431.4156878944,"18":151090.7517251973,"19":147823.6060629734,"20":142505.2186241901,"21":139619.0777792856,"22":137245.2546447861,"23":136063.1450612176,"24":137346.7514036418,"25":134083.1957489415,"26":130054.0927809588,"27":164521.9563501531,"28":161987.9859189226,"29":159764.9106605133,"30":159474.6930586025,"31":154189.3889026678,"32":151059.5499555819,"33":149045.6336561508,"34":146089.7126640902,"35":139892.3871121032,"36":137249.0607724984,"37":165503.4351994126,"38":128968.2217678903,"39":130048.9157956889,"40":131968.7621388942,"41":145422.7049307688,"42":161656.6124580632,"43":159089.5946648381,"44":159809.3255972127,"45":160616.4817088502,"46":159876.5594410745,"47":163196.7304367224,"48":162476.1213350255,"49":161267.522269059,"50":161449.0515997773,"51":162124.3737262426,"52":162784.851002985,"53":161668.4595038259,"54":163549.6206783306,"55":161323.0054866083,"56":161716.1146665358,"57":161502.9696617949,"58":160850.104771558,"59":160268.2700271363}}