{"0":{"0":203105.7136164798,"1":209416.7944040274,"2":204753.7388931792,"3":193833.5942342357,"4":198884.2911636546,"5":200890.2460764007,"6":191126.4868541355,"7":198391.049215958,"8":200502.4587606628,"9":188494.9057752975,"10":197958.515470903,"11":174496.8970266707,"12":178932.6324579439,"13":177052.1822435716,"14":162720.3846766053,"15":167814.6502967793,"16":180588.1092997859,"17":193024.008706136,"18":192531.913558164,"19":197311.1478296306,"20":208215.3615899354,"21":200274.9194743772,"22":207012.2690406098,"23":195486.3554359041,"24":237905.2626304988,"25":196574.4321148169,"26":239380.413474252,"27":243354.1417092234,"28":240317.6890889313,"29":240991.9382277983,"30":231823.17636551,"31":225944.250912433,"32":226284.2261217473,"33":214566.3980595515,"34":231382.4029222344,"35":222704.4616589291,"36":214726.1699176481,"37":227629.852148478,"38":227087.5667607918,"39":220701.9642536791,"40":223644.3671529545,"41":212221.4446323313,"42":203598.3488765667,"43":217290.9162758452,"44":219905.3576656791,"45":197888.684303919,"46":222497.5961471265,"47":224413.5288009529,"48":206273.0129354,"49":218265.132041814,"50":215195.726302618,"51":202188.0233839798,"52":201490.4289097615,"53":205426.6180079602,"54":182349.1564147257,"55":192308.0480135443,"56":188108.7226360757,"57":175973.1098476934,"58":176838.5501631136,"59":180841.2352753419}}