{"0":{"0":183995.4848546121,"1":183043.6750039975,"2":179784.339178214,"3":167624.1003650093,"4":180014.0992450745,"5":174904.105531295,"6":174668.6843926121,"7":166170.920137719,"8":174667.5063822867,"9":167227.4146900905,"10":179629.9033230098,"11":173312.5630621671,"12":198188.240353926,"13":172357.8917673397,"14":180032.8801894587,"15":164090.0698808824,"16":175269.729771504,"17":169239.5365758761,"18":168139.5636322495,"19":174178.5209705526,"20":181570.0615813992,"21":166506.6195977252,"22":174600.0086168979,"23":176148.5515039664,"24":182002.9533020216,"25":185258.4899686461,"26":174536.5028738652,"27":166925.9891060072,"28":180198.9318075144,"29":177370.9032863636,"30":174824.7269536131,"31":177354.0947276,"32":180031.1527116496,"33":165276.8073033213,"34":176635.425558926,"35":174993.1136365739,"36":167675.1268477841,"37":160630.2008121086,"38":166579.4596212519,"39":166649.1188913955,"40":167252.673107668,"41":156650.3547523429,"42":137163.791302177,"43":145577.4660013245,"44":164634.3374461791,"45":162855.4053757707,"46":152813.0067041993,"47":146082.1415553834,"48":135721.0918807715,"49":143967.680065445,"50":162584.2498717355,"51":152593.0741779339,"52":154001.9030909435,"53":157048.3022813164,"54":158297.2410652716,"55":166122.107612765,"56":167524.1606305178,"57":159445.6304858431,"58":156909.1718933264,"59":144085.8329203762}}