{"0":{"0":179377.1285957207,"1":198831.0414085237,"2":201523.038946643,"3":211916.7817459126,"4":224222.6603365376,"5":206263.630310194,"6":212248.2491550841,"7":224842.1810931834,"8":222177.4991448571,"9":208863.9422028047,"10":223040.7199391623,"11":230592.3574118211,"12":226107.6001277927,"13":227631.6800718758,"14":201605.6669869652,"15":127014.2335492338,"16":130875.9080939749,"17":123007.4153850739,"18":143219.9436283204,"19":151050.3318278901,"20":122984.4263207311,"21":106976.169047439,"22":106965.2939967227,"23":106381.6526631156,"24":122326.5045935021,"25":109914.3030035509,"26":120470.3018203453,"27":115021.4154552637,"28":119026.7825419177,"29":125125.9514905525,"30":125083.9849415151,"31":125768.1822059368,"32":120530.2715749236,"33":122077.9682739802,"34":128468.9115934419,"35":165214.0530265604,"36":160359.5559495644,"37":161935.7840395098,"38":206176.9642161791,"39":213621.3645243636,"40":230395.9803154611,"41":206598.3467145629,"42":218137.5978872037,"43":212995.3354978568,"44":202324.1594162065,"45":198167.7827482546,"46":197087.6781750805,"47":223999.5019626111,"48":198179.8533517405,"49":176282.1743018921,"50":195111.4370890668,"51":200037.3637958752,"52":212849.199059359,"53":229004.8329125941,"54":201064.637368989,"55":212994.9917774613,"56":224269.0440992596,"57":224832.3837985088,"58":210624.8840994213,"59":224181.1921298484}}